日期,单元键,月份_x,星期_x,CPC预测,CPC下限,CPC上限,CTR预测,CTR下限,CTR上限,展位预测,展位下限,展位上限,月份_y,星期_y,注册率预测,注册率下限,注册率上限,参考预算,同期CPC,同期CTR,同期展位
2026-09-11,495403620_8878077181,9,4,0.6776633964897383,0.46530648996565843,1.038362081435162,0.6766815240076366,0.437242774596772,0.8720936331321385,1.357224589325837,1.0,1.6619867441963114,9,4,0.12164750140735366,0.09182918760446235,0.16054160597588862,875.6,0.7089878542510122,0.7480314960629921,1.2071471835251364
2026-09-11,495403620_9628223555,9,4,0.8366190026784509,0.5744507576937935,1.2819247040481998,0.012260661197866651,0.005241378420975704,0.027124086533175877,3.727615131481388,3.3630966355904555,4.0,9,4,0.12164750140735366,0.09182918760446235,0.16054160597588862,51.62,0.8065625,0.012429597980190329,3.810642843270538
2026-09-11,495817671_9630806627,9,4,0.8448759426015778,0.580120250473526,1.2945765506275997,0.01252959509774921,0.005354523050073537,0.02773904768510795,3.724700363960036,3.360181868069103,4.0,9,4,0.12164750140735366,0.09182918760446235,0.16054160597588862,41.9,0.838,0.013642564802182811,3.783901773533424
2026-09-11,500635396_9657930100,9,4,2.1341487095055243,1.4653783135235232,3.2700882290133815,0.035096727129381576,0.015181921548895935,0.07576071255925501,3.046146905455238,2.6816284095643055,3.3509090603257126,9,4,0.12164750140735366,0.09182918760446235,0.16054160597588862,4794.35,2.950369230769231,0.03806601232167537,2.8802618941647733
2026-09-11,500635396_9700005700,9,4,1.101404649031299,0.7562614919549845,1.6876473331665653,0.01843248040719887,0.00790885492360171,0.040463186636176256,3.5351378915620018,3.170619395671069,3.839900046432476,9,4,0.12164750140735366,0.09182918760446235,0.16054160597588862,0.0,,,
2026-09-11,500635396_9773660250,9,4,1.0430218696897613,0.7161739112024038,1.5981892562052449,0.0004136796197839557,0.00017733380601884274,0.000909879918863843,3.8050694632004314,3.4405509673094987,4.0,9,4,0.12164750140735366,0.09182918760446235,0.16054160597588862,0.0,,0.0,3.9680851063829787
2026-09-11,525368335_9811363528,9,4,0.6762404766124834,0.46432946529969976,1.0361817865378498,0.0036381055468740916,0.0015478996742561216,0.008130550601699146,3.880637988059105,3.516119492168172,4.0,9,4,0.12164750140735366,0.09182918760446235,0.16054160597588862,47.04,0.672,0.0034173013083382154,3.95298769771529
2026-09-11,63563817_1841014603,9,4,1.023842880934586,0.7030049721908123,1.5688019013815928,0.03677879509694916,0.01591944720115935,0.0792909096023621,3.5361721992579835,3.171653703367051,3.840934354128458,9,4,0.12164750140735366,0.09182918760446235,0.16054160597588862,30.95,0.9983870967741936,0.04046997389033943,3.573107049608355
2026-09-11,63563817_2526158329,9,4,1.2350388215261088,0.8480192112963552,1.892410727827321,0.000516968039392659,0.00022280428433788058,0.0011244163768443659,3.8913702443848703,3.5268517484939377,4.0,9,4,0.12164750140735366,0.09182918760446235,0.16054160597588862,0.0,,0.0,3.9274193548387095
2026-09-11,63563817_2874903000,9,4,1.2057100265664151,0.8278810738252924,1.8474711475901673,0.027253520803366967,0.011720746251783156,0.05953975302825523,3.5625189040770477,3.198000408186115,3.867281058947522,9,4,0.12164750140735366,0.09182918760446235,0.16054160597588862,19.98,1.24875,0.033126293995859216,3.5527950310559007
2026-09-11,63563817_4190988309,9,4,1.0456045629834836,0.7179472753200244,1.6021466350426878,0.007901423458147433,0.0033673434391081557,0.017596170977238083,3.812396122212854,3.4478776263219215,3.9996065303070396,9,4,0.12164750140735366,0.09182918760446235,0.16054160597588862,13.33,0.9521428571428572,0.009283819628647215,3.812002652519894
2026-09-11,63563817_4190988310,9,4,1.2721458907644012,0.8734981736095335,1.949268710492193,0.02603652818396061,0.01121537633386772,0.05669176053682435,3.7198014390442538,3.355282943153321,4.0,9,4,0.12164750140735366,0.09182918760446235,0.16054160597588862,23.61,1.2426315789473683,0.02695035460992908,3.7361702127659573
2026-09-12,495403620_8878077181,9,5,0.6833591575692041,0.4692173911730979,1.047089515085064,0.681741018732403,0.4422681279403546,0.8757761621705581,1.367473935221516,1.0029554393305833,1.6722360900919904,9,5,0.1162520589302086,0.08775627945829563,0.15342108981065458,795.66,0.7104107142857142,0.7531943510423672,1.2128446536650974
2026-09-12,495403620_9628223555,9,5,0.84001721692439,0.5767840859377563,1.287131679717616,0.013942794600451424,0.0059612687389918075,0.030836839772220775,3.7201519642940184,3.3556334684030857,4.0,9,5,0.1162520589302086,0.08775627945829563,0.15342108981065458,64.9,0.8012345679012346,0.015774099318403116,3.780915287244401
2026-09-12,495817671_9630806627,9,5,0.8560533792141286,0.5877950545487354,1.3117033814498595,0.01295934308561376,0.00553887064037113,0.02868283256761451,3.7211636015325356,3.356645105641603,4.0,9,5,0.1162520589302086,0.08775627945829563,0.15342108981065458,44.93,0.8477358490566038,0.014324324324324324,3.762027027027027
2026-09-12,500635396_9657930100,9,5,2.141028453077178,1.470102176948598,3.2806298414006023,0.035042785849324874,0.015163884969129286,0.07559035724207747,3.055840811622793,2.69132231573186,3.3606029664932673,9,5,0.1162520589302086,0.08775627945829563,0.15342108981065458,4587.95,2.925988520408163,0.03726678550207962,2.8848484848484848
2026-09-12,500635396_9700005700,9,5,1.1177538614984621,0.7674874113512578,1.7126987117346957,0.018776860267844742,0.008058232693010389,0.041201895708007,3.549939113213399,3.185420617322466,3.8547012680838733,9,5,0.1162520589302086,0.08775627945829563,0.15342108981065458,0.0,,,
2026-09-12,500635396_9773660250,9,5,1.0585044502022494,0.7268047719382701,1.6219127221770093,0.00041759781607423154,0.00017904622309974008,0.0009181449246172732,3.749480152413588,3.3849616565226555,4.0,9,5,0.1162520589302086,0.08775627945829563,0.15342108981065458,0.0,,0.0,3.8421052631578947
2026-09-12,525368335_9811363528,9,5,0.6913910861079591,0.47473238356516473,1.0593965838726673,0.003548915676175488,0.0015100161598695819,0.007930504181403328,3.8815059007070216,3.516987404816089,4.0,9,5,0.1162520589302086,0.08775627945829563,0.15342108981065458,47.76,0.6921739130434782,0.003191194154102303,3.939922301359726
2026-09-12,63563817_1841014603,9,5,1.0510007817226648,0.7216525006776601,1.610415089486177,0.038830312660018525,0.016813495303224124,0.0836522717233962,3.530082015906811,3.1655635200158785,3.8348441707772856,9,5,0.1162520589302086,0.08775627945829563,0.15342108981065458,37.32,1.0366666666666666,0.04428044280442804,3.5461254612546127
2026-09-12,63563817_2526158329,9,5,1.0591353393426954,0.7272379616501817,1.6228794135527305,0.03363802332169839,0.01450149811177074,0.0731208040920559,3.8233590501316397,3.458840554240707,3.9532366945492114,9,5,0.1162520589302086,0.08775627945829563,0.15342108981065458,1.79,0.895,0.0425531914893617,3.776595744680851
2026-09-12,63563817_2874903000,9,5,1.1132977221497937,0.7644276761348253,1.7058707110588194,0.021618662562761477,0.00929965847440242,0.04720564848904349,3.606371161385969,3.241852665495036,3.9111333162564432,9,5,0.1162520589302086,0.08775627945829563,0.15342108981065458,11.54,1.049090909090909,0.020484171322160148,3.625698324022346
2026-09-12,63563817_4190988309,9,5,1.0622542827980215,0.7293795331724399,1.62765847146692,0.005528853862366044,0.002356400399109286,0.012310614827471079,3.8362861130983084,3.4717676172073757,4.0,9,5,0.1162520589302086,0.08775627945829563,0.15342108981065458,5.81,0.9683333333333333,0.0044609665427509295,3.844981412639405
2026-09-12,63563817_4190988310,9,5,1.341765719074713,0.9213014902869356,2.055944960394305,0.021248697356106107,0.009155486987161184,0.04624070778355181,3.7600603397133883,3.3955418438224556,4.0,9,5,0.1162520589302086,0.08775627945829563,0.15342108981065458,19.07,1.362142857142857,0.01761006289308176,3.80188679245283
2026-09-13,495403620_8878077181,9,6,0.6601612211025889,0.4532889074337663,1.011544054434173,0.6372636241088608,0.40340412967396194,0.835436776762645,1.3681427570006786,1.003624261109746,1.672904911871153,9,6,0.11179948718100376,0.08439512496067153,0.14754490648530594,687.78,0.696838905775076,0.6975265017667844,1.1908127208480566
2026-09-13,495403620_9628223555,9,6,0.8369529306495307,0.574680043874705,1.282436371263658,0.011796398968177033,0.005039662605469295,0.02613264478318525,3.7420125930223964,3.3774940971314638,4.0,9,6,0.11179948718100376,0.08439512496067153,0.14754490648530594,58.52,0.8360000000000001,0.012669683257918552,3.801266968325792
2026-09-13,495817671_9630806627,9,6,0.8310620814048459,0.5706351885687231,1.2734100102194927,0.010336366024146783,0.004414540948184317,0.022913264543187678,3.749776669599469,3.3852581737085363,4.0,9,6,0.11179948718100376,0.08439512496067153,0.14754490648530594,32.75,0.8397435897435898,0.010225485055060305,3.795883586785527
2026-09-13,500635396_9657930100,9,6,2.1095254897726057,1.4484711823357888,3.232358852119264,0.03321894246495106,0.014345100354266227,0.07195864198781414,3.0654788490073304,2.7009603531163977,3.370241003877805,9,6,0.11179948718100376,0.08439512496067153,0.14754490648530594,4439.45,2.985507733691997,0.03747196532520223,2.8807549832421944
2026-09-13,500635396_9700005700,9,6,1.063470073986238,0.7302143363110638,1.629521389658055,0.016748537641201273,0.007179290948105842,0.036842120066731425,3.5733086895887647,3.208790193697832,3.878070844459239,9,6,0.11179948718100376,0.08439512496067153,0.14754490648530594,0.0,,,
2026-09-13,500635396_9773660250,9,6,1.0070981141252777,0.6915074518736577,1.5431444274685493,0.0003940007248817198,0.00016874689733748614,0.0008682284909212434,3.7959946619635003,3.4314761660725677,4.0,9,6,0.11179948718100376,0.08439512496067153,0.14754490648530594,0.0,,0.0,3.911764705882353
2026-09-13,525368335_9811363528,9,6,0.6553569257832751,0.449990116613179,1.0041825854313722,0.0034532758284416946,0.0014689566107724357,0.007720919642624225,3.899603970788549,3.5350854748976164,4.0,9,6,0.11179948718100376,0.08439512496067153,0.14754490648530594,48.37,0.6536486486486486,0.0033930945939749644,3.952748865147416
2026-09-13,63563817_1841014603,9,6,1.0178844201049255,0.6989136924955998,1.5596719412549505,0.0366090467204302,0.01581803482442092,0.07921007594035374,3.4960625640332252,3.1315440681422926,3.8008247189036997,9,6,0.11179948718100376,0.08439512496067153,0.14754490648530594,35.77,1.022,0.0440251572327044,3.4547169811320755
2026-09-13,63563817_2526158329,9,6,1.1925016187823656,0.8188117366058604,1.8272323242006587,0.0004923780958574413,0.00021191381143088734,0.0010739953005898149,3.865664884897816,3.5011463890068835,3.972172952940022,9,6,0.11179948718100376,0.08439512496067153,0.14754490648530594,0.0,,0.0,3.8378378378378377
2026-09-13,63563817_2874903000,9,6,1.1160915398486708,0.7663460053729135,1.710151589111232,0.02127071013727383,0.009136897781703374,0.046584415547913746,3.5930855754412665,3.228567079550334,3.897847730311741,9,6,0.11179948718100376,0.08439512496067153,0.14754490648530594,12.19,1.1081818181818182,0.022222222222222223,3.5757575757575757
2026-09-13,63563817_4190988309,9,6,1.036495654163096,0.7116927920284869,1.5881893436037013,0.005888466723485464,0.0025085834242574634,0.013123457744365583,3.85388928587538,3.4893707899844473,4.0,9,6,0.11179948718100376,0.08439512496067153,0.14754490648530594,9.69,0.969,0.005681818181818182,3.856818181818182
2026-09-13,63563817_4190988310,9,6,1.2839295607274916,0.8815892379016895,1.967324453407038,0.01889650287482033,0.00812893188989814,0.04125891242952158,3.780376199759763,3.4158577038688303,4.0,9,6,0.11179948718100376,0.08439512496067153,0.14754490648530594,14.42,1.3109090909090908,0.015602836879432624,3.8191489361702127
2026-09-14,495403620_8878077181,9,0,0.6361588596789525,0.43680807845175035,0.9747659989920363,0.645501512588494,0.4056088538007848,0.8515918249541579,1.3592025914409316,1.0,1.663964746311406,9,0,0.11757945755483325,0.08875830527811401,0.15517289485804164,593.84,0.6518551042810099,0.7195892575039494,1.1445497630331753
2026-09-14,495403620_9628223555,9,0,0.8258687857100662,0.5670692970013034,1.2654524883065892,0.01260453631267151,0.005383742067498897,0.027935834976965206,3.7621011754898483,3.3975826795989157,4.0,9,0,0.11757945755483325,0.08875830527811401,0.15517289485804164,53.3,0.82,0.014973508408200876,3.8130615065653077
2026-09-14,495817671_9630806627,9,0,0.8279037569912316,0.5684665767554186,1.2685706101147276,0.011096731934212999,0.004738301695388773,0.02460965395803549,3.756874403840113,3.3923559079491805,4.0,9,0,0.11757945755483325,0.08875830527811401,0.15517289485804164,34.42,0.8395121951219513,0.012202380952380952,3.7816964285714287
2026-09-14,500635396_9657930100,9,0,2.1363761289209524,1.4669077346420945,3.273501232980268,0.035200743820670295,0.015192103888439595,0.0763424509661389,3.045499254847488,2.6809807589565553,3.3502614097179624,9,0,0.11757945755483325,0.08875830527811401,0.15517289485804164,4441.75,3.084548611111111,0.04349139232860163,2.812413168227122
2026-09-14,500635396_9700005700,9,0,1.0556932227530658,0.7248744885798203,1.6176051677176084,0.01617789254761922,0.006932384182647289,0.03561165529850898,3.6016913162841524,3.2371728203932197,3.906453471154627,9,0,0.11757945755483325,0.08875830527811401,0.15517289485804164,0.0,,,
2026-09-14,500635396_9773660250,9,0,0.99973349484511,0.6864506564720778,1.531859855446002,0.00038712083706909597,0.0001657500738707042,0.0008536124376240224,3.717939986006381,3.353421490115448,4.0,9,0,0.11757945755483325,0.08875830527811401,0.15517289485804164,0.0,,0.0,3.727272727272727
2026-09-14,525368335_9811363528,9,0,0.6740473221526895,0.4628235716526098,1.0328212856732955,0.0035064302337753364,0.00149146314060006,0.007840943129990625,3.903473717615401,3.538955221724468,4.0,9,0,0.11757945755483325,0.08875830527811401,0.15517289485804164,42.49,0.6965573770491804,0.0036234036234036233,3.932105732105732
2026-09-14,63563817_1841014603,9,0,1.022376859277366,0.701998352392446,1.5665555629969237,0.032034974680792846,0.013833389573246887,0.06939838873505498,3.5400382439577385,3.175519748066806,3.844800398828213,9,0,0.11757945755483325,0.08875830527811401,0.15517289485804164,22.85,1.0386363636363638,0.03492063492063492,3.5142857142857142
2026-09-14,63563817_2526158329,9,0,1.1837811969186587,0.8128240015305416,1.8138702989764908,0.00048378121193674124,0.00020811646561388179,0.0010562680129105595,3.9609372793265907,3.596418783435658,4.0,9,0,0.11757945755483325,0.08875830527811401,0.15517289485804164,0.0,,0.0,4.0
2026-09-14,63563817_2874903000,9,0,1.1323422977907487,0.7775043225794772,1.7350521089401651,0.021121665886081813,0.00906922512189148,0.04629687201591564,3.5379548019411002,3.1734363060501676,3.8427169568115747,9,0,0.11757945755483325,0.08875830527811401,0.15517289485804164,12.64,1.1490909090909092,0.02268041237113402,3.4371134020618554
2026-09-14,63563817_4190988309,9,0,1.2157655510220373,0.8347855352635903,1.8628789080767851,0.006722581860133519,0.0028635827099803457,0.014986318669803392,3.8533985021790134,3.4888800062880807,3.974055485551048,9,0,0.11757945755483325,0.08875830527811401,0.15517289485804164,13.43,1.343,0.007668711656441718,3.8274539877300615
2026-09-14,63563817_4190988310,9,0,1.245150761127561,0.8549624092720298,1.9079049314486158,0.027375802219709717,0.01177125573303094,0.059828863828926826,3.788448329575196,3.423929833684263,4.0,9,0,0.11757945755483325,0.08875830527811401,0.15517289485804164,31.05,1.242,0.03387533875338753,3.8069105691056913
2026-09-15,495403620_8878077181,9,1,0.6639458947471649,0.4558875917043721,1.0173431895556673,0.6555071277552498,0.4233113259469235,0.8452109897979323,1.4393791706542358,1.0748606747633032,1.7441413255247102,9,1,0.13258216489586677,0.10008353934421485,0.17497238685459635,167.74,0.6682868525896415,0.7110481586402266,1.3356940509915014
2026-09-15,495403620_9628223555,9,1,0.8051288179193875,0.5528285372603019,1.2336732949259512,0.010037427459462003,0.004290872956079783,0.022206566361374646,3.777857529675156,3.4133390337842235,4.0,9,1,0.13258216489586677,0.10008353934421485,0.17497238685459635,14.67,0.7335,0.008350730688935281,3.875365344467641
2026-09-15,495817671_9630806627,9,1,0.8905342851504879,0.611470804773982,1.3645373775654965,0.01166583074324878,0.004985301678252362,0.02582778148173244,3.776660587335357,3.4121420914444243,4.0,9,1,0.13258216489586677,0.10008353934421485,0.17497238685459635,17.37,0.9142105263157895,0.011860174781523096,3.852059925093633
2026-09-15,500635396_9657930100,9,1,1.538953583542397,1.056697312983804,2.3580896570726657,0.029592441548282927,0.012800256781573517,0.06388569825693782,3.2817423504602767,2.917223854569344,3.586504505330751,9,1,0.13258216489586677,0.10008353934421485,0.17497238685459635,304.31,1.5064851485148516,0.027135948414830736,3.315690488984417
2026-09-15,500635396_9700005700,9,1,1.1216570929034704,0.7701675013693934,1.7186795091438836,0.018382008111151326,0.007886967152674928,0.0403548694132006,3.570900186752435,3.206381690861502,3.8756623416229092,9,1,0.13258216489586677,0.10008353934421485,0.17497238685459635,0.0,,,
2026-09-15,500635396_9773660250,9,1,1.0622007808119522,0.7293427969085763,1.627576492074343,0.00041310247518021174,0.00017708164658563724,0.0009086616987246829,3.748908057604159,3.3843895617132262,4.0,9,1,0.13258216489586677,0.10008353934421485,0.17497238685459635,0.0,,0.0,3.82
2026-09-15,525368335_9811363528,9,1,0.6899819851804504,0.47376484745508013,1.057237463312786,0.002412464274704804,0.00102642142653173,0.005391521575525729,3.9037565597144344,3.5392380638235017,4.0,9,1,0.13258216489586677,0.10008353934421485,0.17497238685459635,15.8,0.6869565217391305,0.0015060240963855422,3.963462545835516
2026-09-15,63563817_1841014603,9,1,0.9742997046148951,0.6689869603069224,1.4928884671446256,0.03066493421555127,0.013272403119635975,0.06611724289281769,3.574709853396985,3.2101913575060523,3.8794720082674594,9,1,0.13258216489586677,0.10008353934421485,0.17497238685459635,7.99,0.8877777777777778,0.02821316614420063,3.614420062695925
2026-09-15,63563817_2526158329,9,1,1.2577485081384807,0.8636124462571915,1.927208058746639,0.0005162468665029419,0.00022248426914406774,0.0011229437215686216,3.945541714560732,3.5810232186697992,4.0,9,1,0.13258216489586677,0.10008353934421485,0.17497238685459635,0.0,,0.0,4.0
2026-09-15,63563817_2874903000,9,1,1.032958746664786,0.7092642323307123,1.582769852672344,0.022467409815515562,0.009662070232170814,0.0490873478869769,3.651460163262958,3.2869416673720253,3.9562223181334324,9,1,0.13258216489586677,0.10008353934421485,0.17497238685459635,3.6,0.9,0.022598870056497175,3.694915254237288
2026-09-15,63563817_4190988309,9,1,0.749192864657092,0.5144210296242362,1.1479644117881609,0.004618765243148172,0.0019683543773981087,0.010286052084658052,3.8753888211315894,3.510870325240657,4.0,9,1,0.13258216489586677,0.10008353934421485,0.17497238685459635,0.96,0.48,0.003179650238473768,3.9022257551669317
2026-09-15,63563817_4190988310,9,1,1.1303439683982903,0.7761322023790702,1.7319901323333506,0.017763951428358484,0.007651613205716104,0.038682303602884466,3.772317145528458,3.407798649637525,4.0,9,1,0.13258216489586677,0.10008353934421485,0.17497238685459635,2.89,0.9633333333333334,0.012552301255230125,3.805439330543933
2026-09-16,495403620_8878077181,9,2,0.6497198478356588,0.44611950921863036,0.995545070079032,0.6403079432729863,0.4185768321512888,0.8175060014469082,1.399015987843295,1.0344974919523624,1.7037781427137695,9,2,0.12820967198924388,0.09678283471176294,0.16920188581490145,122.72,0.6562566844919786,0.6702508960573477,1.2741935483870968
2026-09-16,495403620_9628223555,9,2,0.8140201165162693,0.558933602050258,1.2472971491366744,0.007845164826408705,0.003355088185750888,0.017341355104214234,3.7656233903901066,3.401104894499174,4.0,9,2,0.12820967198924388,0.09678283471176294,0.16920188581490145,6.92,0.7688888888888888,0.004810261892036344,3.8701229289150185
2026-09-16,495817671_9630806627,9,2,0.7829235259077049,0.5375816366041071,1.1996488318199887,0.01010307849615127,0.004319162051036407,0.022349355443984222,3.7702812591712744,3.4057627632803418,4.0,9,2,0.12820967198924388,0.09678283471176294,0.16920188581490145,9.42,0.7246153846153847,0.008397932816537468,3.858527131782946
2026-09-16,500635396_9657930100,9,2,1.415075708439884,0.971638595710696,2.1682755267809783,0.0285713327074601,0.012372048333955776,0.06154439622291126,3.342869445777159,2.9783509498862264,3.6476316006476335,9,2,0.12820967198924388,0.09678283471176294,0.16920188581490145,241.64,1.3061621621621622,0.023901808785529714,3.4571705426356587
2026-09-16,500635396_9700005700,9,2,1.0937956001315692,0.7510368629520753,1.6759882294076907,0.01945624036428918,0.0083530953194265,0.042657379780146776,3.5516743237349577,3.187155827844025,3.856436478605432,9,2,0.12820967198924388,0.09678283471176294,0.16920188581490145,0.0,,,
2026-09-16,500635396_9773660250,9,2,1.0358161579498144,0.7112262270648413,1.5871481731553558,0.0004252293944220562,0.00018238418872271484,0.0009342156343184349,3.8292951260954204,3.464776630204488,4.0,9,2,0.12820967198924388,0.09678283471176294,0.16920188581490145,0.0,,0.0,4.0
2026-09-16,525368335_9811363528,9,2,0.631653162448089,0.4337143151258854,0.9678620623485779,0.0026930778521297495,0.0011459644741499868,0.006016943873344297,3.894371469427631,3.5298529735366984,4.0,9,2,0.12820967198924388,0.09678283471176294,0.16920188581490145,15.35,0.5903846153846154,0.0017717206132879047,3.9639182282793866
2026-09-16,63563817_1841014603,9,2,1.076512921238167,0.7391699940983812,1.6495065299068965,0.031931522279307796,0.013836162310148824,0.06869075378924173,3.4944571384741683,3.1299386425832356,3.7992192933446427,9,2,0.12820967198924388,0.09678283471176294,0.16920188581490145,7.78,1.1114285714285714,0.028925619834710745,3.4731404958677685
2026-09-16,63563817_2526158329,9,2,1.2265065615666817,0.8421606745157637,1.8793370171079447,0.0005314000535994969,0.00022921644657059002,0.0011538083258674449,3.920928783051994,3.5564102871610612,4.0,9,2,0.12820967198924388,0.09678283471176294,0.16920188581490145,0.0,,0.0,3.97
2026-09-16,63563817_2874903000,9,2,1.3310672462739297,0.9139555588810021,2.0395520305959103,0.025897621727740697,0.011145672325442519,0.05649277202780692,3.6401342854866394,3.2756157895957068,3.944896440357114,9,2,0.12820967198924388,0.09678283471176294,0.16920188581490145,6.13,1.5325,0.028368794326241134,3.6914893617021276
2026-09-16,63563817_4190988309,9,2,1.046276962409603,0.7184089673908124,1.6031769313096516,0.006720282296943836,0.002864603220122306,0.014958827095763216,3.868160627301706,3.5036421314107735,4.0,9,2,0.12820967198924388,0.09678283471176294,0.16920188581490145,3.84,0.96,0.006359300476947536,3.9069952305246423
2026-09-16,63563817_4190988310,9,2,1.2332866221928016,0.8468160922763157,1.889725888486364,0.02819022800948419,0.012152936574044043,0.06127856480502272,3.702798920005238,3.338280424114305,3.982829822509732,9,2,0.12820967198924388,0.09678283471176294,0.16920188581490145,5.88,1.176,0.029940119760479042,3.68562874251497
2026-09-17,495403620_8878077181,9,3,0.6634722294701156,0.45556235718731825,1.0166174073081264,0.6512876954685162,0.42378547922216275,0.8346231983222888,1.4470807045948002,1.0825622087038675,1.7518428594652746,9,3,0.1172718509075811,0.08852609937012496,0.154766937772303,151.36,0.6552380952380953,0.6957831325301205,1.3930722891566265
2026-09-17,495403620_9628223555,9,3,0.8798051235879945,0.6041038014316464,1.348097424353041,0.008689271263729391,0.003715491139614079,0.01921366723509578,3.7485777369945694,3.3840592411036368,4.0,9,3,0.1172718509075811,0.08852609937012496,0.154766937772303,8.6,0.86,0.006035003017501509,3.858780929390465
2026-09-17,495817671_9630806627,9,3,0.66519059033949,0.4567422415794289,1.0192503970464284,0.009480926335087424,0.0040525733496992655,0.020979788276202303,3.7644667172284056,3.399948221337473,4.0,9,3,0.1172718509075811,0.08852609937012496,0.154766937772303,6.01,0.5008333333333334,0.007556675062972292,3.869647355163728
2026-09-17,500635396_9657930100,9,3,1.4224819468363876,0.9767239681979472,2.179623870452533,0.027186880072360864,0.011767597452955041,0.058612393838437436,3.3221857135295307,2.957667217638598,3.626947868400005,9,3,0.1172718509075811,0.08852609937012496,0.154766937772303,238.85,1.2637566137566136,0.022100093545369504,3.4385523854069224
2026-09-17,500635396_9700005700,9,3,1.1423626738671213,0.784384649957914,1.750406012682527,0.019041487594098374,0.008173057779103344,0.04176911166347678,3.528925016468438,3.164406520577505,3.8336871713389122,9,3,0.1172718509075811,0.08852609937012496,0.154766937772303,0.0,,,
2026-09-17,500635396_9773660250,9,3,1.081808809331456,0.742806329058634,1.6576212508909134,0.0004205856405393452,0.0001803526451973166,0.00092444104707051,3.81792047246216,3.4534019765712274,4.0,9,3,0.1172718509075811,0.08852609937012496,0.154766937772303,0.0,,0.0,4.0
2026-09-17,525368335_9811363528,9,3,0.7229170721374923,0.49637918635559797,1.1077028501436352,0.0024048646364418897,0.0010232710730511485,0.005373600242651853,3.884841844780855,3.520323348889922,4.0,9,3,0.1172718509075811,0.08852609937012496,0.154766937772303,17.03,0.7404347826086957,0.0014438166980539863,3.967608286252354
2026-09-17,63563817_1841014603,9,3,1.1043872800386576,0.7583094667638436,1.6922175238497223,0.017522492968691156,0.007589328502862537,0.037727485861831646,3.594306354554083,3.2297878586631503,3.8990685094245574,9,3,0.1172718509075811,0.08852609937012496,0.154766937772303,3.36,1.1199999999999999,0.008823529411764706,3.695588235294118
2026-09-17,63563817_2526158329,9,3,1.2809663112727347,0.8795545711189952,1.962783960460848,0.0005255974636356569,0.00022663649245670413,0.0011420089575353719,3.9245541294187336,3.560035633527801,4.0,9,3,0.1172718509075811,0.08852609937012496,0.154766937772303,0.0,,0.0,4.0
2026-09-17,63563817_2874903000,9,3,0.9127633985624451,0.6267340620051448,1.3985983414458845,0.026383817667681976,0.011351595578387155,0.057588317537117566,3.630759311904571,3.2662408160136382,3.9355214667750453,9,3,0.1172718509075811,0.08852609937012496,0.154766937772303,2.76,0.69,0.03007518796992481,3.6954887218045114
2026-09-17,63563817_4190988309,9,3,1.3365665625141772,0.9177315744518821,2.0479784580631044,0.003408956782737766,0.001452981206414886,0.0075895094482331445,3.865725754065558,3.501207258174625,4.0,9,3,0.1172718509075811,0.08852609937012496,0.154766937772303,1.5,1.5,0.001669449081803005,3.9248747913188646
2026-09-17,63563817_4190988310,9,3,1.294211094484476,0.8886488849310364,1.983078520761936,0.017610179586907887,0.007589337659047369,0.03830610940433225,3.762300371304969,3.3977818754140365,4.0,9,3,0.1172718509075811,0.08852609937012496,0.154766937772303,3.72,1.24,0.011904761904761904,3.8273809523809526
