日期,消费,点击,展现,新注册数,CPA,CTR,星期,月份,是否周末,三态标签
2025-01-01,937.45,359,2761,102,9.190686274509805,0.13002535313292285,星期三,1,0,放假
2025-01-02,3330.7699999999995,1201,13316,284,11.728063380281688,0.09019224992490238,星期四,1,0,正常
2025-01-03,3252.7,1207,10051,289,11.255017301038063,0.12008755347726595,星期五,1,0,正常
2025-01-04,2895.55,1088,8526,299,9.684113712374582,0.12760966455547737,星期六,1,1,正常
2025-01-05,2868.9,1089,7546,298,9.627181208053692,0.14431486880466474,星期日,1,1,正常
2025-01-06,711.6300000000001,347,3515,109,6.528715596330276,0.09871977240398293,星期一,1,0,正常
2025-01-07,596.8199999999999,300,3035,116,5.145,0.09884678747940692,星期二,1,0,正常
2025-01-08,2860.9,1095,7772,267,10.71498127340824,0.14089037570766855,星期三,1,0,正常
2025-01-09,3174.3199999999997,1186,10152,285,11.137964912280701,0.11682427107959023,星期四,1,0,正常
2025-01-10,4556.95,1765,16584,279,16.3331541218638,0.1064278822961891,星期五,1,0,正常
2025-01-11,4993.379999999999,1878,20840,236,21.158389830508472,0.0901151631477927,星期六,1,1,正常
2025-01-12,4799.78,1880,19978,260,18.460692307692305,0.09410351386525177,星期日,1,1,正常
2025-01-13,839.02,423,8611,64,13.1096875,0.049123214493090234,星期一,1,0,正常
2025-01-14,788.7099999999999,402,8403,57,13.837017543859648,0.047840057122456266,星期二,1,0,正常
2025-01-15,6368.61,2419,25764,262,24.30767175572519,0.09389070020183202,星期三,1,0,正常
2025-01-16,7534.4,2854,30219,241,31.263070539419086,0.09444389291505344,星期四,1,0,正常
2025-01-17,7197.6900000000005,2670,32595,292,24.649623287671236,0.08191440404970088,星期五,1,0,正常
2025-01-18,4692.9,1689,15427,353,13.294334277620395,0.10948337330654048,星期六,1,1,正常
2025-01-19,4978.52,1744,22795,360,13.829222222222224,0.07650800614169774,星期日,1,1,正常
2025-01-20,2492.9300000000003,1170,14042,345,7.225884057971015,0.0833214641788919,星期一,1,0,正常
2025-01-21,1183.02,568,9566,375,3.1547199999999997,0.059376960066903614,星期二,1,0,正常
2025-01-22,4317.639999999999,1498,17997,308,14.018311688311686,0.08323609490470633,星期三,1,0,正常
2025-01-23,5633.33,2100,18498,314,17.940541401273887,0.11352578657152125,星期四,1,0,正常
2025-01-24,5363.98,1988,24731,308,17.415519480519478,0.08038494197565808,星期五,1,0,正常
2025-01-25,6020.49,2321,25415,325,18.524584615384615,0.0913240212472949,星期六,1,1,正常
2025-01-26,6023.3,2256,24450,335,17.98,0.09226993865030675,星期日,1,1,补班
2025-01-27,2505.41,1195,11929,187,13.397914438502672,0.10017604157934445,星期一,1,0,正常
2025-01-28,1640.0,650,6494,77,21.2987012987013,0.10009239297813366,星期二,1,0,放假
2025-01-29,638.08,247,2664,40,15.952000000000002,0.09271771771771772,星期三,1,0,放假
2025-01-30,608.5699999999999,244,1769,42,14.489761904761902,0.13793103448275862,星期四,1,0,放假
2025-01-31,721.31,274,2426,40,18.03275,0.11294311624072548,星期五,1,0,放假
2025-02-01,803.04,313,2923,43,18.675348837209302,0.10708176530961341,星期六,2,1,放假
2025-02-02,1155.04,479,3952,56,20.625714285714285,0.12120445344129555,星期日,2,1,放假
2025-02-03,1403.28,586,4305,72,19.49,0.13612078977932637,星期一,2,0,放假
2025-02-04,1806.3899999999999,739,5816,92,19.63467391304348,0.12706327372764786,星期二,2,0,放假
2025-02-05,2007.82,834,7261,125,16.062559999999998,0.11486021209199834,星期三,2,0,正常
2025-02-06,2043.97,785,6741,110,18.581545454545456,0.1164515650496959,星期四,2,0,正常
2025-02-07,2523.3399999999997,998,10649,112,22.529821428571427,0.09371771997370645,星期五,2,0,正常
2025-02-08,1938.27,921,10912,121,16.018760330578512,0.0844024926686217,星期六,2,1,补班
2025-02-09,6023.95,2261,25806,285,21.136666666666667,0.08761528326745718,星期日,2,1,正常
2025-02-10,6045.35,2308,23718,329,18.374924012158054,0.09731005987014082,星期一,2,0,正常
2025-02-11,6026.83,2322,23983,322,18.716863354037265,0.09681857982737772,星期二,2,0,正常
2025-02-12,5596.5,2133,23313,293,19.100682593856654,0.09149401621412946,星期三,2,0,正常
2025-02-13,4784.7699999999995,1880,19950,257,18.617782101167315,0.09423558897243108,星期四,2,0,正常
2025-02-14,2291.69,1048,10320,164,13.973719512195123,0.10155038759689923,星期五,2,0,正常
2025-02-15,4297.860000000001,1699,17921,219,19.624931506849318,0.09480497740081469,星期六,2,1,正常
2025-02-16,4163.5599999999995,1642,17025,217,19.18691244239631,0.09644640234948605,星期日,2,1,正常
2025-02-17,3486.36,1337,13811,185,18.84518918918919,0.0968068930562595,星期一,2,0,正常
2025-02-18,4774.400000000001,1912,20547,232,20.57931034482759,0.0930549471942376,星期二,2,0,正常
2025-02-19,6011.5,2365,24958,285,21.09298245614035,0.09475919544835323,星期三,2,0,正常
2025-02-20,7039.79,2708,27758,328,21.4627743902439,0.09755746091216946,星期四,2,0,正常
2025-02-21,9725.85,3781,37022,347,28.028386167146977,0.10212846415644752,星期五,2,0,正常
2025-02-22,11883.539999999999,5919,52726,423,28.093475177304963,0.11225960626635816,星期六,2,1,正常
2025-02-23,5409.82,2791,24063,654,8.271896024464832,0.1159872002659685,星期日,2,1,正常
2025-02-24,4136.360000000001,2082,15798,325,12.72726153846154,0.131788834029624,星期一,2,0,正常
2025-02-25,9347.93,4847,31163,434,21.53900921658986,0.15553701504989892,星期二,2,0,正常
2025-02-26,11830.61,5604,55080,765,15.464849673202615,0.10174291938997822,星期三,2,0,正常
2025-02-27,10743.59,5149,52985,743,14.459744279946165,0.09717844673020666,星期四,2,0,正常
2025-02-28,11046.39,5052,67483,847,13.041782762691852,0.07486329890490938,星期五,2,0,正常
2025-03-01,11748.529999999999,5710,51554,718,16.36285515320334,0.11075765217053962,星期六,3,1,正常
2025-03-02,7925.84,3966,29252,627,12.640893141945774,0.1355804731300424,星期日,3,1,正常
2025-03-03,6201.39,3128,23632,634,9.781372239747634,0.13236289776574137,星期一,3,0,正常
2025-03-04,8578.15,4063,39174,669,12.822346786248131,0.10371675090621331,星期二,3,0,正常
2025-03-05,8898.189999999999,4218,48108,793,11.22092055485498,0.08767772511848342,星期三,3,0,正常
2025-03-06,9476.79,4646,53527,876,10.818253424657534,0.08679731724176584,星期四,3,0,正常
2025-03-07,11087.039999999999,5517,49919,683,16.23285505124451,0.1105190408461708,星期五,3,0,正常
2025-03-08,11077.67,5029,68082,480,23.078479166666668,0.07386680767310008,星期六,3,1,正常
2025-03-09,5910.83,2843,35197,284,20.812781690140845,0.08077392959627241,星期日,3,1,正常
2025-03-10,4137.0,1940,18148,320,12.928125,0.10689883182719859,星期一,3,0,正常
2025-03-11,7027.45,2958,29758,556,12.63929856115108,0.09940184152160764,星期二,3,0,正常
2025-03-12,8650.55,3861,58638,623,13.885313001605136,0.06584467410211808,星期三,3,0,正常
2025-03-13,8223.18,3422,79377,314,26.188471337579617,0.04311072476913968,星期四,3,0,正常
2025-03-14,5448.18,2342,56701,464,11.74176724137931,0.04130438616602882,星期五,3,0,正常
2025-03-15,7132.08,3407,57870,461,15.470889370932754,0.058873336789355454,星期六,3,1,正常
2025-03-16,7194.849999999999,3413,64671,227,31.695374449339205,0.052774814058851725,星期日,3,1,正常
2025-03-17,8039.120000000001,3725,51124,269,29.885204460966545,0.0728620608716063,星期一,3,0,正常
2025-03-18,6559.960000000001,2403,36231,549,11.948925318761386,0.0663244183158069,星期二,3,0,正常
2025-03-19,14977.470000000001,5850,78823,480,31.2030625,0.0742169163822742,星期三,3,0,正常
2025-03-20,13076.08,4685,58483,255,51.27874509803922,0.08010874955115162,星期四,3,0,正常
2025-03-21,10645.3,5014,42840,406,26.219950738916253,0.11704014939309057,星期五,3,0,正常
2025-03-22,7048.21,4370,171082,119,59.228655462184875,0.02554330671841573,星期六,3,1,正常
2025-03-23,3228.01,2242,65862,46,70.17413043478261,0.03404087334122863,星期日,3,1,正常
2025-03-24,4139.45,3370,143062,67,61.78283582089552,0.023556220379975117,星期一,3,0,正常
2025-03-25,986.5899999999999,807,35431,68,14.508676470588235,0.0227766645028365,星期二,3,0,正常
2025-03-26,1077.56,979,39952,43,25.05953488372093,0.024504405286343612,星期三,3,0,正常
2025-03-27,987.1899999999999,1057,47022,45,21.937555555555555,0.022478839692059036,星期四,3,0,正常
2025-03-28,622.3,822,33805,55,11.314545454545454,0.02431592959621358,星期五,3,0,正常
2025-03-29,1003.5699999999999,1129,46190,61,16.451967213114752,0.024442520025979648,星期六,3,1,正常
2025-03-30,1009.59,740,50229,17,59.38764705882353,0.01473252503533815,星期日,3,1,正常
2025-03-31,855.91,649,40704,20,42.7955,0.01594437893081761,星期一,3,0,正常
2025-04-01,551.76,500,27666,39,14.147692307692308,0.018072724643967326,星期二,4,0,正常
2025-04-02,780.59,564,28455,40,19.51475,0.01982076963626779,星期三,4,0,正常
2025-04-03,554.22,386,21426,19,29.169473684210526,0.018015495192756463,星期四,4,0,正常
2025-04-04,304.24,207,12347,25,12.1696,0.016765206122944847,星期五,4,0,放假
2025-04-05,331.7,229,13004,28,11.846428571428572,0.01760996616425715,星期六,4,1,放假
2025-04-06,521.5,369,18335,45,11.588888888888889,0.020125443141532588,星期日,4,1,放假
2025-04-07,977.1199999999999,701,35947,75,13.028266666666665,0.019500931927560018,星期一,4,0,正常
2025-04-08,6652.91,3203,55625,176,37.800625,0.05758202247191011,星期二,4,0,正常
2025-04-09,3357.93,3441,30971,307,10.937882736156352,0.11110393594007296,星期三,4,0,正常
2025-04-10,3379.43,3434,32477,308,10.972175324675325,0.10573636727530253,星期四,4,0,正常
2025-04-11,3365.54,3331,32561,357,9.427282913165266,0.10230029790239857,星期五,4,0,正常
2025-04-12,3363.24,3438,32789,363,9.265123966942149,0.10485223703071152,星期六,4,1,正常
2025-04-13,962.8,1639,10222,164,5.870731707317073,0.16034044218352572,星期日,4,1,正常
2025-04-14,875.71,1378,7811,174,5.0328160919540235,0.17641787223146843,星期一,4,0,正常
2025-04-15,2119.53,3774,57813,401,5.285610972568579,0.06527943542109906,星期二,4,0,正常
2025-04-16,2705.08,3755,80310,351,7.706780626780627,0.04675631926285643,星期三,4,0,正常
2025-04-17,3125.48,3868,97114,360,8.681888888888889,0.03982947875692485,星期四,4,0,正常
2025-04-18,2714.56,3449,94005,237,11.453839662447256,0.036689537790543056,星期五,4,0,正常
2025-04-19,3336.84,2739,68285,192,17.379375,0.04011129823533719,星期六,4,1,正常
2025-04-20,735.9100000000001,995,32486,102,7.214803921568628,0.030628578464569352,星期日,4,1,正常
2025-04-21,978.1800000000001,1267,36450,156,6.270384615384616,0.0347599451303155,星期一,4,0,正常
2025-04-22,4264.49,4280,108287,330,12.922696969696968,0.03952459667365427,星期二,4,0,正常
2025-04-23,4452.59,4006,88731,337,13.212433234421365,0.045147693590740556,星期三,4,0,正常
2025-04-24,8352.19,5971,110901,478,17.473200836820084,0.05384081297734015,星期四,4,0,正常
2025-04-25,5414.2300000000005,4349,106887,305,17.751573770491806,0.04068782920280296,星期五,4,0,正常
2025-04-26,5551.69,3547,93635,277,20.042202166064982,0.03788113419127463,星期六,4,1,正常
2025-04-27,1692.87,1777,42962,159,10.64698113207547,0.04136213397886505,星期日,4,1,补班
2025-04-28,4690.49,2893,99235,209,22.442535885167462,0.02915302060764851,星期一,4,0,正常
2025-04-29,3567.3999999999996,1896,94746,183,19.49398907103825,0.020011398898106516,星期二,4,0,正常
2025-04-30,1009.4100000000001,1229,75911,100,10.094100000000001,0.016190011987722464,星期三,4,0,正常
2025-05-01,439.12,459,21891,50,8.7824,0.02096752089899959,星期四,5,0,放假
2025-05-02,530.86,483,22816,51,10.409019607843138,0.021169354838709676,星期五,5,0,放假
2025-05-03,540.6700000000001,552,24338,60,9.011166666666668,0.022680581806228943,星期六,5,1,放假
2025-05-04,617.64,636,29304,76,8.126842105263158,0.021703521703521703,星期日,5,1,放假
2025-05-05,843.3,888,38568,96,8.784374999999999,0.023024268823895456,星期一,5,0,放假
2025-05-06,3474.98,2829,102909,308,11.282402597402598,0.02749030697023584,星期二,5,0,正常
2025-05-07,5932.110000000001,3791,115135,441,13.451496598639457,0.03292656446779867,星期三,5,0,正常
2025-05-08,4426.36,2373,107160,268,16.516268656716417,0.022144456886898096,星期四,5,0,正常
2025-05-09,6155.26,2607,124193,272,22.629632352941176,0.020991521261262712,星期五,5,0,正常
2025-05-10,7902.11,3864,115573,323,24.46473684210526,0.033433414378790896,星期六,5,1,正常
2025-05-11,5787.92,3416,114083,269,21.5164312267658,0.029943111594190195,星期日,5,1,正常
2025-05-12,2435.56,1617,54002,165,14.760969696969697,0.029943335432021035,星期一,5,0,正常
2025-05-13,8252.04,4537,113583,323,25.548111455108362,0.039944357870455964,星期二,5,0,正常
2025-05-14,5272.96,3078,111450,270,19.529481481481483,0.027617765814266487,星期三,5,0,正常
2025-05-15,5004.61,2453,110050,253,19.781067193675888,0.022289868241708314,星期四,5,0,正常
2025-05-16,6305.68,3654,119160,292,21.594794520547946,0.03066465256797583,星期五,5,0,正常
2025-05-17,5525.12,3295,123251,256,21.5825,0.026734063009630753,星期六,5,1,正常
2025-05-18,2789.5899999999997,1860,79982,151,18.4741059602649,0.02325523242729614,星期日,5,1,正常
2025-05-19,3823.15,2006,79195,202,18.926485148514853,0.025329881936990973,星期一,5,0,正常
2025-05-20,6891.5,4382,127415,270,25.524074074074075,0.03439155515441667,星期二,5,0,正常
2025-05-21,5886.68,4050,129340,306,19.23751633986928,0.03131281892685944,星期三,5,0,正常
2025-05-22,5291.43,4185,131810,294,17.998061224489796,0.031750246567028295,星期四,5,0,正常
2025-05-23,3280.51,3340,106738,270,12.150037037037038,0.031291573760047965,星期五,5,0,正常
2025-05-24,3110.3500000000004,3406,101372,222,14.010585585585588,0.033599021426034804,星期六,5,1,正常
2025-05-25,1521.4,1503,54900,147,10.349659863945579,0.027377049180327868,星期日,5,1,正常
2025-05-26,1709.3000000000002,1708,58359,193,8.856476683937824,0.02926712246611491,星期一,5,0,正常
2025-05-27,3832.92,3706,112467,331,11.579818731117825,0.03295188810940098,星期二,5,0,正常
2025-05-28,3809.77,3709,108873,279,13.655089605734767,0.03406721593048782,星期三,5,0,正常
2025-05-29,3959.04,3547,110339,281,14.089110320284698,0.032146385230970013,星期四,5,0,正常
2025-05-30,3662.64,3003,106306,256,14.3071875,0.028248640716422403,星期五,5,0,正常
2025-05-31,1861.89,686,23775,71,26.22380281690141,0.028853838065194534,星期六,5,1,放假
2025-06-01,1612.29,602,22406,69,23.366521739130434,0.026867803266982057,星期日,6,1,放假
2025-06-02,1654.14,618,25621,64,25.8459375,0.024120838374770696,星期一,6,0,放假
2025-06-03,3020.55,2069,80546,161,18.761180124223603,0.02568718496263005,星期二,6,0,正常
2025-06-04,5797.0,1862,37063,165,35.13333333333333,0.05023878261338802,星期三,6,0,正常
2025-06-05,5747.82,1925,63453,184,31.238152173913043,0.030337415094636975,星期四,6,0,正常
2025-06-06,6251.33,1746,47112,168,37.210297619047616,0.03706062149770759,星期五,6,0,正常
2025-06-07,4014.07,1282,48082,116,34.60405172413793,0.026662784409966306,星期六,6,1,正常
2025-06-08,3007.1,2739,87023,193,15.58082901554404,0.03147443779230778,星期日,6,1,正常
2025-06-09,1672.49,1331,48350,125,13.37992,0.02752843846949328,星期一,6,0,正常
2025-06-10,1782.3500000000001,1414,56162,141,12.640780141843972,0.02517716605533991,星期二,6,0,正常
2025-06-11,5895.9400000000005,2043,75269,207,28.482801932367153,0.027142648367853964,星期三,6,0,正常
2025-06-12,3533.34,1452,64631,138,25.60391304347826,0.02246599928826724,星期四,6,0,正常
2025-06-13,2100.32,1191,65353,136,15.443529411764708,0.01822410600890548,星期五,6,0,正常
2025-06-14,1919.13,1221,83351,92,20.860108695652176,0.014648894434379911,星期六,6,1,正常
2025-06-15,947.61,598,48305,53,17.87943396226415,0.012379670841527792,星期日,6,1,正常
2025-06-16,874.59,542,54384,56,15.617678571428572,0.009966166519564577,星期一,6,0,正常
2025-06-17,2857.9500000000003,1630,95441,158,18.088291139240507,0.017078614012845633,星期二,6,0,正常
2025-06-18,3276.1100000000006,1676,90661,149,21.987315436241616,0.018486449520742104,星期三,6,0,正常
2025-06-19,2250.2400000000002,1297,74337,107,21.03028037383178,0.017447569850814533,星期四,6,0,正常
2025-06-20,3697.15,1598,70345,151,24.484437086092715,0.02271661098869856,星期五,6,0,正常
2025-06-21,3695.8399999999997,1534,64281,146,25.313972602739724,0.02386397224685366,星期六,6,1,正常
2025-06-22,801.85,487,28074,45,17.81888888888889,0.017347011469687257,星期日,6,1,正常
2025-06-23,730.99,447,27531,40,18.27475,0.016236242780865207,星期一,6,0,正常
2025-06-24,3295.1899999999996,1669,76820,170,19.38347058823529,0.02172611299140849,星期二,6,0,正常
2025-06-25,1201.8600000000001,1024,57557,103,11.668543689320389,0.017791059297739633,星期三,6,0,正常
2025-06-26,984.11,967,54791,79,12.457088607594937,0.017648883940793197,星期四,6,0,正常
2025-06-27,1174.87,1010,52928,95,12.367052631578947,0.019082527206771463,星期五,6,0,正常
2025-06-28,1110.67,932,47117,95,11.691263157894738,0.019780546299637075,星期六,6,1,正常
2025-06-29,174.93,149,6439,23,7.605652173913044,0.023140239167572605,星期日,6,1,正常
2025-06-30,319.58000000000004,361,27082,1,319.58000000000004,0.013329887009822022,星期一,6,0,正常
2025-07-01,1345.05,1111,52571,95,14.158421052631578,0.021133324456449373,星期二,7,0,正常
2025-07-02,1538.0700000000002,1293,61287,112,13.732767857142859,0.021097459493856774,星期三,7,0,正常
2025-07-03,1801.85,1316,59140,123,14.649186991869918,0.022252282718971932,星期四,7,0,正常
2025-07-04,1803.2900000000002,1262,58380,147,12.267278911564627,0.02161699212058924,星期五,7,0,正常
2025-07-05,1814.17,1247,54081,136,13.339485294117647,0.02305800558421627,星期六,7,1,正常
2025-07-06,774.64,555,23276,57,13.590175438596491,0.023844303144870252,星期日,7,1,正常
2025-07-07,624.32,455,22194,52,12.006153846153847,0.020501036316121473,星期一,7,0,正常
2025-07-08,1595.0100000000002,1187,61823,119,13.403445378151263,0.019199974119664204,星期二,7,0,正常
2025-07-09,1839.3999999999999,1291,59026,124,14.833870967741934,0.0218717175481991,星期三,7,0,正常
2025-07-10,1530.4499999999998,1133,56457,123,12.442682926829267,0.020068370618346706,星期四,7,0,正常
2025-07-11,1801.03,1181,66847,129,13.961472868217054,0.017667210196418686,星期五,7,0,正常
2025-07-12,1991.55,1372,65147,128,15.558984375,0.021060064162586153,星期六,7,1,正常
2025-07-13,1033.46,837,31601,78,13.24948717948718,0.02648650359165849,星期日,7,1,正常
2025-07-14,1103.13,855,28607,82,13.452804878048783,0.02988778970182123,星期一,7,0,正常
2025-07-15,3179.0499999999997,2617,75027,208,15.28389423076923,0.03488077625388194,星期二,7,0,正常
2025-07-16,2883.63,2313,71412,177,16.291694915254237,0.03238951436733322,星期三,7,0,正常
2025-07-17,2859.0,2408,67819,166,17.22289156626506,0.035506274052993995,星期四,7,0,正常
2025-07-18,2696.65,2291,65633,186,14.498118279569892,0.034906220955921566,星期五,7,0,正常
2025-07-19,2636.4,2040,63604,158,16.68607594936709,0.032073454499717,星期六,7,1,正常
2025-07-20,1231.45,935,28939,71,17.3443661971831,0.03230934033657003,星期日,7,1,正常
2025-07-21,1173.1200000000001,863,28459,75,15.641600000000002,0.03032432622369022,星期一,7,0,正常
2025-07-22,3369.8499999999995,1842,40510,151,22.31688741721854,0.04547025425820785,星期二,7,0,正常
2025-07-23,4250.74,3069,81753,260,16.349,0.03753990679241129,星期三,7,0,正常
2025-07-24,3420.57,3455,107659,256,13.3616015625,0.0320920684754642,星期四,7,0,正常
2025-07-25,4407.78,3991,121846,271,16.264870848708487,0.0327544605485613,星期五,7,0,正常
2025-07-26,3400.24,3129,95988,212,16.0388679245283,0.03259782472809101,星期六,7,1,正常
2025-07-27,927.28,820,33219,59,15.716610169491524,0.02468466841265541,星期日,7,1,正常
2025-07-28,645.72,606,29438,36,17.936666666666667,0.020585637611250766,星期一,7,0,正常
2025-07-29,3255.0799999999995,2911,91382,202,16.114257425742572,0.03185528878772625,星期二,7,0,正常
2025-07-30,3983.8599999999997,3993,134338,218,18.2745871559633,0.02972353317750748,星期三,7,0,正常
2025-07-31,4994.96,5890,218922,336,14.86595238095238,0.02690455961483999,星期四,7,0,正常
2025-08-01,5722.87,6942,239157,343,16.68475218658892,0.02902695718711976,星期五,8,0,正常
2025-08-02,5515.84,6480,234560,315,17.510603174603176,0.02762619372442019,星期六,8,1,正常
2025-08-03,2422.25,2003,72084,176,13.762784090909092,0.027787026247156097,星期日,8,1,正常
2025-08-04,2364.2799999999997,1912,66706,189,12.509417989417988,0.028663088777621203,星期一,8,0,正常
2025-08-05,4530.61,3797,116340,278,16.297158273381292,0.032637098160563864,星期二,8,0,正常
2025-08-06,5300.0199999999995,4827,133820,303,17.49181518151815,0.03607084142878494,星期三,8,0,正常
2025-08-07,5703.8099999999995,4919,139690,298,19.14030201342282,0.035213687450783876,星期四,8,0,正常
2025-08-08,5924.1,4932,153908,270,21.941111111111113,0.032045117862619224,星期五,8,0,正常
2025-08-09,5541.37,4311,131835,278,19.93298561151079,0.03269996586642394,星期六,8,1,正常
2025-08-10,1553.6,1787,72831,132,11.76969696969697,0.024536255166069394,星期日,8,1,正常
2025-08-11,1287.83,1419,56846,92,13.998152173913043,0.024962178517397883,星期一,8,0,正常
2025-08-12,4835.33,3681,114022,268,18.042276119402985,0.0322832435845714,星期二,8,0,正常
2025-08-13,5506.87,3735,115012,300,18.356233333333332,0.03247487218725002,星期三,8,0,正常
2025-08-14,6311.74,3937,117778,309,20.426343042071196,0.03342729542019732,星期四,8,0,正常
2025-08-15,6368.0599999999995,3781,109556,299,21.297859531772573,0.03451203037715871,星期五,8,0,正常
2025-08-16,6045.97,3667,112725,291,20.776529209621994,0.03253049456642271,星期六,8,1,正常
2025-08-17,2275.08,1386,54676,122,18.648196721311475,0.025349330602092327,星期日,8,1,正常
2025-08-18,1386.08,746,36381,73,18.987397260273973,0.020505208762815755,星期一,8,0,正常
2025-08-19,8179.010000000001,4160,133126,375,21.810693333333337,0.031248591559875607,星期二,8,0,正常
2025-08-20,8999.35,4708,163890,354,25.421892655367234,0.028726584904509123,星期三,8,0,正常
2025-08-21,9575.18,5461,167017,381,25.131706036745406,0.03269727033775005,星期四,8,0,正常
2025-08-22,8551.66,4674,151421,324,26.394012345679013,0.030867581114904803,星期五,8,0,正常
2025-08-23,8916.2,4202,108551,323,27.60433436532508,0.03870991515508839,星期六,8,1,正常
2025-08-24,2868.96,3179,122359,170,16.87623529411765,0.025980924983041706,星期日,8,1,正常
2025-08-25,2650.2599999999998,2780,94155,165,16.062181818181816,0.029525781955286497,星期一,8,0,正常
2025-08-26,8687.24,5393,201336,361,24.064376731301937,0.026786069058687963,星期二,8,0,正常
2025-08-27,8811.380000000001,6141,294615,354,24.890903954802262,0.020844152538058144,星期三,8,0,正常
2025-08-28,6400.9,5355,257401,302,21.19503311258278,0.020804114980128283,星期四,8,0,正常
2025-08-29,5554.599999999999,4943,254303,279,19.9089605734767,0.019437442735634265,星期五,8,0,正常
2025-08-30,5561.96,4830,185565,287,19.37965156794425,0.02602861530999919,星期六,8,1,正常
2025-08-31,1755.94,1738,85412,119,14.755798319327731,0.020348428792207184,星期日,8,1,正常
2025-09-01,980.21,867,41831,68,14.414852941176472,0.020726255647725372,星期一,9,0,正常
2025-09-02,5258.17,4158,114918,348,15.109683908045977,0.03618232130736699,星期二,9,0,正常
2025-09-03,4948.85,4732,145730,294,16.8328231292517,0.03247100802854594,星期三,9,0,正常
2025-09-04,4487.549999999999,3276,95476,268,16.744589552238804,0.034312287904813776,星期四,9,0,正常
2025-09-05,6009.21,2857,67874,325,18.489876923076924,0.0420927011816012,星期五,9,0,正常
2025-09-06,5743.949999999999,2855,70056,335,17.14611940298507,0.04075311179627726,星期六,9,1,正常
2025-09-07,1886.84,961,35436,123,15.340162601626016,0.027119313692290325,星期日,9,1,正常
2025-09-08,1836.95,909,32914,119,15.43655462184874,0.02761742723461141,星期一,9,0,正常
2025-09-09,5978.13,3256,82146,297,20.12838383838384,0.039636744333260296,星期二,9,0,正常
2025-09-10,5775.37,3082,73152,363,15.910110192837465,0.042131452318460196,星期三,9,0,正常
2025-09-11,5898.38,3124,77209,348,16.949367816091954,0.04046160421712495,星期四,9,0,正常
2025-09-12,5616.73,2960,77575,317,17.71839116719243,0.03815662262326781,星期五,9,0,正常
2025-09-13,5338.94,2724,76055,309,17.27812297734628,0.03581618565511801,星期六,9,1,正常
2025-09-14,5245.77,2586,62120,282,18.602021276595746,0.04162910495814552,星期日,9,1,正常
2025-09-15,535.3299999999999,533,28473,279,1.9187455197132615,0.018719488638359146,星期一,9,0,正常
2025-09-16,419.68,440,27382,252,1.6653968253968254,0.016068950405375794,星期二,9,0,正常
2025-09-17,433.19,476,29440,265,1.6346792452830188,0.016168478260869566,星期三,9,0,正常
2025-09-18,5024.53,2748,69123,297,16.917609427609428,0.039755218957510524,星期四,9,0,正常
2025-09-19,5021.8099999999995,2595,61100,322,15.595683229813663,0.042471358428805235,星期五,9,0,正常
2025-09-20,5002.82,2649,66307,367,13.631662125340599,0.03995053312621594,星期六,9,1,正常
2025-09-21,1754.3600000000001,997,38642,141,12.4422695035461,0.025800941980228767,星期日,9,1,正常
2025-09-22,1932.69,1032,39398,167,11.572994011976048,0.02619422305700797,星期一,9,0,正常
2025-09-23,5037.46,2490,56124,301,16.735747508305646,0.044366046611075474,星期二,9,0,正常
2025-09-24,5003.5,2932,80728,345,14.502898550724638,0.03631949261718363,星期三,9,0,正常
2025-09-25,5000.990000000001,3057,79326,379,13.195224274406334,0.0385371757053173,星期四,9,0,正常
2025-09-26,4845.83,2868,74449,340,14.252441176470589,0.03852301575575226,星期五,9,0,正常
2025-09-27,4339.54,2551,67502,300,14.465133333333334,0.03779147284524903,星期六,9,1,正常
2025-09-28,1670.21,1028,34195,140,11.930071428571429,0.03006287468928206,星期日,9,1,补班
2025-09-29,3011.6199999999994,1964,50135,227,13.267048458149777,0.03917422958013364,星期一,9,0,正常
2025-09-30,1806.2100000000003,1640,58300,161,11.218695652173915,0.028130360205831904,星期二,9,0,正常
2025-10-01,459.96999999999997,415,22720,47,9.78659574468085,0.018265845070422535,星期三,10,0,放假
2025-10-02,400.76,371,19057,45,8.905777777777777,0.019467912053313743,星期四,10,0,放假
2025-10-03,426.22999999999996,389,20066,41,10.395853658536584,0.01938602611382438,星期五,10,0,放假
2025-10-04,496.78999999999996,427,21614,52,9.553653846153846,0.019755713889145925,星期六,10,1,放假
2025-10-05,522.99,476,25647,61,8.57360655737705,0.018559675595586227,星期日,10,1,放假
2025-10-06,698.0,606,26860,68,10.264705882352942,0.022561429635145198,星期一,10,0,放假
2025-10-07,917.97,843,37653,76,12.078552631578948,0.022388654290494782,星期二,10,0,放假
2025-10-08,2034.54,1455,36781,162,12.55888888888889,0.03955846768712107,星期三,10,0,放假
2025-10-09,3890.78,2596,66097,301,12.926179401993355,0.039275610088203704,星期四,10,0,正常
2025-10-10,4273.5199999999995,2855,73714,327,13.068868501529051,0.03873077027430339,星期五,10,0,正常
2025-10-11,3811.33,2615,72448,268,14.221380597014925,0.036094854240282685,星期六,10,1,补班
2025-10-12,3413.26,2350,63273,226,15.102920353982302,0.037140644508716195,星期日,10,1,正常
2025-10-13,1346.25,940,34624,127,10.600393700787402,0.027148798521256932,星期一,10,0,正常
2025-10-14,4388.63,3056,77039,365,12.023643835616438,0.039668219992471346,星期二,10,0,正常
2025-10-15,3914.86,2824,74150,311,12.587974276527332,0.03808496291301416,星期三,10,0,正常
2025-10-16,3954.4300000000003,2776,72531,296,13.359560810810812,0.0382732900414995,星期四,10,0,正常
2025-10-17,4451.1,2525,61254,274,16.244890510948906,0.04122179776014628,星期五,10,0,正常
2025-10-18,4451.45,2303,54005,273,16.305677655677655,0.04264419961114711,星期六,10,1,正常
2025-10-19,1339.44,947,42636,125,10.71552,0.022211276855239704,星期日,10,1,正常
2025-10-20,1211.76,886,36593,110,11.016,0.024212281037356873,星期一,10,0,正常
2025-10-21,4354.570000000001,2800,84577,281,15.496690391459078,0.033105927143313195,星期二,10,0,正常
2025-10-22,4448.650000000001,2620,70775,270,16.476481481481482,0.03701872129989403,星期三,10,0,正常
2025-10-23,4240.76,2507,75094,261,16.248122605363985,0.03338482435347698,星期四,10,0,正常
2025-10-24,4465.17,2459,65661,268,16.661082089552238,0.037449932227654165,星期五,10,0,正常
2025-10-25,4089.9500000000003,2447,72717,249,16.42550200803213,0.03365100320420259,星期六,10,1,正常
2025-10-26,1494.6000000000001,932,39677,108,13.83888888888889,0.023489679159210627,星期日,10,1,正常
2025-10-27,1338.34,939,38901,133,10.062706766917293,0.0241381969615177,星期一,10,0,正常
2025-10-28,4441.83,2604,71004,269,16.512379182156135,0.03667399019773534,星期二,10,0,正常
2025-10-29,4321.08,2574,80608,259,16.683706563706565,0.03193231441048035,星期三,10,0,正常
2025-10-30,4032.44,2498,79314,254,15.875748031496062,0.031495070227198226,星期四,10,0,正常
2025-10-31,4175.44,2506,77811,269,15.522081784386616,0.03220624333320481,星期五,10,0,正常
2025-11-01,3894.79,2341,70239,214,18.199953271028036,0.03332906220191062,星期六,11,1,正常
2025-11-02,1231.88,778,40225,94,13.105106382978725,0.019341205717837165,星期日,11,1,正常
2025-11-03,1220.5700000000002,810,37374,107,11.407196261682245,0.02167282067747632,星期一,11,0,正常
2025-11-04,4438.12,2707,82457,324,13.697901234567901,0.032829232205877,星期二,11,0,正常
2025-11-05,2082.77,1171,40929,139,14.983956834532375,0.02861052065772435,星期三,11,0,正常
2025-11-06,5054.16,2711,80210,312,16.19923076923077,0.03379877820720609,星期四,11,0,正常
2025-11-07,4784.17,2615,77361,307,15.583615635179154,0.033802562014451726,星期五,11,0,正常
2025-11-08,4347.56,2400,73386,275,15.809309090909093,0.032703785463167365,星期六,11,1,正常
2025-11-09,1643.98,902,39241,113,14.548495575221239,0.022986162432150046,星期日,11,1,正常
2025-11-10,1880.3700000000001,952,38932,149,12.61993288590604,0.024452892222336382,星期一,11,0,正常
2025-11-11,7305.5,3234,84243,396,18.44823232323232,0.038388946262597486,星期二,11,0,正常
2025-11-12,7110.66,3139,81176,386,18.42139896373057,0.03866906474820144,星期三,11,0,正常
2025-11-13,7068.76,3043,83213,337,20.975548961424334,0.036568805354932524,星期四,11,0,正常
2025-11-14,6651.4400000000005,2950,83322,335,19.855044776119403,0.03540481505484746,星期五,11,0,正常
2025-11-15,5889.08,2599,72621,339,17.371917404129793,0.03578854601286129,星期六,11,1,正常
2025-11-16,2271.45,1051,39205,122,18.61844262295082,0.02680780512689708,星期日,11,1,正常
2025-11-17,2044.67,983,42117,156,13.106858974358975,0.02333974404634708,星期一,11,0,正常
2025-11-18,4322.17,2674,83732,293,14.751433447098977,0.03193522189843787,星期二,11,0,正常
2025-11-19,7318.8,3312,83124,431,16.980974477958238,0.03984408834993504,星期三,11,0,正常
2025-11-20,6691.900000000001,2893,69461,376,17.797606382978724,0.04164927081383798,星期四,11,0,正常
2025-11-21,5892.32,2887,76326,330,17.85551515151515,0.037824594502528626,星期五,11,0,正常
2025-11-22,4839.55,2427,68032,279,17.34605734767025,0.035674388523047974,星期六,11,1,正常
2025-11-23,1500.7900000000002,873,33592,128,11.724921875000001,0.025988330554894024,星期日,11,1,正常
2025-11-24,1208.32,734,34140,84,14.384761904761904,0.021499707088459285,星期一,11,0,正常
2025-11-25,5237.38,2926,79735,370,14.15508108108108,0.036696557346209316,星期二,11,0,正常
2025-11-26,5944.6,2934,74684,334,17.79820359281437,0.03928552300358845,星期三,11,0,正常
2025-11-27,4897.44,2643,72640,307,15.95257328990228,0.03638491189427313,星期四,11,0,正常
2025-11-28,3458.78,2430,73017,216,16.012870370370372,0.03327992111426106,星期五,11,0,正常
2025-11-29,3052.34,2061,67403,188,16.235851063829788,0.030577274008575284,星期六,11,1,正常
2025-11-30,1120.34,785,34455,84,13.33738095238095,0.022783340589174285,星期日,11,1,正常
2025-12-01,948.9399999999999,713,33929,92,10.314565217391303,0.021014471396150786,星期一,12,0,正常
2025-12-02,3975.7,2702,80872,274,14.50985401459854,0.033410822039766544,星期二,12,0,正常
2025-12-03,5910.19,3158,81769,362,16.32649171270718,0.03862099328596412,星期三,12,0,正常
2025-12-04,6099.48,3214,82672,411,14.84058394160584,0.03887652409521966,星期四,12,0,正常
2025-12-05,5824.009999999999,3220,78285,349,16.687707736389683,0.04113176215111452,星期五,12,0,正常
2025-12-06,4000.15,2436,66836,221,18.10022624434389,0.036447423544197735,星期六,12,1,正常
2025-12-07,918.3699999999999,848,31742,91,10.09197802197802,0.02671539285489257,星期日,12,1,正常
2025-12-08,902.1700000000001,791,33363,87,10.36977011494253,0.023708899079818962,星期一,12,0,正常
2025-12-09,5047.65,3018,79885,308,16.388474025974023,0.03777930775489766,星期二,12,0,正常
2025-12-10,5788.710000000001,3047,78752,300,19.295700000000004,0.03869108086143844,星期三,12,0,正常
2025-12-11,5801.67,3088,77053,372,15.595887096774193,0.04007631111053431,星期四,12,0,正常
2025-12-12,5349.530000000001,3001,76765,284,18.83637323943662,0.03909333680713867,星期五,12,0,正常
2025-12-13,5047.74,2628,68445,240,21.032249999999998,0.038395792241946086,星期六,12,1,正常
2025-12-14,855.38,736,30284,80,10.69225,0.024303262448817857,星期日,12,1,正常
2025-12-15,878.2600000000001,770,31451,82,10.71048780487805,0.024482528377476075,星期一,12,0,正常
2025-12-16,6261.13,3302,78661,337,18.579020771513353,0.041977600081361796,星期二,12,0,正常
2025-12-17,6228.599999999999,3205,75873,340,18.31941176470588,0.042241640636326495,星期三,12,0,正常
2025-12-18,6089.55,3146,74682,322,18.91164596273292,0.04212527784472832,星期四,12,0,正常
2025-12-19,5211.33,2785,70574,282,18.479893617021276,0.039462124861847137,星期五,12,0,正常
2025-12-20,4956.07,2580,64636,249,19.903895582329316,0.03991583637601337,星期六,12,1,正常
2025-12-21,855.2799999999999,741,25834,75,11.403733333333332,0.028683130757915926,星期日,12,1,正常
2025-12-22,844.47,738,25928,70,12.063857142857144,0.028463437210737425,星期一,12,0,正常
2025-12-23,6128.09,3217,70206,315,19.45425396825397,0.04582229439079281,星期二,12,0,正常
2025-12-24,6063.959999999999,3102,67984,314,19.311974522292992,0.04562838314897623,星期三,12,0,正常
2025-12-25,5115.91,2921,66784,248,20.62866935483871,0.0437380210828941,星期四,12,0,正常
2025-12-26,5598.95,2947,65736,291,19.240378006872852,0.0448308385055373,星期五,12,0,正常
2025-12-27,5997.92,2763,59163,270,22.21451851851852,0.04670148572587597,星期六,12,1,正常
2025-12-28,834.5900000000001,696,25208,79,10.564430379746836,0.027610282450015868,星期日,12,1,正常
2025-12-29,851.9599999999999,732,26432,66,12.908484848484846,0.027693704600484263,星期一,12,0,正常
2025-12-30,6742.389999999999,2709,48925,301,22.399966777408636,0.05537046499744507,星期二,12,0,正常
2025-12-31,4929.72,2353,47026,208,23.700576923076923,0.050036150214774804,星期三,12,0,正常
