关键词,消费额,点击量,累计消费占比,累计点击占比
2533,192244.35,79015,0.13481845479540408,0.09464971281062272
2832,164553.1,74970,0.25021739720278097,0.18445404071560764
2874,109274.9,41192,0.3268504590634926,0.23379670945059683
3989,83543.92000000001,126025,0.3854387203151281,0.38475829974305686
4721,72784.49,23518,0.43648153366632175,0.412929810796404
3567,72315.59,33903,0.487195513564394,0.4535412037397507
5553,71798.68,51724,0.5375469912226435,0.5154998412822003
4536,48121.97,23315,0.571294301024522,0.5434281846876254
5778,46615.59,40349,0.6039852061833789,0.5917610488551356
6360,42720.89,25029,0.6339448090392467,0.6217425417607494
844,38287.88,15931,0.6607955998114688,0.6408258117067853
6522,31241.97,10293,0.6827051858157617,0.6531554895395986
5867,24613.57,15146,0.6999663613686375,0.6712984313889904
1952,23556.53,28520,0.7164862485587764,0.7054616891167504
2541,23406.79,30621,0.7329011250402987,0.7421416721069938
6483,21240.56,994,0.7477968526816523,0.7433323550726808
6261,19081.08,16451,0.7611781651697827,0.7630385175158568
2818,13968.87,6980,0.7709743514745447,0.7713996514197756
3408,12956.21,6733,0.7800603725316253,0.7794649113875529
5210,12400.94,6640,0.7887569899812955,0.7874187694279571
6474,12373.58,764,0.7974344202198816,0.7883339422506783
3897,12164.19,1125,0.8059650079829951,0.7896815462108371
444,11668.97,6940,0.814148304420336,0.7979947653072836
5573,10656.71,10553,0.8216217161247774,0.8106358893886669
5045,9739.85,3556,0.8284521458718104,0.8148955157729557
4969,9353.77,4456,0.8350118227513214,0.8202332253253715
5460,9272.73,2590,0.8415146673360125,0.8233357091092038
797,8332.06,3712,0.8473578323209008,0.8277822032426346
389,6387.87,4897,0.8518375622210718,0.8336481735474327
5493,6217.86,3852,0.8561980663260516,0.8382623695070165
5630,5131.63,5913,0.8597968115020825,0.8453453759216114
1934,4656.78,2449,0.8630625505676112,0.8482789600091039
2914,4623.04,5627,0.8663046282112836,0.8550193755502716
4025,4371.61,319,0.8693703812759025,0.8554014961398633
6660,4349.38,2727,0.8724205447315152,0.8586680881392883
3371,4326.98,2145,0.8754549993593397,0.8612375196899912
2843,4274.73,5539,0.8784528117437741,0.8678725226547199
5070,4240.55,2224,0.8814266541400925,0.8705365859501806
861,4227.49,768,0.8843913377287806,0.871456550253649
5331,4160.45,2130,0.8873090070400167,0.8740080137515498
6586,4114.5,2439,0.8901944522156783,0.8769296191371742
9,3458.48,3285,0.8926198391232301,0.8808646227008379
3595,3343.5,420,0.8949645920567152,0.8813677281792972
2961,3144.54,4114,0.8971698169376666,0.8862957661278247
6159,2994.77,1923,0.8992700100713927,0.8885992704970562
353,2953.6,2626,0.9013413312211884,0.8917448776076137
5484,2870.73,670,0.9033545367210369,0.892547450632775
2933,2839.7,2473,0.905345981286677,0.8955097836047508
110,2839.66,1512,0.9073373978008388,0.8973209633272042
2978,2698.76,4658,0.9092300029830647,0.9029006426573553
6607,2674.93,1735,0.9111058964971568,0.9049789474314669
4760,2609.7200000000003,476,0.9129360590889243,0.9055491336403874
4718,2596.0699999999997,814,0.9147566491137584,0.906524199972449
1424,2592.53,2414,0.9165747565827723,0.9094158586034031
509,2532.96,350,0.9183510883878868,0.9098351131687858
5703,2433.25,464,0.920057494870735,0.9103909249354647
416,2417.24,1207,0.9217526737494361,0.9118367542509418
3374,2398.88,445,0.9234349769996465,0.9123698064840713
815,2298.65,2510,0.925046990258374,0.9153764606529591
232,2235.16,1712,0.9266144788083391,0.9174272144127741
2742,2201.88,6284,0.9281586285284473,0.9249546306666746
4045,2116.51,24,0.9296429093812215,0.9249833795511581
3515,2110.21,88,0.9311227721261802,0.9250887921275971
4594,2097.0,303,0.9325933708704657,0.9254517467942
4177,2055.48,1404,0.9340348521803864,0.9271335565364781
6298,1983.14,693,0.9354256023919943,0.927963680575936
2985,1924.54,1292,0.9367752571880492,0.9295113288572917
1438,1912.61,934,0.938116545630733,0.9306301396117703
6180,1896.27,400,0.9394463750445747,0.9311092876864934
4054,1793.1,669,0.9407038526832864,0.9319106628414678
5964,1774.21,550,0.9419480830114211,0.9325694914442122
2586,1681.3799999999999,525,0.9431272128715386,0.9331983732922863
5626,1662.23,1045,0.9442929130864711,0.9344501476375006
1924,1649.24,645,0.9454495035838604,0.9352227739079916
5453,1623.0,2785,0.9465876923115547,0.9385588423782515
1318,1603.5800000000002,1527,0.9477122620465863,0.940387990153507
3575,1574.66,312,0.948816550562884,0.9407617256517912
2899,1569.85,1892,0.9499174658889292,0.9430280960452315
4482,1556.31,396,0.9510088857896059,0.9435024526392075
3382,1547.26,294,0.9520939590433412,0.943854626474129
6489,1542.48,551,0.9531756801454324,0.9445146529470602
4188,1533.24,434,0.9542509213560609,0.9450345286081347
1916,1457.46,924,0.9552730190412523,0.9461413606607452
4563,1429.75,374,0.9562756840649251,0.9465893641106113
709,1363.47,2319,0.9572318677892316,0.9493672250738188
926,1346.58,500,0.9581762067768711,0.9499661601672227
3587,1338.51,838,0.9591148863787851,0.9509699753837677
2821,1327.25,927,0.9600456694895875,0.9520804010469386
1167,1264.77,257,0.960932636191452,0.9523882536849482
1048,1263.59,2840,0.9618187753747098,0.9557902050154825
5194,1244.51,197,0.9626915340028694,0.9560261854422836
5834,1229.83,157,0.9635539977385321,0.9562142510616125
3222,1178.16,173,0.9643802259772385,0.9564214826039302
1607,1149.42,805,0.9651862992288629,0.9573857681043105
5486,1121.76,52,0.9659729748833167,0.9574480573540245
875,1095.09,1083,0.9667409472146851,0.9587453507663375
3169,1053.19,678,0.9674795356226459,0.9595575067529932
5596,1051.38,988,0.9682168547012184,0.9607410024975593
6119,1007.59,169,0.968923464424039,0.9609434425591299
1655,968.54,714,0.9696026888912732,0.9617987218725107
5702,947.62,109,0.9702672424354124,0.9619292897228727
2633,937.84,811,0.9709249373931333,0.962900762444374
2019,906.78,969,0.9715608503780371,0.9640614986553907
665,893.04,602,0.9721871276801815,0.964782616507849
5337,727.12,260,0.9726970474507799,0.9650940627564191
2438,663.8,552,0.9731625617313983,0.9657552870995371
1672,662.43,3390,0.9736271152488885,0.9698160670328156
4196,657.56,352,0.9740882534989086,0.970237717338572
3163,614.71,402,0.9745193416029142,0.9707192611536688
653,570.08,73,0.9749191312701256,0.9708067056773058
5640,531.84,40,0.9752921037241842,0.9708546204847781
3366,513.5,239,0.9756522145754911,0.9711409114594252
6027,501.74,66,0.9760040782922091,0.9712199708917545
4751,453.98,133,0.9763224485439643,0.9713792876265999
2987,442.84,485,0.9766330064590427,0.9719602546672017
433,438.82,72,0.9769407452005627,0.9720465013206518
640,432.45,35,0.9772440167441804,0.9720884267771902
1998,418.66,97,0.9775376175406908,0.9722046201853105
1567,404.71999999999997,261,0.9778214423970509,0.9725172643040674
2561,402.98,281,0.9781040470141096,0.9728538658265604
1089,396.88,330,0.9783823737807438,0.973249162988207
1981,375.87,274,0.978645966508457,0.9735773794193924
4634,375.36,121,0.9789092015798233,0.973722321711996
5249,371.71,111,0.9791698769538044,0.9738552853027317
4260,362.82,62,0.979424317886757,0.9739295532543139
6023,344.18,149,0.9796656868308715,0.9741080359121482
2723,340.06,332,0.9799041664727322,0.9745057288141684
6617,336.08,249,0.9801398549925125,0.9748039984906836
3923,331.02,35,0.9803719950003015,0.9748459239472218
5260,310.37,345,0.9805896534324732,0.9752591891616705
6504,306.27,162,0.98080443658813,0.9754532441319335
5304,299.99,77,0.9810148156617104,0.9755454801363176
3393,298.34,124,0.9812240376118154,0.9756940160394818
937,286.55,134,0.981424991388723,0.9758545306445141
1676,270.03,159,0.9816143599051366,0.9760449920042165
2275,264.04,180,0.9817995277126909,0.9762606086378419
270,263.36,50,0.9819842186451158,0.9763205021471824
4773,258.37,138,0.9821654101556362,0.9764858082329618
1164,255.64000000000001,213,0.9823446871527697,0.9767409545827519
726,252.86,135,0.9825220145721688,0.9769026670579709
888,244.33,31,0.9826933600138433,0.976939801033762
6149,244.19,186,0.982864607275344,0.9771626048885083
5212,242.98,40,0.9830350059796295,0.9772105196959805
3135,242.98,170,0.9832054046839148,0.9774141576277379
5134,237.24,177,0.9833717780010794,0.9776261806508029
4053,223.0,37,0.9835281649920072,0.9776705018477148
4002,221.20000000000002,167,0.9836832896664164,0.9778705461689117
2997,221.15,155,0.9838383792764777,0.9780562160478669
1802,217.36,110,0.9839908110089803,0.9781879817684157
1257,212.69000000000003,165,0.9841399677314038,0.9783856303492391
104,210.57,164,0.984287637725483,0.9785820810598755
3215,203.86,101,0.9844306020840954,0.9787030659487431
33,203.48,96,0.9845732999536648,0.9788180614866767
5621,200.67,223,0.9847140272068913,0.9790851865383349
679,200.65,252,0.9848547404343785,0.9793870498254105
4652,194.44,90,0.9849910986698762,0.9794948581422231
4579,193.14,89,0.9851265452323327,0.979601468588849
6561,190.83,93,0.9852603718219235,0.9797128705162221
4256,187.93,58,0.9853921646793453,0.979782346987057
6486,186.06,55,0.9855226461301616,0.9798482298473314
6001,182.78,71,0.9856508273597661,0.9799332786305948
4995,182.38,142,0.9857787280745884,0.9801033761971215
1667,181.67000000000002,94,0.985906130875673,0.9802159759946815
2892,179.02,122,0.9860316752663273,0.980362116157472
4927,172.14,53,0.9861523948027322,0.9804256032773728
4832,171.45,73,0.9862726304511383,0.9805130478010098
235,171.35,133,0.9863927959708491,0.9806723645358553
5783,170.77,117,0.9865125547441259,0.9808125153477117
4828,170.67000000000002,55,0.9866322433887073,0.9808783982079862
4887,167.05,190,0.9867493933745123,0.9811059935434797
6490,166.07,165,0.9868658560991015,0.981303642124303
5771,165.76,118,0.9869821014247346,0.9814449908063463
181,165.4,49,0.987098094287064,0.9815036864454999
1738,162.44,128,0.987212011340007,0.9816570138294113
6282,162.07,119,0.987325668916777,0.9817995603816414
3936,155.23,28,0.9874345296907757,0.981833100746872
2478,150.65,79,0.9875401785705212,0.9819277324916299
6083,149.85,92,0.987645266420703,0.9820379365488162
4606,147.32000000000002,52,0.9877485800148892,0.9821002257985302
5345,140.22,49,0.9878469144716959,0.9821589214376838
5705,138.77,29,0.9879442320624181,0.9821936596731012
5182,132.06,13,0.9880368440176734,0.9822092319855297
6352,131.24,78,0.9881288809176257,0.9823026658601007
4437,129.39,89,0.9882196204367115,0.9824092763067266
2807,128.13,146,0.9883094763342343,0.9825841653540006
505,128.05,108,0.9883992761288007,0.9827135353341758
2078,127.96,115,0.9884890128075411,0.9828512904056588
6256,127.35,41,0.9885783217012393,0.9829004030833178
6463,127.09,21,0.988667448260329,0.9829255583572408
1590,126.84,80,0.9887563994976801,0.9830213879721854
2557,126.11,148,0.9888448387955543,0.983198672759833
572,126.06,22,0.9889332430290806,0.9832250259039428
469,124.59,25,0.9890206163707833,0.983254972658613
206,122.53,26,0.9891065450613591,0.98328611728347
6162,121.83,24,0.9891919828510665,0.9833148661679534
431,121.72,94,0.9892773434992087,0.9834274659655133
5330,121.6,77,0.9893626199929165,0.9835197019698976
6272,121.35,23,0.9894477211648856,0.9835472529841941
299,121.03,97,0.9895325979250291,0.9836634463923145
6029,120.76,18,0.9896172853376948,0.983685008055677
751,118.97,21,0.9897007174467113,0.9837101633295999
912,116.42,16,0.9897823612739929,0.9837293292525889
6500,116.38,82,0.9898639770497963,0.9838275546079072
2584,115.98,262,0.9899453123108178,0.9841413965968508
3905,115.64,57,0.9900264091342748,0.9842096751974988
1817,115.52,116,0.990107421803297,0.9843486281391686
1207,115.45,90,0.9901883853822325,0.9844564364559812
5267,114.32,85,0.9902685565069091,0.9845582554218599
1353,113.91,107,0.9903484401039342,0.9846864275318483
5891,112.7,110,0.9904274751437439,0.9848181932523973
829,112.68,22,0.9905064961578144,0.984844546396507
5374,112.03999999999999,54,0.9905850683482339,0.9849092313865946
700,111.9,117,0.9906635423584798,0.9850493821984512
557,111.75,13,0.9907419111756823,0.9850649545108796
5608,111.69,12,0.9908202379156676,0.9850793289531213
4827,110.5,68,0.9908977301241767,0.9851607841258243
6516,110.03,110,0.990974892727817,0.9852925498463732
925,109.28,74,0.9910515293662412,0.9853811922401969
3327,106.37,71,0.991126125259627,0.9854662410234603
4798,105.25,107,0.9911999357116231,0.9855944131334488
4527,103.53,68,0.991272539950057,0.9856758683061516
1018,102.82000000000001,68,0.991344646274753,0.9857573234788546
6325,101.66,73,0.9914159391065813,0.9858447680024915
2113,99.48,101,0.9914857031328481,0.9859657528913591
2919,98.81,119,0.9915549972968553,0.9861082994435894
2780,95.7,65,0.9916221104584327,0.9861861610057318
6434,89.74,49,0.9916850439497595,0.9862448566448854
4321,89.22,64,0.9917476127718697,0.9863215203368411
3157,88.98,92,0.9918100132851108,0.9864317243940274
5307,88.18,34,0.9918718527687879,0.9864724519803789
2038,84.93,60,0.9919314130698619,0.9865443241915873
4766,83.21,22,0.9919897671573735,0.9865706773356971
308,83.0,85,0.9920479739746246,0.9866724963015758
400,79.42,60,0.9921036701845775,0.9867443685127842
2123,79.16999999999999,50,0.9921591910727916,0.9868042620221247
6133,78.42999999999999,42,0.9922141930086591,0.9868545725699706
3732,78.02,54,0.9922689074168752,0.9869192575600583
3412,77.97,59,0.9923235867607435,0.9869899319010799
2996,75.77,51,0.9923767232733113,0.9870510232806071
530,74.08,84,0.9924286746109253,0.987151644376299
1486,73.03,75,0.9924798895972369,0.9872414846403095
2253,70.6,27,0.9925294004562482,0.9872738271353534
5830,68.65,16,0.9925775438056974,0.9872929930583423
5532,68.56,43,0.9926256240393208,0.987344501476375
2855,67.43,84,0.9926729118186852,0.9874451225720668
1575,67.41,242,0.9927201855723105,0.9877350071572744
5035,66.79,41,0.9927670245280238,0.9877841198349335
2354,65.71,62,0.9928131060938258,0.9878583877865156
4229,65.11,48,0.9928587668874551,0.9879158855554824
5010,63.52,44,0.9929033126348261,0.9879685918437019
1735,62.35,65,0.99294703787646,0.9880464534058444
4662,62.34,48,0.9929907561052244,0.9881039511748112
4865,61.99,63,0.9930342288835545,0.9881794169965801
2107,60.53,43,0.9930766777829306,0.9882309254146128
504,60.02,45,0.9931187690259597,0.9882848295730192
4700,59.83,35,0.9931607270244674,0.9883267550295575
48,58.58,11,0.9932018084142816,0.9883399316016124
1976,58.12,47,0.9932425672120966,0.9883962315003924
2869,57.95,52,0.9932832067911291,0.9884585207501063
890,56.98,132,0.9933231661218156,0.988616639614765
1186,56.86,40,0.9933630412980674,0.9886645544222372
6574,56.31,43,0.9934025307664941,0.98871606284027
2320,55.43,61,0.9934414031024005,0.9887891329216653
5696,54.85,41,0.9934798686918732,0.9888382455993244
1719,54.620000000000005,72,0.9935181729853463,0.9889244922527746
4016,53.76,31,0.9935558741720381,0.9889616262285656
3165,53.44,53,0.9935933509469044,0.9890251133484664
6246,53.38,10,0.9936307856445533,0.9890370920503345
3830,53.31,116,0.9936681712521155,0.9891760449920042
5831,52.79,3,0.9937051921904612,0.9891796386025646
4158,52.67,44,0.9937421289743722,0.9892323448907842
154,52.15,73,0.9937787010890666,0.9893197894144211
4047,50.95,36,0.9938144316594154,0.9893629127411463
1707,50.61,45,0.9938499237921996,0.9894168168995526
1425,50.01,43,0.9938849951528108,0.9894683253175853
316,49.94,43,0.9939200174233351,0.989519833735618
151,48.47,39,0.9939540088020359,0.9895665506729036
6510,47.02,30,0.9939869833146522,0.9896024867785078
5935,46.08,7,0.9940192986175309,0.9896108718698154
4860,46.03,41,0.9940515788560619,0.9896599845474746
3008,45.41,54,0.9940834242966808,0.9897246695375622
2806,45.31,44,0.9941151996086044,0.9897773758257817
1316,45.15,213,0.994146862714615,0.9900325221755718
1666,45.040000000000006,31,0.9941784486790607,0.9900696561513629
1308,44.83,48,0.994209887373246,0.9901271539203297
3597,44.81,51,0.9942413120416921,0.9901882452998568
4091,44.79,64,0.994272722684399,0.9902649089918125
1785,44.38,65,0.9943038457994545,0.990342770553955
2624,43.85,44,0.994334597232424,0.9903954768421747
2226,43.74,46,0.9943652715238284,0.9904505788707678
2748,43.02,39,0.9943954408886254,0.9904972958080532
6004,42.67,39,0.994425364802988,0.9905440127453388
4782,42.62,45,0.9944552536530031,0.9905979169037451
5713,42.48,38,0.9944850443228445,0.9906434359708438
2351,42.25,28,0.9945146736966861,0.9906769763360744
147,41.96,37,0.994544099697311,0.9907212975329863
5288,41.91,24,0.9945734906335879,0.9907500464174698
3352,41.68,30,0.9946027202738653,0.9907859825230739
735,41.540000000000006,44,0.9946318517339691,0.9908386888112936
770,41.28,30,0.9946608008594646,0.9908746249168977
2579,41.09,33,0.9946896167404388,0.9909141546330624
1364,41.04,62,0.9947183975570651,0.9909884225846445
2938,40.92,30,0.9947470942192569,0.9910243586902487
5895,40.9,33,0.9947757768557095,0.9910638884064134
6343,40.22,9,0.994803982617033,0.9910746692380946
4805,39.87,31,0.9948319429279222,0.9911118032138857
405,39.06,26,0.994859335196378,0.9911429478387427
3073,38.81,35,0.9948865521430952,0.991184873295281
2941,38.41,28,0.9949134885750303,0.9912184136605117
1314,38.08,28,0.9949401935822704,0.9912519540257422
4212,37.2,30,0.9949662814569901,0.9912878901313464
4097,37.12,19,0.9949923132287536,0.9913106496648958
2774,37.05,27,0.9950182959104302,0.9913429921599396
4938,36.87,40,0.995044152360455,0.991390906967412
4837,36.73,24,0.995069910630306,0.9914196558518953
91,36.38,6,0.9950954234497228,0.9914268430730162
4165,36.37,33,0.9951209292562702,0.9914663727891808
3132,36.2,53,0.995146315844035,0.9915298599090816
3313,36.15,43,0.9951716673674522,0.9915813683271144
5592,35.29,21,0.9951964157840882,0.9916065236010374
1441,34.01,50,0.9952202665534222,0.9916664171103777
4546,33.96,44,0.9952440822584083,0.9917191233985972
5538,33.94,39,0.9952678839376553,0.9917658403358828
1765,33.74,46,0.9952915453595114,0.9918209423644759
1513,33.69,23,0.9953151717170197,0.9918484933787726
625,33.59,37,0.9953387279458326,0.9918928145756845
4101,33.58,27,0.9953622771617759,0.9919251570707283
1150,33.45,50,0.9953857352104151,0.9919850505800686
3649,33.42,4,0.9954091722204456,0.9919898420608159
5795,33.25,32,0.9954324900116938,0.9920281739067938
5661,33.08,29,0.9954556885841597,0.9920629121422111
3078,33.02,29,0.9954788450794083,0.9920976503776285
4888,33.02,26,0.9955020015746568,0.9921287950024856
2128,32.54,38,0.9955248214521673,0.9921743140695842
3202,32.23,27,0.9955474239307215,0.9922066565646281
859,32.11,16,0.9955699422548412,0.992225822487617
2206,32.01,43,0.9955923904502655,0.9922773309056497
5418,31.98,18,0.995614817607081,0.9922988925690123
3379,31.79,21,0.9956371115193752,0.9923240478429353
5926,31.28,19,0.9956590477753224,0.9923468073764846
255,30.98,17,0.9956807736451831,0.9923671711696603
720,30.61,26,0.9957022400388706,0.9923983157945173
3280,30.61,27,0.9957237064325581,0.9924306582895611
3526,29.64,25,0.9957444925778993,0.9924606050442314
1525,29.45,32,0.9957651454787192,0.9924989368902092
4352,29.26,39,0.9957856651350175,0.9925456538274947
5911,29.26,17,0.995806184791316,0.9925660176206704
4023,29.05,12,0.9958265571773539,0.9925803920629122
5755,29.05,27,0.9958469295633918,0.992612734557956
5679,28.92,27,0.9958672107821256,0.9926450770529998
5767,28.84,20,0.9958874358979031,0.9926690344567359
1092,28.67,29,0.995907541794898,0.9927037726921534
1461,28.41,18,0.9959274653572848,0.9927253343555159
5229,28.35,51,0.9959473468424545,0.992786425735043
4189,28.270000000000003,23,0.9959671722246676,0.9928139767493397
3863,28.12,18,0.9959868924138375,0.9928355384127022
5500,27.94,29,0.9960064863713556,0.9928702766481197
1241,27.91,27,0.9960260592902649,0.9929026191431635
4331,27.83,28,0.9960455761062179,0.9929361595083941
2500,27.75,34,0.9960650368192145,0.9929768870947455
4173,27.6,28,0.996084392339168,0.9930104274599761
217,27.42,13,0.9961036216274696,0.9930259997724047
2863,27.28,18,0.9961227527355974,0.9930475614357672
144,26.87,6,0.9961415963160738,0.993054748656888
4857,26.8,21,0.9961603908064635,0.993079903930811
2382,26.76,27,0.9961791572453748,0.9931122464258548
2270,26.65,15,0.996197846542721,0.9931302144786569
456,26.44,31,0.9962163885698068,0.993167348454448
5721,25.98,22,0.9962346080048933,0.9931937015985578
4937,25.77,21,0.9962526801697194,0.9932188568724807
4403,25.77,19,0.9962707523345454,0.99324161640603
1196,25.68,26,0.9962887613835455,0.9932727610308871
4479,25.66,29,0.9963067564068064,0.9933074992663045
4480,25.5,18,0.9963246392241547,0.9933290609296671
5701,25.42,17,0.9963424659385466,0.9933494247228428
384,25.16,17,0.99636011031833,0.9933697885160185
4539,25.13,28,0.996377733659505,0.9934033288812492
4195,25.1,10,0.9963953359620713,0.9934153075831172
3304,24.96,16,0.996412840084464,0.9934344735061061
4791,24.87,13,0.9964302810910307,0.9934500458185347
4804,24.55,27,0.9964474976857719,0.9934823883135785
4166,24.53,20,0.996464700254774,0.9935063457173147
2056,24.53,26,0.9964819028237761,0.9935374903421716
3045,24.51,22,0.9964990913670391,0.9935638434862814
1677,24.31,21,0.9965161396529111,0.9935889987602043
1660,24.25,18,0.9965331458615658,0.9936105604235669
6538,24.009999999999998,21,0.9965499837613514,0.9936357156974899
4675,23.99,17,0.9965668076353978,0.9936560794906656
2116,23.67,33,0.9965834070976186,0.9936956092068303
5044,23.34,23,0.9965997751351445,0.9937231602211268
4348,23.31,12,0.9966161221340617,0.9937375346633686
4894,23.29,39,0.9966324551072399,0.9937842516006541
4378,23.08,17,0.9966486408101575,0.9938046153938298
836,22.95,53,0.9966647353457708,0.9938681025137306
2577,22.78,23,0.9966807106626019,0.9938956535280272
3016,22.59,16,0.9966965527349116,0.9939148194510161
2390,22.25,16,0.9967121563696567,0.993933985374005
2993,22.18,15,0.9967277109143149,0.9939519534268071
3417,22.14,22,0.9967432374074948,0.9939783065709169
954,22.07,35,0.996758714810588,0.9940202320274552
6554,22.07,120,0.9967741922136812,0.9941639764498721
4190,21.98,25,0.9967896065009485,0.9941939232045424
4949,21.56,17,0.9968047262476947,0.9942142869977181
4046,21.51,20,0.9968198109300932,0.9942382444014543
6366,21.060000000000002,22,0.996834580033362,0.994264597545564
1209,21.0,22,0.9968493070594135,0.9942909506896738
4127,20.95,13,0.9968639990211172,0.9943065230021023
6307,20.78,8,0.9968785717640387,0.9943161059635968
1437,20.59,22,0.9968930112624388,0.9943424591077065
1152,20.59,30,0.9969074507608389,0.9943783952133107
6229,20.55,18,0.9969218622077607,0.9943999568766733
2371,20.29,22,0.9969360913200743,0.9944263100207831
2524,20.21,13,0.9969502643294315,0.9944418823332115
6377,20.2,24,0.9969644303259191,0.994470631217695
811,20.17,13,0.996978575283798,0.9944862035301234
136,20.16,35,0.9969927132288073,0.9945281289866618
6315,20.1,21,0.9970068090965996,0.9945532842605846
5271,20.07,22,0.9970208839257831,0.9945796374046945
4614,19.9,24,0.9970348395361842,0.9946083862891778
2505,19.82,10,0.9970487390436291,0.9946203649910459
1270,19.82,20,0.9970626385510739,0.9946443223947821
4280,19.71,26,0.9970764609169537,0.994675467019639
4355,19.69,16,0.9970902692570943,0.994694632942628
338,19.59,13,0.9971040074685396,0.9947102052550565
847,19.53,16,0.9971177036027674,0.9947293711780454
1638,19.33,26,0.9971312594796045,0.9947605158029025
2383,19.2,39,0.9971447241891372,0.9948072327401879
5588,19.09,19,0.997158111757105,0.9948299922737373
2534,18.86,18,0.9971713380290732,0.9948515539370998
4880,18.79,23,0.9971845152109546,0.9948791049513964
2668,18.74,26,0.9971976573284882,0.9949102495762534
5533,18.68,17,0.9972107573688044,0.9949306133694291
4853,18.66,18,0.9972238433833815,0.9949521750327917
5874,18.64,22,0.9972369153722196,0.9949785281769015
3104,18.62,25,0.9972499733353186,0.9950084749315716
434,18.54,7,0.9972629751954613,0.9950168600228794
5896,18.37,25,0.9972758578368216,0.9950468067775495
2578,18.31,21,0.9972886984009647,0.9950719620514725
3106,18.29,11,0.9973015249393686,0.9950851386235273
1390,18.22,25,0.9973143023876856,0.9951150853781976
4017,18.21,10,0.9973270728231332,0.9951270640800657
3972,18.12,14,0.9973397801427548,0.9951438342626809
2152,18.12,21,0.9973524874623765,0.9951689895366039
6648,18.0,18,0.9973651106275634,0.9951905511999665
4776,17.93,25,0.9973776847026635,0.9952204979546366
1581,17.82,27,0.9973901816361987,0.9952528404496804
2176,17.75,10,0.997402629479647,0.9952648191515485
2724,17.48,15,0.9974148879756175,0.9952827872043507
6271,17.47,11,0.9974271394587184,0.9952959637764055
3809,17.29,21,0.9974392647101675,0.9953211190503285
2793,17.12,21,0.9974512707428344,0.9953462743242515
5436,17.1,13,0.997463262749762,0.99536184663668
1869,16.93,17,0.9974751355379073,0.9953822104298558
2518,16.92,15,0.997487001313183,0.9954001784826578
2233,16.86,20,0.9974988250112417,0.995424135886394
1323,16.79,16,0.9975105996192133,0.9954433018093829
874,16.71,15,0.9975223181242285,0.9954612698621851
5723,16.57,18,0.9975339384490701,0.9954828315255476
3692,16.38,15,0.9975454255293903,0.9955007995783497
2127,16.0,6,0.9975566461206675,0.9955079867994705
4397,15.91,19,0.997567803596119,0.9955307463330199
2889,15.89,9,0.9975789470458312,0.9955415271647011
4663,15.68,16,0.9975899432252829,0.9955606930876901
4090,15.57,18,0.9976008622631697,0.9955822547510527
4957,15.54,14,0.9976117602624478,0.9955990249336679
2274,15.49,4,0.9976226231973782,0.9956038164144152
4560,15.29,8,0.9976333458749176,0.9956133993759096
5779,15.29,14,0.997644068552457,0.9956301695585249
6633,15.18,12,0.9976547140884313,0.9956445440007666
3964,15.17,14,0.9976653526115361,0.995661314183382
4497,15.14,10,0.9976759700960323,0.99567329288525
2501,15.12,17,0.9976865735547894,0.9956936566784258
2705,15.07,15,0.9976971419491988,0.9957116247312279
162,14.99,5,0.9977076542406517,0.9957176140821619
3416,14.91,11,0.9977181104291483,0.9957307906542168
1561,14.9,16,0.9977285596047751,0.9957499565772058
2,14.89,12,0.9977390017675326,0.9957643310194474
6545,14.84,6,0.9977494088659423,0.9957715182405683
1090,14.8,21,0.9977597879128739,0.9957966735144912
4400,14.68,9,0.9977700828053708,0.9958074543461725
427,14.62,9,0.9977803356206506,0.9958182351778537
4458,14.62,7,0.9977905884359303,0.9958266202691615
3549,14.61,13,0.9978008342383405,0.9958421925815899
3501,14.5,9,0.9978110028991856,0.9958529734132712
1914,14.49,9,0.9978211645471611,0.9958637542449524
6440,14.489999999999998,11,0.9978313261951366,0.9958769308170073
6152,14.45,18,0.997841459791634,0.9958984924803699
4244,14.34,17,0.9978515162465663,0.9959188562735456
1705,14.22,13,0.997861488547064,0.9959344285859741
2602,14.01,10,0.9978713135773012,0.9959464072878422
3949,13.87,13,0.9978810404273648,0.9959619796002707
5095,13.79,13,0.997890711174472,0.9959775519126992
2854,13.72,13,0.9979003328314924,0.9959931242251278
4210,13.71,12,0.9979099474756431,0.9960074986673694
4815,13.7,17,0.9979195551069242,0.9960278624605452
461,13.69,13,0.9979291557253359,0.9960434347729736
5527,13.68,35,0.9979387493308779,0.9960853602295119
2280,13.66,10,0.9979483289106809,0.99609733893138
3457,13.65,5,0.9979579014776143,0.9961033282823141
5306,13.59,17,0.9979674319673305,0.9961236920754898
5921,13.55,12,0.9979769344055686,0.9961380665177315
1243,13.53,13,0.9979864228180675,0.99615363883016
1742,13.43,15,0.9979958411018709,0.9961716068829621
2525,13.42,12,0.9980052523728047,0.9961859813252038
5050,13.37,21,0.9980146285793908,0.9962111365991267
3064,13.2,15,0.9980238855671947,0.9962291046519288
5531,13.14,12,0.998033100477781,0.9962434790941705
5653,13.05,16,0.9980422522725417,0.9962626450171594
6372,12.98,16,0.9980513549772154,0.9962818109401484
1649,12.97,12,0.9980604506690196,0.9962961853823901
579,12.94,14,0.998069525322215,0.9963129555650054
5693,12.75,9,0.9980784667308892,0.9963237363966867
759,12.71,15,0.9980873800880851,0.9963417044494888
990,12.69,8,0.9980962794195419,0.9963512874109832
1205,12.68,11,0.9981051717381292,0.9963644639830381
5257,12.66,10,0.9981140500309773,0.9963764426849062
2147,12.55,11,0.9981228511822605,0.9963896192569611
5313,12.530000000000001,19,0.9981316383078046,0.9964123787905105
1764,12.51,20,0.9981404114076096,0.9964363361942467
4843,12.41,21,0.9981491143787189,0.9964614914681696
4987,12.34,11,0.9981577682597417,0.9964746680402244
965,12.3,13,0.9981663940892861,0.996490240352653
480,12.25,4,0.9981749848544829,0.9964950318334003
2597,12.23,15,0.9981835615939404,0.9965129998862023
243,12.22,11,0.9981921313205284,0.9965261764582573
4261,12.22,54,0.9982007010471166,0.9965908614483449
4048,12.200000000000001,10,0.9982092567479655,0.9966028401502129
2546,12.2,11,0.9982178124488144,0.9966160167222679
5869,12.17,5,0.9982263471110546,0.9966220060732018
3801,12.08,9,0.9982348186574691,0.9966327869048831
6148,12.03,14,0.9982432551395357,0.9966495570874985
588,11.97,13,0.9982516495443851,0.9966651293999269
3785,11.91,7,0.9982600018720171,0.9966735144912345
391,11.9,8,0.9982683471867796,0.9966830974527291
3973,11.89,15,0.9982766854886724,0.9967010655055312
4713,11.870000000000001,5,0.9982850097648264,0.9967070548564652
1040,11.850000000000001,11,0.9982933200152412,0.9967202314285201
2727,11.66,15,0.9983014970211346,0.9967381994813223
3548,11.61,15,0.9983096389626802,0.9967561675341243
3749,11.54,14,0.998317731814139,0.9967729377167396
957,11.4,9,0.9983257264854241,0.996783718548421
5764,11.39,9,0.9983337141438395,0.9967944993801022
1552,11.22,8,0.9983415825834727,0.9968040823415967
4032,11.18,11,0.9983494229716278,0.9968172589136516
1385,11.15,5,0.9983572423211741,0.9968232482645856
2905,11.09,19,0.9983650195935032,0.9968460077981349
3181,11.07,13,0.9983727828400932,0.9968615801105635
1217,11.05,12,0.9983805320609442,0.9968759545528051
4960,10.94,15,0.99838820414023,0.9968939226056073
6157,10.809999999999999,10,0.9983957850522118,0.9969059013074754
1242,10.75,12,0.9984033238869763,0.996920275749717
4418,10.74,8,0.9984108557088712,0.9969298587112114
3305,10.73,11,0.9984183805178966,0.9969430352832663
858,10.73,23,0.9984259053269219,0.996970586297563
4706,10.719999999999999,16,0.9984334231230777,0.9969897522205519
5126,10.69,12,0.9984409198806248,0.9970041266627936
438,10.63,35,0.9984483745609546,0.9970460521193318
268,10.55,14,0.9984557731383281,0.9970628223019471
2186,10.540000000000001,11,0.9984631647028321,0.997075998874002
1296,10.54,6,0.998470556267336,0.9970831860951229
2992,10.54,3,0.9984779478318401,0.9970867797056833
6542,10.46,13,0.9984852832933876,0.9971023520181118
984,10.36,11,0.9984925486262397,0.9971155285901667
2570,10.34,7,0.9984997999333527,0.9971239136814743
1159,10.33,9,0.9985070442275962,0.9971346945131556
2397,10.32,8,0.9985142815089701,0.9971442774746501
4935,10.31,11,0.9985215117774745,0.997157454046705
2825,10.3,8,0.9985287350331093,0.9971670370081994
4723,10.24,10,0.9985359162115268,0.9971790157100675
2890,10.219999999999999,10,0.9985430833642052,0.9971909944119356
2775,10.21,9,0.998550243504014,0.9972017752436169
6579,10.19,10,0.9985573896180837,0.997213753945485
3991,10.09,7,0.998564465603458,0.9972221390367926
1235,10.08,10,0.9985715345759628,0.9972341177386607
3178,10.08,13,0.9985786035484676,0.9972496900510892
6518,10.03,8,0.9985856374566247,0.9972592730125837
1327,10.01,7,0.9985926573390425,0.9972676581038913
4529,9.989999999999998,9,0.9985996631957212,0.9972784389355726
4467,9.91,17,0.9986066129494436,0.9972988027287483
6578,9.86,32,0.9986135276388184,0.9973371345747262
523,9.83,10,0.9986204212895844,0.9973491132765943
2733,9.83,7,0.9986273149403505,0.9973574983679019
3535,9.73,8,0.998634138462421,0.9973670813293963
5649,9.69,6,0.9986409339330132,0.9973742685505171
6436,9.62,7,0.9986476803135188,0.9973826536418249
2304,9.61,12,0.9986544196811549,0.9973970280840665
3070,9.57,8,0.9986611309973127,0.9974066110455609
5980,9.57,8,0.9986678423134705,0.9974161940070555
1610,9.46,9,0.9986744764880632,0.9974269748387368
3267,9.34,6,0.9986810265082213,0.9974341620598576
5467,9.29,9,0.9986875414640318,0.9974449428915388
4637,9.23,14,0.998694014342625,0.9974617130741541
1268,9.13,12,0.9987004170925224,0.9974760875163958
3760,9.1,17,0.9987067988038115,0.9974964513095715
982,9.1,11,0.9987131805151005,0.9975096278816264
1517,9.07,7,0.998719541187781,0.9975180129729341
4621,9.04,11,0.9987258808218527,0.997531189544989
4999,9.03,6,0.9987322134430549,0.9975383767661099
4126,8.95,4,0.9987384899613005,0.9975431682468571
524,8.95,6,0.9987447664795462,0.997550355467978
2638,8.93,9,0.9987510289720529,0.9975611362996593
2175,8.76,7,0.9987571722457772,0.9975695213909669
1844,8.64,13,0.998763231365067,0.9975850937033953
445,8.59,8,0.9987692554200089,0.9975946766648899
2569,8.56,6,0.9987752584363424,0.9976018638860107
2616,8.53,12,0.9987812404140671,0.9976162383282524
3962,8.52,6,0.9987872153789223,0.9976234255493732
3112,8.5,10,0.9987931763180384,0.9976354042512413
1131,8.44,10,0.9987990951799371,0.9976473829531094
848,8.34,8,0.9988049439131406,0.9976569659146038
4388,8.28,9,0.9988107505691266,0.9976677467462851
2803,8.18,7,0.998816487096417,0.9976761318375927
3481,8.14,12,0.9988221955722293,0.9976905062798345
618,8.11,8,0.9988278830094331,0.9977000892413289
4667,8.06,19,0.9988335353822891,0.9977228487748783
5219,8.05,7,0.9988391807422755,0.9977312338661859
4735,8.0,12,0.9988447910379142,0.9977456083084276
307,7.98,7,0.9988503873078137,0.9977539933997353
2734,7.95,8,0.9988559625391047,0.9977635763612297
609,7.94,8,0.998861530757526,0.9977731593227241
3473,7.85,7,0.9988670358601215,0.9977815444140319
2357,7.84,9,0.9988725339498474,0.9977923252457132
1523,7.77,7,0.9988779829494865,0.9978007103370208
4255,7.61,25,0.9988833197432129,0.9978306570916909
516,7.59,6,0.9988886425112001,0.9978378443128119
4171,7.59,8,0.9988939652791874,0.9978474272743063
2571,7.58,8,0.998899281034305,0.9978570102358008
6383,7.55,11,0.998904575750814,0.9978701868078557
1332,7.5,5,0.9989098354029753,0.9978761761587897
3443,7.46,22,0.9989150670036584,0.9979025293028995
4849,7.46,9,0.9989202986043414,0.9979133101345807
5255,7.45,9,0.9989255231921549,0.997924090966262
5902,7.4,7,0.9989307127156206,0.9979324760575696
2669,7.34,7,0.9989358601618691,0.9979408611488773
1812,7.32,4,0.9989409935823785,0.9979456526296245
1143,7.32,5,0.998946127002888,0.9979516419805585
2418,7.31,6,0.9989512534105278,0.9979588292016794
5406,7.300000000000001,9,0.9989563728052981,0.9979696100333607
3422,7.28,6,0.9989614781743293,0.9979767972544815
5870,7.27,11,0.998966576530491,0.9979899738265364
6209,7.2,4,0.9989716257965657,0.9979947653072837
4854,7.17,12,0.9989766540240319,0.9980091397495253
5236,7.11,5,0.9989816401742808,0.9980151291004594
2858,7.04,6,0.9989865772344428,0.9980223163215802
809,6.97,2,0.998991465204518,0.9980247120619539
3677,6.93,10,0.998996325123115,0.998036690763822
3784,6.91,15,0.9990011710159729,0.998054658816624
4833,6.88,8,0.999005995870222,0.9980642417781185
2790,6.8,6,0.9990107646215148,0.9980714289992394
6093,6.74,3,0.9990154912955904,0.9980750226097997
175,6.73,4,0.9990202109567965,0.998079814090547
3476,6.72,7,0.999024923605133,0.9980881991818547
1629,6.69,8,0.9990296152148607,0.9980977821433491
5228,6.63,5,0.9990342647473712,0.9981037714942832
3843,6.63,5,0.9990389142798817,0.9981097608452172
2294,6.61,4,0.9990435497866532,0.9981145523259645
5745,6.58,6,0.999048164254816,0.9981217395470853
2432,6.5600000000000005,6,0.9990527646972398,0.9981289267682061
710,6.56,8,0.9990573651396635,0.9981385097297006
1124,6.52,6,0.999061937530609,0.9981456969508214
64,6.47,13,0.9990664748572068,0.99816126926325
3082,6.46,4,0.999071005170935,0.9981660607439972
5222,6.44,4,0.9990755214589241,0.9981708522247444
5241,6.42,4,0.9990800237211741,0.9981756437054916
1930,6.29,5,0.99908443481612,0.9981816330564257
766,6.28,4,0.9990888388981963,0.9981864245371729
6091,6.28,7,0.9990932429802727,0.9981948096284805
2424,6.26,4,0.99909763303661,0.9981996011092278
2896,6.25,9,0.9991020160800776,0.998210381940909
4868,6.19,3,0.9991063570463281,0.9982139755514695
5220,6.19,4,0.9991106980125785,0.9982187670322167
1292,6.18,8,0.9991150319659593,0.9982283499937111
61,6.13,8,0.9991193308549924,0.9982379329552057
725,6.12,7,0.999123622731156,0.9982463180465133
6245,6.07,2,0.9991278795429719,0.998248713786887
2682,6.07,4,0.9991321363547878,0.9982535052676341
666,6.06,6,0.9991363861537341,0.998260692488755
202,6.04,7,0.9991406219269413,0.9982690775800627
1093,6.03,5,0.999144850687279,0.9982750669309967
1535,6.01,10,0.9991490654218775,0.9982870456328647
5862,5.94,8,0.9991532310663892,0.9982966285943592
5196,5.93,9,0.9991573896980314,0.9983074094260405
3769,5.92,9,0.9991615413168039,0.9983181902577217
2955,5.91,8,0.9991656859227068,0.9983277732192163
2124,5.91,6,0.9991698305286099,0.9983349604403371
62,5.88,7,0.9991739540959043,0.9983433455316447
1398,5.87,4,0.9991780706503292,0.998348137012392
3127,5.8,7,0.9991821381146673,0.9983565221036996
648,5.79,4,0.9991861985661358,0.9983613135844469
2096,5.78,12,0.9991902520047347,0.9983756880266885
3072,5.77,6,0.9991942984304641,0.9983828752478094
3659,5.77,7,0.9991983448561935,0.9983912603391171
714,5.76,12,0.9992023842690534,0.9984056347813588
6616,5.75,3,0.9992064166690436,0.9984092283919191
3818,5.74,2,0.9992104420561644,0.9984116241322928
755,5.73,7,0.9992144604304156,0.9984200092236004
4056,5.66,7,0.9992184297145799,0.998428394314908
1678,5.64,6,0.9992223849730051,0.998435581536029
1265,5.63,3,0.9992263332185607,0.9984391751465894
6452,5.59,5,0.9992302534126383,0.9984451644975234
5812,5.56,4,0.9992341525681072,0.9984499559782707
4538,5.54,4,0.9992380376978369,0.9984547474590179
4514,5.52,2,0.9992419088018276,0.9984571431993915
5832,5.52,8,0.9992457799058183,0.9984667261608859
1524,5.5,9,0.99924963698407,0.9984775069925672
114,5.49,6,0.9992534870494519,0.998484694213688
6503,5.49,7,0.999257337114834,0.9984930793049958
5492,5.47,7,0.9992611731544769,0.9985014643963034
752,5.46,8,0.9992650021812503,0.9985110473577978
5643,5.44,3,0.9992688171822846,0.9985146409683583
2797,5.41,4,0.9992726111447101,0.9985194324491055
909,5.4,2,0.9992763980942662,0.9985218281894791
4155,5.39,4,0.9992801780309526,0.9985266196702264
4613,5.38,5,0.9992839509547695,0.9985326090211604
2813,5.37,11,0.999287716865717,0.9985457855932153
4519,5.33,8,0.9992914547251864,0.9985553685547097
2690,5.24,9,0.9992951294688297,0.998566149386391
1325,5.23,8,0.9992987971996035,0.9985757323478854
3487,5.23,5,0.9993024649303772,0.9985817216988195
5624,5.22,14,0.9993061256482815,0.9985984918814348
1439,5.2,9,0.9993097723404466,0.9986092727131161
4323,5.2,5,0.9993134190326117,0.9986152620640502
317,5.17,5,0.9993170446861681,0.9986212514149841
2188,5.13,3,0.9993206422882464,0.9986248450255446
617,5.13,6,0.9993242398903246,0.9986320322466654
6432,5.13,4,0.9993278374924027,0.9986368237274127
4422,5.1,4,0.9993314140558724,0.9986416152081599
5726,5.1,3,0.9993349906193422,0.9986452088187203
4593,5.08,6,0.9993385531570728,0.9986523960398411
5395,5.08,4,0.9993421156948034,0.9986571875205884
674,5.07,4,0.9993456712196644,0.9986619790013356
2295,5.07,2,0.9993492267445255,0.9986643747417092
1983,5.04,4,0.9993527612307779,0.9986691662224565
57,5.02,6,0.9993562816912912,0.9986763534435773
6487,4.97,9,0.9993597670874567,0.9986871342752586
3211,4.96,6,0.9993632454707526,0.9986943214963795
884,4.94,5,0.9993667098283094,0.9987003108473135
2467,4.9,8,0.999370146134388,0.9987098938088079
193,4.83,5,0.9993735333503799,0.998715883159742
3775,4.81,4,0.9993769065406327,0.9987206746404892
2091,4.76,5,0.9993802446665377,0.9987266639914233
2572,4.75,5,0.9993835757795733,0.9987326533423573
6560,4.72,2,0.999386885854,0.9987350490827309
5449,4.71,6,0.9993901889155572,0.9987422363038517
6,4.69,3,0.9993934779513753,0.9987458299144122
5888,4.66,5,0.9993967459485849,0.9987518192653462
5309,4.65,10,0.9994000069329247,0.9987637979672143
228,4.64,4,0.9994032609043951,0.9987685894479615
4845,4.63,4,0.9994065078629959,0.9987733809287087
4379,4.62,5,0.9994097478087273,0.9987793702796428
2574,4.62,2,0.9994129877544587,0.9987817660200164
4891,4.61,4,0.9994162206873206,0.9987865575007636
5508,4.6,6,0.9994194466073129,0.9987937447218845
1853,4.59,8,0.9994226655144356,0.998803327683379
646,4.58,6,0.9994258774086888,0.9988105149044998
5734,4.55,4,0.9994290682643333,0.9988153063852471
3924,4.53,6,0.9994322450942388,0.9988224936063679
570,4.51,4,0.999435407898405,0.9988272850871152
6154,4.51,6,0.9994385707025714,0.998834472308236
3934,4.48,4,0.999441712468129,0.9988392637889831
2767,4.47,6,0.9994448472208171,0.998846451010104
6250,4.47,4,0.9994479819735052,0.9988512424908512
6242,4.45,4,0.9994511027004541,0.9988560339715985
2629,4.43,5,0.999454209401664,0.9988620233225325
6028,4.42,3,0.9994573090900043,0.998865616933093
5913,4.42,6,0.9994604087783446,0.9988728041542138
2006,4.41,2,0.9994635014538154,0.9988751998945874
2249,4.33,3,0.9994665380263299,0.9988787935051479
1752,4.32,2,0.9994695675859748,0.9988811892455215
3951,4.31,1,0.9994725901327501,0.9988823871157083
2891,4.31,6,0.9994756126795256,0.9988895743368291
1010,4.3,4,0.9994786282134314,0.9988943658175764
2043,4.27,4,0.9994816227087285,0.9988991572983236
2904,4.24,6,0.999484596165417,0.9989063445194444
2749,4.24,5,0.9994875696221055,0.9989123338703785
3024,4.23,5,0.9994905360659244,0.9989183232213125
2859,4.18,3,0.9994934674453956,0.9989219168318729
2093,4.18,5,0.9994963988248667,0.998927906182807
190,4.14,3,0.9994993021528596,0.9989314997933674
6017,4.12,4,0.9995021914551137,0.9989362912741147
4762,4.11,9,0.999505073744498,0.9989470721057959
5111,4.1,5,0.9995079490210129,0.9989530614567299
5505,4.09,6,0.9995108172846583,0.9989602486778508
5802,4.09,3,0.9995136855483037,0.9989638422884112
5351,4.07,3,0.9995165397862098,0.9989674358989716
4578,4.05,5,0.9995193799983769,0.9989734252499056
1824,4.04,5,0.9995222131976745,0.9989794146008397
2964,4.03,3,0.9995250393841025,0.9989830082114002
5817,4.01,6,0.9995278515447914,0.998990195432521
396,4.0,8,0.9995306566926108,0.9989997783940154
3678,3.98,11,0.9995334478146909,0.9990129549660703
2762,3.98,5,0.9995362389367711,0.9990189443170043
4550,3.97,3,0.9995390230459819,0.9990225379275648
3665,3.95,5,0.9995417931294533,0.9990285272784988
1287,3.95,6,0.999544563212925,0.9990357144996197
5155,3.94,3,0.9995473262835269,0.99903930811018
5292,3.93,3,0.9995500823412594,0.9990429017207405
3180,3.89,3,0.9995528103475136,0.999046495331301
5166,3.88,1,0.9995555313408984,0.9990476932014878
1531,3.87,9,0.9995582453214136,0.999058474033169
934,3.84,2,0.9995609382633203,0.9990608697735427
2367,3.84,5,0.9995636312052268,0.9990668591244767
6305,3.8,5,0.9995662960956553,0.9990728484754107
4738,3.78,3,0.9995689469603445,0.9990764420859711
2101,3.75,3,0.9995715767864252,0.9990800356965316
2076,3.75,5,0.9995742066125057,0.9990860250474656
6280,3.71,4,0.9995768083871082,0.9990908165282129
4251,3.7,5,0.999579403148841,0.9990968058791468
5840,3.66,2,0.9995819698590956,0.9990992016195205
5242,3.64,3,0.9995845225436112,0.9991027952300809
5700,3.63,2,0.9995870682152571,0.9991051909704546
4005,3.61,1,0.9995895998611641,0.9991063888406413
1617,3.61,3,0.9995921315070712,0.9991099824512018
1365,3.6,5,0.9995946561401087,0.9991159718021358
4581,3.58,2,0.999597166747407,0.9991183675425094
4393,3.55,2,0.9995996563160967,0.999120763282883
4498,3.53,2,0.9996021318590472,0.9991231590232567
5841,3.53,6,0.9996046074019979,0.9991303462443775
5474,3.52,4,0.9996070759320789,0.9991351377251247
2768,3.5,4,0.9996095304364208,0.9991399292058719
2990,3.5,2,0.9996119849407628,0.9991423249462456
2795,3.49,4,0.999614432432235,0.9991471164269928
257,3.48,3,0.9996168729108379,0.9991507100375532
3303,3.47,3,0.9996193063765711,0.9991543036481136
370,3.46,8,0.9996217328294348,0.9991638866096081
4333,3.45,2,0.999624152269429,0.9991662823499817
2212,3.45,2,0.9996265717094232,0.9991686780903554
6224,3.44,2,0.9996289841365477,0.999171073830729
3643,3.44,5,0.9996313965636723,0.999177063181663
1194,3.39,3,0.9996337739264491,0.9991806567922235
1716,3.37,2,0.999636137263487,0.9991830525325971
4739,3.37,8,0.9996385006005248,0.9991926354940915
1233,3.36,2,0.9996408569246932,0.9991950312344651
2331,3.33,4,0.9996431922102528,0.9991998227152123
4292,3.3,3,0.9996455064572037,0.9992034163257728
4549,3.28,2,0.9996478066784157,0.9992058120661463
4186,3.17,2,0.9996500297580624,0.99920820780652
6662,3.14,2,0.9996522317991006,0.9992106035468936
3541,3.12,4,0.9996544198143997,0.9992153950276409
5428,3.11,4,0.9996566008168293,0.9992201865083881
1185,3.09,4,0.9996587677935198,0.9992249779891353
5549,3.05,3,0.9996609067187321,0.9992285715996957
5655,3.04,5,0.9996630386310748,0.9992345609506298
3179,3.04,5,0.9996651705434175,0.9992405503015638
1723,3.03,5,0.9996672954428907,0.9992465396524979
5800,3.02,3,0.9996694133294942,0.9992501332630583
2731,3.0,2,0.9996715171903587,0.9992525290034319
295,2.99,4,0.9996736140383538,0.9992573204841791
5963,2.98,2,0.9996757038734791,0.9992597162245528
4807,2.96,5,0.9996777796828654,0.9992657055754868
1628,2.96,3,0.9996798554922517,0.9992692991860472
5009,2.96,5,0.999681931301638,0.9992752885369812
4836,2.94,3,0.9996839930852851,0.9992788821475417
6021,2.94,2,0.9996860548689323,0.9992812778879153
2225,2.93,5,0.9996881096397099,0.9992872672388493
6130,2.93,3,0.9996901644104875,0.9992908608494098
998,2.91,1,0.999692205155526,0.9992920587195966
5113,2.91,3,0.9996942459005645,0.9992956523301569
568,2.89,2,0.9996962726198639,0.9992980480705306
2553,2.88,4,0.9996982923262938,0.9993028395512779
5163,2.85,4,0.9997002909941151,0.999307631032025
901,2.85,3,0.9997022896619364,0.9993112246425855
3882,2.83,3,0.9997042743040186,0.9993148182531459
2551,2.83,2,0.9997062589461009,0.9993172139935195
3359,2.83,3,0.9997082435881831,0.9993208076040799
2547,2.82,3,0.9997102212173958,0.9993244012146404
660,2.76,3,0.9997121567693912,0.9993279948252007
5199,2.75,2,0.9997140853085169,0.9993303905655744
2291,2.75,3,0.9997160138476427,0.9993339841761348
2010,2.75,3,0.9997179423867686,0.9993375777866953
3495,2.74,4,0.9997198639130248,0.9993423692674425
2738,2.73,2,0.9997217784264114,0.9993447650078161
3185,2.72,4,0.9997236859269286,0.9993495564885634
661,2.71,2,0.9997255864145762,0.9993519522289369
5912,2.7,4,0.9997274798893542,0.9993567437096842
6207,2.68,2,0.9997293593383931,0.9993591394500578
4476,2.68,4,0.999731238787432,0.999363930930805
3451,2.63,3,0.9997330831721232,0.9993675245413655
1014,2.6,4,0.9997349065182057,0.9993723160221127
3774,2.56,9,0.9997367018128102,0.999383096853794
5730,2.54,2,0.9997384830816755,0.9993854925941675
2243,2.54,2,0.9997402643505408,0.9993878883345412
5515,2.51,1,0.9997420245807974,0.999389086204728
1094,2.51,3,0.9997437848110541,0.9993926798152885
4920,2.5,2,0.9997455380284411,0.999395075555662
4399,2.49,5,0.9997472842329587,0.9994010649065961
2453,2.48,3,0.9997490234246066,0.9994046585171565
1652,2.48,3,0.9997507626162546,0.9994082521277169
4688,2.48,5,0.9997525018079025,0.999414241478651
4764,2.46,2,0.9997542269738114,0.9994166372190246
4931,2.43,5,0.9997559311011116,0.9994226265699586
5522,2.41,1,0.9997576212026728,0.9994238244401454
5167,2.4,3,0.9997593042913643,0.9994274180507059
4923,2.4,3,0.9997609873800558,0.9994310116612662
3779,2.4,2,0.9997626704687473,0.9994334074016399
4615,2.39,2,0.9997643465445694,0.9994358031420135
1285,2.38,1,0.9997660156075218,0.9994370010122003
4108,2.36,3,0.9997676706447353,0.9994405946227607
2198,2.35,2,0.9997693186690791,0.9994429903631343
3922,2.35,2,0.999770966693423,0.999445386103508
6039,2.31,5,0.9997725866662888,0.999451375454442
5813,2.31,3,0.9997742066391545,0.9994549690650024
2527,2.29,5,0.999775812586281,0.9994609584159365
108,2.28,2,0.9997774115205381,0.99946335415631
1381,2.27,3,0.9997790034419256,0.9994669477668705
993,2.26,4,0.9997805883504435,0.9994717392476178
1881,2.24,3,0.9997821592332223,0.9994753328581781
989,2.24,3,0.9997837301160012,0.9994789264687386
1262,2.21,1,0.9997852799601713,0.9994801243389254
2442,2.2,2,0.9997868227914719,0.999482520079299
472,2.19,4,0.999788358609903,0.9994873115600462
2835,2.16,2,0.9997898733897254,0.9994897073004199
5048,2.15,3,0.9997913811566782,0.9994933009109803
1041,2.11,4,0.9997928608721529,0.9994980923917275
6656,2.09,2,0.9997943265618886,0.9995004881321011
432,2.08,3,0.9997957852387547,0.9995040817426616
377,2.08,2,0.9997972439156209,0.9995064774830351
5658,2.07,2,0.9997986955796173,0.9995088732234088
2814,2.07,2,0.9998001472436139,0.9995112689637824
2745,2.05,3,0.9998015848818713,0.9995148625743429
1754,2.05,5,0.9998030225201288,0.9995208519252768
4914,2.05,2,0.9998044601583862,0.9995232476656505
4750,2.04,2,0.9998058907837741,0.9995256434060241
2217,2.02,2,0.9998073073834229,0.9995280391463977
652,2.01,4,0.9998087169702021,0.9995328306271449
6595,2.0,1,0.9998101195441118,0.9995340284973318
3158,1.99,1,0.9998115151051519,0.9995352263675186
3742,1.99,2,0.999812910666192,0.9995376221078922
3465,1.98,2,0.9998142992143626,0.9995400178482657
3437,1.98,2,0.9998156877625332,0.9995424135886394
3040,1.98,4,0.9998170763107037,0.9995472050693867
911,1.96,4,0.9998184508331351,0.9995519965501338
831,1.96,2,0.9998198253555666,0.9995543922905075
2129,1.95,1,0.9998211928651285,0.9995555901606943
3365,1.95,1,0.9998225603746903,0.9995567880308811
4951,1.95,1,0.9998239278842522,0.9995579859010679
5327,1.93,2,0.999825281368075,0.9995603816414416
4307,1.92,2,0.9998266278390282,0.9995627773818151
3090,1.9,1,0.9998279602842424,0.9995639752520019
3286,1.9,1,0.9998292927294565,0.9995651731221887
2834,1.88,1,0.9998306111489315,0.9995663709923756
1490,1.88,1,0.9998319295684065,0.9995675688625624
2980,1.88,1,0.9998332479878815,0.9995687667327492
810,1.87,1,0.9998345593944872,0.999569964602936
3149,1.86,2,0.9998358637882232,0.9995723603433095
2770,1.86,2,0.9998371681819592,0.9995747560836832
2436,1.86,2,0.9998384725756954,0.9995771518240568
6378,1.85,3,0.9998397699565619,0.9995807454346173
6082,1.85,1,0.9998410673374283,0.9995819433048041
2916,1.83,1,0.9998423506925558,0.9995831411749909
2675,1.83,1,0.9998436340476832,0.9995843390451776
1879,1.82,2,0.9998449103899409,0.9995867347855513
4366,1.82,3,0.9998461867321988,0.9995903283961117
3979,1.82,1,0.9998474630744567,0.9995915262662985
5248,1.81,1,0.999848732403845,0.9995927241364854
501,1.81,3,0.9998500017332332,0.9995963177470457
5326,1.8,2,0.999851264049752,0.9995987134874194
3029,1.8,1,0.9998525263662706,0.9995999113576062
6604,1.8,1,0.9998537886827894,0.999601109227793
3842,1.8,2,0.9998550509993082,0.9996035049681666
6414,1.78,1,0.9998562992900878,0.9996047028383535
4012,1.78,5,0.9998575475808674,0.9996106921892874
734,1.77,1,0.9998587888587774,0.9996118900594743
4717,1.77,3,0.9998600301366876,0.9996154836700347
3281,1.75,2,0.9998612573888584,0.9996178794104082
4163,1.75,3,0.9998624846410294,0.9996214730209687
1108,1.73,1,0.9998636978674613,0.9996226708911555
4042,1.73,7,0.9998649110938932,0.9996310559824632
4286,1.71,1,0.9998661102945859,0.99963225385265
4639,1.71,3,0.9998673094952786,0.9996358474632104
5885,1.71,2,0.9998685086959713,0.9996382432035841
3996,1.7,6,0.9998697008837946,0.9996454304247049
3617,1.68,1,0.9998708790458787,0.9996466282948917
1370,1.66,2,0.9998720431822236,0.9996490240352653
5013,1.65,2,0.999873200305699,0.9996514197756389
2288,1.64,2,0.9998743504163049,0.9996538155160125
2719,1.63,3,0.9998754935140411,0.999657409126573
1921,1.63,1,0.9998766366117775,0.9996586069967598
1049,1.61,1,0.9998777656837748,0.9996598048669466
4001,1.61,2,0.9998788947557722,0.9996622006073201
4544,1.61,2,0.9998800238277695,0.9996645963476938
543,1.58,3,0.9998811318611582,0.9996681899582542
518,1.57,3,0.9998822328816773,0.9996717835688147
4135,1.57,1,0.9998833339021965,0.9996729814390014
560,1.56,3,0.9998844279098461,0.9996765750495619
5495,1.56,9,0.9998855219174956,0.9996873558812431
4110,1.55,5,0.9998866089122757,0.9996933452321772
4420,1.53,1,0.9998876818813166,0.9996945431023639
3873,1.53,1,0.9998887548503574,0.9996957409725508
5602,1.5,1,0.9998898067807898,0.9996969388427376
1255,1.5,1,0.999890858711222,0.9996981367129244
6353,1.5,2,0.9998919106416543,0.999700532453298
669,1.5,1,0.9998929625720865,0.9997017303234849
4289,1.5,1,0.9998940145025187,0.9997029281936717
2966,1.5,1,0.999895066432951,0.9997041260638585
3877,1.5,1,0.9998961183633832,0.9997053239340453
6596,1.48,3,0.9998971562680764,0.9997089175446057
4674,1.48,1,0.9998981941727695,0.9997101154147925
14,1.48,2,0.9998992320774627,0.9997125111551661
2596,1.47,1,0.9999002629692862,0.999713709025353
2877,1.46,1,0.9999012868482403,0.9997149068955398
1135,1.46,1,0.9999023107271943,0.9997161047657266
6340,1.45,1,0.9999033275932788,0.9997173026359133
2267,1.45,2,0.9999043444593633,0.9997196983762869
113,1.44,1,0.9999053543125782,0.9997208962464738
3716,1.44,1,0.9999063641657931,0.9997220941166606
3413,1.41,1,0.9999073529803993,0.9997232919868474
6173,1.4,1,0.999908334782136,0.9997244898570342
4443,1.39,1,0.9999093095710032,0.999725687727221
677,1.39,1,0.9999102843598704,0.9997268855974079
703,1.38,1,0.999911252135868,0.9997280834675946
2178,1.35,4,0.999912198873257,0.9997328749483418
6523,1.35,1,0.9999131456106461,0.9997340728185287
1236,1.34,2,0.9999140853351657,0.9997364685589023
2759,1.33,2,0.9999150180468156,0.9997388642992759
5064,1.33,3,0.9999159507584656,0.9997424579098363
263,1.31,2,0.9999168694443765,0.9997448536502099
303,1.3,2,0.9999177811174178,0.9997472493905836
1294,1.3,2,0.9999186927904591,0.9997496451309572
1339,1.29,1,0.9999195974506309,0.9997508430011439
2516,1.29,6,0.9999205021108026,0.9997580302222648
3703,1.28,1,0.9999213997581049,0.9997592280924517
3697,1.28,1,0.9999222974054071,0.9997604259626385
2959,1.27,2,0.9999231880398397,0.999762821703012
528,1.27,1,0.9999240786742724,0.9997640195731988
5742,1.27,1,0.999924969308705,0.9997652174433856
3420,1.26,1,0.9999258529302681,0.9997664153135725
5061,1.26,1,0.9999267365518312,0.9997676131837593
2370,1.26,1,0.9999276201733943,0.9997688110539461
3396,1.26,1,0.9999285037949573,0.9997700089241329
1691,1.24,1,0.9999293733907814,0.9997712067943197
149,1.23,1,0.9999302359737358,0.9997724046645065
363,1.21,1,0.9999310845309511,0.9997736025346933
4039,1.21,2,0.9999319330881664,0.9997759982750669
4052,1.19,1,0.9999327676196427,0.9997771961452537
3634,1.18,1,0.9999335951382493,0.9997783940154406
5150,1.17,1,0.9999344156439864,0.9997795918856274
1816,1.16,2,0.999935229136854,0.999781987626001
2718,1.15,2,0.999936035616852,0.9997843833663745
4541,1.13,1,0.9999368280711108,0.9997855812365614
4202,1.12,1,0.9999376135125003,0.9997867791067482
561,1.12,2,0.9999383989538898,0.9997891748471218
1935,1.11,2,0.9999391773824098,0.9997915705874955
6106,1.1,3,0.9999399487980601,0.9997951641980558
5629,1.1,1,0.9999407202137105,0.9997963620682426
213,1.1,1,0.999941491629361,0.9997975599384294
1647,1.1,1,0.9999422630450113,0.9997987578086163
944,1.08,3,0.9999430204349226,0.9998023514191767
2499,1.08,1,0.9999437778248338,0.9998035492893635
2699,1.08,1,0.9999445352147451,0.9998047471595504
6210,1.06,4,0.9999452785789172,0.9998095386402975
159,1.03,1,0.9999460009044808,0.9998107365104844
1377,1.03,1,0.9999467232300443,0.9998119343806712
1056,1.01,2,0.9999474315298686,0.9998143301210448
3331,1.01,1,0.9999481398296931,0.9998155279912316
3714,1.0,1,0.9999488411166478,0.9998167258614183
2655,0.99,3,0.9999495353907332,0.9998203194719788
644,0.97,2,0.9999502156390794,0.9998227152123524
3759,0.97,1,0.9999508958874255,0.9998239130825393
1465,0.97,1,0.9999515761357717,0.9998251109527261
5872,0.96,2,0.9999522493712483,0.9998275066930997
292,0.96,1,0.9999529226067249,0.9998287045632864
3043,0.95,1,0.9999535888293319,0.9998299024334732
172,0.95,1,0.999954255051939,0.9998311003036601
552,0.94,1,0.9999549142616765,0.9998322981738469
4254,0.93,3,0.9999555664585444,0.9998358917844073
1566,0.93,1,0.9999562186554124,0.9998370896545942
2054,0.92,1,0.9999568638394108,0.999838287524781
4736,0.92,1,0.9999575090234092,0.9998394853949677
5995,0.92,1,0.9999581542074076,0.9998406832651545
5284,0.91,1,0.9999587923785365,0.9998418811353413
2097,0.91,1,0.9999594305496653,0.9998430790055282
55,0.9,1,0.9999600617079245,0.999844276875715
3544,0.9,1,0.9999606928661838,0.9998454747459018
6364,0.9,1,0.9999613240244432,0.9998466726160886
6270,0.9,2,0.9999619551827024,0.9998490683564623
1608,0.89,1,0.9999625793280922,0.999850266226649
798,0.89,2,0.9999632034734819,0.9998526619670226
3539,0.89,2,0.9999638276188716,0.9998550577073962
6231,0.88,2,0.9999644447513918,0.9998574534477699
597,0.87,1,0.9999650548710426,0.9998586513179567
5928,0.85,1,0.9999656509649543,0.9998598491881435
1694,0.85,2,0.9999662470588659,0.999862244928517
2953,0.85,1,0.9999668431527776,0.9998634427987039
3673,0.85,1,0.9999674392466893,0.9998646406688907
2460,0.84,1,0.9999680283277314,0.9998658385390775
31,0.83,1,0.9999686103959039,0.9998670364092643
4817,0.83,1,0.9999691924640765,0.9998682342794512
2060,0.83,1,0.9999697745322491,0.999869432149638
1906,0.81,1,0.9999703425746825,0.9998706300198248
1307,0.81,1,0.999970910617116,0.9998718278900116
711,0.81,1,0.9999714786595494,0.9998730257601983
32,0.8,1,0.9999720396891133,0.9998742236303851
2479,0.8,1,0.9999726007186772,0.999875421500572
3353,0.8,1,0.9999731617482411,0.9998766193707588
1900,0.8,1,0.999973722777805,0.9998778172409456
2203,0.78,1,0.9999742697816298,0.9998790151111324
4041,0.78,1,0.9999748167854546,0.9998802129813192
6220,0.76,2,0.9999753497635403,0.9998826087216929
6601,0.75,1,0.9999758757287565,0.9998838065918796
1402,0.75,1,0.9999764016939725,0.9998850044620664
905,0.75,1,0.9999769276591887,0.9998862023322532
5501,0.74,2,0.9999774466115352,0.9998885980726269
5082,0.74,1,0.9999779655638819,0.9998897959428137
74,0.73,1,0.9999784775033588,0.9998909938130005
1958,0.73,2,0.9999789894428358,0.9998933895533741
6457,0.73,1,0.9999795013823128,0.9998945874235609
2278,0.72,1,0.9999800063089203,0.9998957852937477
3153,0.72,1,0.9999805112355278,0.9998969831639345
3733,0.71,1,0.9999810091492657,0.9998981810341213
435,0.7,1,0.999981500050134,0.9998993789043081
6639,0.69,1,0.9999819839381329,0.999900576774495
306,0.65,2,0.9999824397746534,0.9999029725148686
1282,0.65,1,0.9999828956111739,0.9999041703850554
4956,0.65,1,0.9999833514476946,0.9999053682552422
2195,0.65,1,0.9999838072842151,0.9999065661254289
1475,0.64,1,0.9999842561078661,0.9999077639956158
1688,0.64,2,0.9999847049315171,0.9999101597359894
1315,0.63,1,0.9999851467422987,0.9999113576061762
3460,0.6,1,0.9999855675144717,0.999912555476363
378,0.59,1,0.999985981273775,0.9999137533465499
4968,0.59,1,0.9999863950330784,0.9999149512167367
2335,0.59,1,0.9999868087923819,0.9999161490869235
3916,0.58,1,0.9999872155388156,0.9999173469571102
4345,0.56,1,0.9999876082595104,0.999918544827297
2796,0.56,1,0.9999880009802051,0.9999197426974838
493,0.55,1,0.9999883866880304,0.9999209405676707
4111,0.54,1,0.999988765382986,0.9999221384378575
3463,0.53,2,0.9999891370650721,0.9999245341782311
4557,0.52,1,0.9999895017342886,0.999925732048418
1656,0.51,2,0.9999898593906356,0.9999281277887915
3505,0.5,1,0.999990210034113,0.9999293256589783
2030,0.5,1,0.9999905606775904,0.9999305235291651
5801,0.5,1,0.9999909113210679,0.9999317213993519
1373,0.49,1,0.9999912549516757,0.9999329192695388
2706,0.48,2,0.999991591569414,0.9999353150099124
1583,0.48,1,0.9999919281871523,0.9999365128800992
3913,0.45,3,0.9999922437662819,0.9999401064906596
5792,0.45,1,0.9999925593454116,0.9999413043608464
5897,0.43,2,0.9999928608988021,0.99994370010122
1188,0.39,1,0.9999931344007145,0.9999448979714068
47,0.38,1,0.9999934008897572,0.9999460958415937
4638,0.37,1,0.9999936603659305,0.9999472937117805
6641,0.37,1,0.999993919842104,0.9999484915819673
1149,0.37,1,0.9999941793182773,0.9999496894521541
958,0.37,1,0.9999944387944507,0.9999508873223408
5273,0.36,1,0.9999946912577545,0.9999520851925277
2711,0.35,1,0.9999949367081887,0.9999532830627145
1641,0.34,1,0.9999951751457534,0.9999544809329013
4939,0.33,1,0.9999954065704486,0.9999556788030881
3093,0.32,1,0.9999956309822742,0.9999568766732749
5049,0.32,1,0.9999958553940997,0.9999580745434618
381,0.31,1,0.9999960727930558,0.9999592724136486
2042,0.31,1,0.9999962901920119,0.9999604702838354
5591,0.31,2,0.9999965075909679,0.9999628660242089
3124,0.3,2,0.9999967179770544,0.9999652617645826
5551,0.3,2,0.9999969283631408,0.9999676575049562
5314,0.29,1,0.9999971317363577,0.999968855375143
4660,0.28,1,0.9999973280967052,0.9999700532453298
6198,0.27,2,0.999997517444183,0.9999724489857034
584,0.24,1,0.9999976857530521,0.9999736468558902
1295,0.23,1,0.9999978470490517,0.999974844726077
5230,0.22,1,0.9999980013321818,0.9999760425962638
1939,0.2,1,0.9999981415895727,0.9999772404664506
2976,0.15,1,0.9999982467826158,0.9999784383366375
4264,0.15,1,0.999998351975659,0.9999796362068243
1136,0.15,1,0.9999984571687022,0.9999808340770111
1988,0.15,1,0.9999985623617453,0.9999820319471979
5378,0.15,1,0.9999986675547885,0.9999832298173847
4363,0.15,1,0.9999987727478317,0.9999844276875715
5481,0.15,1,0.9999988779408748,0.9999856255577583
3320,0.15,1,0.999998983133918,0.9999868234279451
3486,0.15,1,0.9999990883269612,0.9999880212981319
5497,0.15,1,0.9999991935200043,0.9999892191683187
6164,0.15,1,0.9999992987130475,0.9999904170385056
1337,0.15,1,0.9999994039060907,0.9999916149086924
2125,0.15,1,0.9999995090991338,0.9999928127788792
2826,0.15,1,0.999999614292177,0.999994010649066
785,0.15,1,0.99999971948522,0.9999952085192527
2610,0.1,1,0.9999997896139157,0.9999964063894395
3300,0.1,1,0.9999998597426112,0.9999976042596264
5534,0.1,1,0.9999999298713067,0.9999988021298132
5027,0.1,1,1.0000000000000022,1.0
3907,0.0,0,1.0000000000000022,1.0
59,0.0,0,1.0000000000000022,1.0
6602,0.0,0,1.0000000000000022,1.0
6615,0.0,0,1.0000000000000022,1.0
6621,0.0,0,1.0000000000000022,1.0
6623,0.0,0,1.0000000000000022,1.0
6631,0.0,0,1.0000000000000022,1.0
3347,0.0,0,1.0000000000000022,1.0
3348,0.0,0,1.0000000000000022,1.0
3363,0.0,0,1.0000000000000022,1.0
3369,0.0,0,1.0000000000000022,1.0
3375,0.0,0,1.0000000000000022,1.0
4076,0.0,0,1.0000000000000022,1.0
3540,0.0,0,1.0000000000000022,1.0
4006,0.0,0,1.0000000000000022,1.0
4015,0.0,0,1.0000000000000022,1.0
4020,0.0,0,1.0000000000000022,1.0
3442,0.0,0,1.0000000000000022,1.0
3445,0.0,0,1.0000000000000022,1.0
3446,0.0,0,1.0000000000000022,1.0
3453,0.0,0,1.0000000000000022,1.0
3455,0.0,0,1.0000000000000022,1.0
3456,0.0,0,1.0000000000000022,1.0
3321,0.0,0,1.0000000000000022,1.0
3323,0.0,0,1.0000000000000022,1.0
3324,0.0,0,1.0000000000000022,1.0
3326,0.0,0,1.0000000000000022,1.0
3328,0.0,0,1.0000000000000022,1.0
4141,0.0,0,1.0000000000000022,1.0
3395,0.0,0,1.0000000000000022,1.0
3431,0.0,0,1.0000000000000022,1.0
4026,0.0,0,1.0000000000000022,1.0
4043,0.0,0,1.0000000000000022,1.0
4051,0.0,0,1.0000000000000022,1.0
3333,0.0,0,1.0000000000000022,1.0
3334,0.0,0,1.0000000000000022,1.0
3340,0.0,0,1.0000000000000022,1.0
3195,0.0,0,1.0000000000000022,1.0
3201,0.0,0,1.0000000000000022,1.0
3206,0.0,0,1.0000000000000022,1.0
3217,0.0,0,1.0000000000000022,1.0
3235,0.0,0,1.0000000000000022,1.0
3262,0.0,0,1.0000000000000022,1.0
3275,0.0,0,1.0000000000000022,1.0
3151,0.0,0,1.0000000000000022,1.0
4082,0.0,0,1.0000000000000022,1.0
4089,0.0,0,1.0000000000000022,1.0
4106,0.0,0,1.0000000000000022,1.0
4113,0.0,0,1.0000000000000022,1.0
4128,0.0,0,1.0000000000000022,1.0
4134,0.0,0,1.0000000000000022,1.0
3284,0.0,0,1.0000000000000022,1.0
4248,0.0,0,1.0000000000000022,1.0
4249,0.0,0,1.0000000000000022,1.0
3101,0.0,0,1.0000000000000022,1.0
3102,0.0,0,1.0000000000000022,1.0
3107,0.0,0,1.0000000000000022,1.0
3116,0.0,0,1.0000000000000022,1.0
3126,0.0,0,1.0000000000000022,1.0
4152,0.0,0,1.0000000000000022,1.0
4153,0.0,0,1.0000000000000022,1.0
4162,0.0,0,1.0000000000000022,1.0
4183,0.0,0,1.0000000000000022,1.0
4184,0.0,0,1.0000000000000022,1.0
3182,0.0,0,1.0000000000000022,1.0
3188,0.0,0,1.0000000000000022,1.0
4296,0.0,0,1.0000000000000022,1.0
3035,0.0,0,1.0000000000000022,1.0
3060,0.0,0,1.0000000000000022,1.0
3062,0.0,0,1.0000000000000022,1.0
3063,0.0,0,1.0000000000000022,1.0
3068,0.0,0,1.0000000000000022,1.0
3076,0.0,0,1.0000000000000022,1.0
3084,0.0,0,1.0000000000000022,1.0
4310,0.0,0,1.0000000000000022,1.0
3160,0.0,0,1.0000000000000022,1.0
3164,0.0,0,1.0000000000000022,1.0
3170,0.0,0,1.0000000000000022,1.0
3175,0.0,0,1.0000000000000022,1.0
4199,0.0,0,1.0000000000000022,1.0
4224,0.0,0,1.0000000000000022,1.0
4236,0.0,0,1.0000000000000022,1.0
2989,0.0,0,1.0000000000000022,1.0
2994,0.0,0,1.0000000000000022,1.0
2995,0.0,0,1.0000000000000022,1.0
3009,0.0,0,1.0000000000000022,1.0
3012,0.0,0,1.0000000000000022,1.0
3020,0.0,0,1.0000000000000022,1.0
3022,0.0,0,1.0000000000000022,1.0
2942,0.0,0,1.0000000000000022,1.0
2947,0.0,0,1.0000000000000022,1.0
3138,0.0,0,1.0000000000000022,1.0
3147,0.0,0,1.0000000000000022,1.0
4258,0.0,0,1.0000000000000022,1.0
4269,0.0,0,1.0000000000000022,1.0
4288,0.0,0,1.0000000000000022,1.0
4290,0.0,0,1.0000000000000022,1.0
4387,0.0,0,1.0000000000000022,1.0
4390,0.0,0,1.0000000000000022,1.0
4419,0.0,0,1.0000000000000022,1.0
2898,0.0,0,1.0000000000000022,1.0
2921,0.0,0,1.0000000000000022,1.0
2936,0.0,0,1.0000000000000022,1.0
2939,0.0,0,1.0000000000000022,1.0
2847,0.0,0,1.0000000000000022,1.0
2861,0.0,0,1.0000000000000022,1.0
2875,0.0,0,1.0000000000000022,1.0
4326,0.0,0,1.0000000000000022,1.0
4340,0.0,0,1.0000000000000022,1.0
4347,0.0,0,1.0000000000000022,1.0
4350,0.0,0,1.0000000000000022,1.0
4364,0.0,0,1.0000000000000022,1.0
4447,0.0,0,1.0000000000000022,1.0
4453,0.0,0,1.0000000000000022,1.0
4454,0.0,0,1.0000000000000022,1.0
4463,0.0,0,1.0000000000000022,1.0
4465,0.0,0,1.0000000000000022,1.0
4483,0.0,0,1.0000000000000022,1.0
4491,0.0,0,1.0000000000000022,1.0
2799,0.0,0,1.0000000000000022,1.0
2840,0.0,0,1.0000000000000022,1.0
2754,0.0,0,1.0000000000000022,1.0
2975,0.0,0,1.0000000000000022,1.0
2977,0.0,0,1.0000000000000022,1.0
2979,0.0,0,1.0000000000000022,1.0
4376,0.0,0,1.0000000000000022,1.0
4504,0.0,0,1.0000000000000022,1.0
4505,0.0,0,1.0000000000000022,1.0
4508,0.0,0,1.0000000000000022,1.0
4522,0.0,0,1.0000000000000022,1.0
4526,0.0,0,1.0000000000000022,1.0
4530,0.0,0,1.0000000000000022,1.0
2717,0.0,0,1.0000000000000022,1.0
2725,0.0,0,1.0000000000000022,1.0
2739,0.0,0,1.0000000000000022,1.0
2665,0.0,0,1.0000000000000022,1.0
2666,0.0,0,1.0000000000000022,1.0
2884,0.0,0,1.0000000000000022,1.0
2888,0.0,0,1.0000000000000022,1.0
4438,0.0,0,1.0000000000000022,1.0
4442,0.0,0,1.0000000000000022,1.0
4545,0.0,0,1.0000000000000022,1.0
4556,0.0,0,1.0000000000000022,1.0
4558,0.0,0,1.0000000000000022,1.0
4573,0.0,0,1.0000000000000022,1.0
4583,0.0,0,1.0000000000000022,1.0
2587,0.0,0,1.0000000000000022,1.0
2590,0.0,0,1.0000000000000022,1.0
2591,0.0,0,1.0000000000000022,1.0
2618,0.0,0,1.0000000000000022,1.0
2758,0.0,0,1.0000000000000022,1.0
2771,0.0,0,1.0000000000000022,1.0
2789,0.0,0,1.0000000000000022,1.0
4494,0.0,0,1.0000000000000022,1.0
4625,0.0,0,1.0000000000000022,1.0
4629,0.0,0,1.0000000000000022,1.0
4631,0.0,0,1.0000000000000022,1.0
4635,0.0,0,1.0000000000000022,1.0
2555,0.0,0,1.0000000000000022,1.0
2559,0.0,0,1.0000000000000022,1.0
2563,0.0,0,1.0000000000000022,1.0
2564,0.0,0,1.0000000000000022,1.0
2583,0.0,0,1.0000000000000022,1.0
2509,0.0,0,1.0000000000000022,1.0
2514,0.0,0,1.0000000000000022,1.0
2678,0.0,0,1.0000000000000022,1.0
2684,0.0,0,1.0000000000000022,1.0
2685,0.0,0,1.0000000000000022,1.0
2703,0.0,0,1.0000000000000022,1.0
3893,0.0,0,1.0000000000000022,1.0
3640,0.0,0,1.0000000000000022,1.0
3652,0.0,0,1.0000000000000022,1.0
4696,0.0,0,1.0000000000000022,1.0
4701,0.0,0,1.0000000000000022,1.0
4712,0.0,0,1.0000000000000022,1.0
2441,0.0,0,1.0000000000000022,1.0
2447,0.0,0,1.0000000000000022,1.0
2458,0.0,0,1.0000000000000022,1.0
2465,0.0,0,1.0000000000000022,1.0
2474,0.0,0,1.0000000000000022,1.0
2476,0.0,0,1.0000000000000022,1.0
2632,0.0,0,1.0000000000000022,1.0
2636,0.0,0,1.0000000000000022,1.0
4601,0.0,0,1.0000000000000022,1.0
4616,0.0,0,1.0000000000000022,1.0
2549,0.0,0,1.0000000000000022,1.0
4647,0.0,0,1.0000000000000022,1.0
4665,0.0,0,1.0000000000000022,1.0
3921,0.0,0,1.0000000000000022,1.0
3935,0.0,0,1.0000000000000022,1.0
3968,0.0,0,1.0000000000000022,1.0
3497,0.0,0,1.0000000000000022,1.0
3520,0.0,0,1.0000000000000022,1.0
3529,0.0,0,1.0000000000000022,1.0
3533,0.0,0,1.0000000000000022,1.0
3536,0.0,0,1.0000000000000022,1.0
3865,0.0,0,1.0000000000000022,1.0
3875,0.0,0,1.0000000000000022,1.0
2482,0.0,0,1.0000000000000022,1.0
2380,0.0,0,1.0000000000000022,1.0
2381,0.0,0,1.0000000000000022,1.0
2384,0.0,0,1.0000000000000022,1.0
2387,0.0,0,1.0000000000000022,1.0
2422,0.0,0,1.0000000000000022,1.0
2425,0.0,0,1.0000000000000022,1.0
2426,0.0,0,1.0000000000000022,1.0
4728,0.0,0,1.0000000000000022,1.0
4761,0.0,0,1.0000000000000022,1.0
4763,0.0,0,1.0000000000000022,1.0
2322,0.0,0,1.0000000000000022,1.0
2328,0.0,0,1.0000000000000022,1.0
2337,0.0,0,1.0000000000000022,1.0
2339,0.0,0,1.0000000000000022,1.0
2531,0.0,0,1.0000000000000022,1.0
2177,0.0,0,1.0000000000000022,1.0
2180,0.0,0,1.0000000000000022,1.0
2190,0.0,0,1.0000000000000022,1.0
2356,0.0,0,1.0000000000000022,1.0
2373,0.0,0,1.0000000000000022,1.0
4771,0.0,0,1.0000000000000022,1.0
4778,0.0,0,1.0000000000000022,1.0
4793,0.0,0,1.0000000000000022,1.0
4802,0.0,0,1.0000000000000022,1.0
4806,0.0,0,1.0000000000000022,1.0
2277,0.0,0,1.0000000000000022,1.0
2282,0.0,0,1.0000000000000022,1.0
2283,0.0,0,1.0000000000000022,1.0
2284,0.0,0,1.0000000000000022,1.0
2214,0.0,0,1.0000000000000022,1.0
2231,0.0,0,1.0000000000000022,1.0
2071,0.0,0,1.0000000000000022,1.0
2072,0.0,0,1.0000000000000022,1.0
2079,0.0,0,1.0000000000000022,1.0
2081,0.0,0,1.0000000000000022,1.0
2232,0.0,0,1.0000000000000022,1.0
2234,0.0,0,1.0000000000000022,1.0
2236,0.0,0,1.0000000000000022,1.0
2238,0.0,0,1.0000000000000022,1.0
4824,0.0,0,1.0000000000000022,1.0
4830,0.0,0,1.0000000000000022,1.0
4846,0.0,0,1.0000000000000022,1.0
2139,0.0,0,1.0000000000000022,1.0
2145,0.0,0,1.0000000000000022,1.0
2146,0.0,0,1.0000000000000022,1.0
2158,0.0,0,1.0000000000000022,1.0
2166,0.0,0,1.0000000000000022,1.0
1996,0.0,0,1.0000000000000022,1.0
2004,0.0,0,1.0000000000000022,1.0
2015,0.0,0,1.0000000000000022,1.0
2021,0.0,0,1.0000000000000022,1.0
2023,0.0,0,1.0000000000000022,1.0
2191,0.0,0,1.0000000000000022,1.0
2092,0.0,0,1.0000000000000022,1.0
2095,0.0,0,1.0000000000000022,1.0
2111,0.0,0,1.0000000000000022,1.0
4870,0.0,0,1.0000000000000022,1.0
4901,0.0,0,1.0000000000000022,1.0
4905,0.0,0,1.0000000000000022,1.0
2050,0.0,0,1.0000000000000022,1.0
2051,0.0,0,1.0000000000000022,1.0
2052,0.0,0,1.0000000000000022,1.0
5031,0.0,0,1.0000000000000022,1.0
5038,0.0,0,1.0000000000000022,1.0
5051,0.0,0,1.0000000000000022,1.0
5071,0.0,0,1.0000000000000022,1.0
5072,0.0,0,1.0000000000000022,1.0
5084,0.0,0,1.0000000000000022,1.0
2083,0.0,0,1.0000000000000022,1.0
2084,0.0,0,1.0000000000000022,1.0
4934,0.0,0,1.0000000000000022,1.0
4944,0.0,0,1.0000000000000022,1.0
4958,0.0,0,1.0000000000000022,1.0
4959,0.0,0,1.0000000000000022,1.0
4966,0.0,0,1.0000000000000022,1.0
1955,0.0,0,1.0000000000000022,1.0
1957,0.0,0,1.0000000000000022,1.0
1965,0.0,0,1.0000000000000022,1.0
1978,0.0,0,1.0000000000000022,1.0
1825,0.0,0,1.0000000000000022,1.0
1827,0.0,0,1.0000000000000022,1.0
1846,0.0,0,1.0000000000000022,1.0
1849,0.0,0,1.0000000000000022,1.0
2036,0.0,0,1.0000000000000022,1.0
5001,0.0,0,1.0000000000000022,1.0
5006,0.0,0,1.0000000000000022,1.0
5024,0.0,0,1.0000000000000022,1.0
5029,0.0,0,1.0000000000000022,1.0
5148,0.0,0,1.0000000000000022,1.0
5175,0.0,0,1.0000000000000022,1.0
5176,0.0,0,1.0000000000000022,1.0
1756,0.0,0,1.0000000000000022,1.0
1757,0.0,0,1.0000000000000022,1.0
1766,0.0,0,1.0000000000000022,1.0
1777,0.0,0,1.0000000000000022,1.0
1786,0.0,0,1.0000000000000022,1.0
1797,0.0,0,1.0000000000000022,1.0
5085,0.0,0,1.0000000000000022,1.0
5091,0.0,0,1.0000000000000022,1.0
5103,0.0,0,1.0000000000000022,1.0
1917,0.0,0,1.0000000000000022,1.0
1923,0.0,0,1.0000000000000022,1.0
1942,0.0,0,1.0000000000000022,1.0
5190,0.0,0,1.0000000000000022,1.0
5197,0.0,0,1.0000000000000022,1.0
5204,0.0,0,1.0000000000000022,1.0
5207,0.0,0,1.0000000000000022,1.0
5223,0.0,0,1.0000000000000022,1.0
1703,0.0,0,1.0000000000000022,1.0
1714,0.0,0,1.0000000000000022,1.0
1715,0.0,0,1.0000000000000022,1.0
1717,0.0,0,1.0000000000000022,1.0
1718,0.0,0,1.0000000000000022,1.0
1727,0.0,0,1.0000000000000022,1.0
1907,0.0,0,1.0000000000000022,1.0
5118,0.0,0,1.0000000000000022,1.0
5120,0.0,0,1.0000000000000022,1.0
5122,0.0,0,1.0000000000000022,1.0
5138,0.0,0,1.0000000000000022,1.0
5232,0.0,0,1.0000000000000022,1.0
5234,0.0,0,1.0000000000000022,1.0
5254,0.0,0,1.0000000000000022,1.0
5259,0.0,0,1.0000000000000022,1.0
3701,0.0,0,1.0000000000000022,1.0
1670,0.0,0,1.0000000000000022,1.0
1683,0.0,0,1.0000000000000022,1.0
1702,0.0,0,1.0000000000000022,1.0
5264,0.0,0,1.0000000000000022,1.0
5266,0.0,0,1.0000000000000022,1.0
1800,0.0,0,1.0000000000000022,1.0
1808,0.0,0,1.0000000000000022,1.0
5184,0.0,0,1.0000000000000022,1.0
5187,0.0,0,1.0000000000000022,1.0
5188,0.0,0,1.0000000000000022,1.0
5274,0.0,0,1.0000000000000022,1.0
5280,0.0,0,1.0000000000000022,1.0
5282,0.0,0,1.0000000000000022,1.0
5302,0.0,0,1.0000000000000022,1.0
1602,0.0,0,1.0000000000000022,1.0
1619,0.0,0,1.0000000000000022,1.0
1621,0.0,0,1.0000000000000022,1.0
1639,0.0,0,1.0000000000000022,1.0
1640,0.0,0,1.0000000000000022,1.0
88,0.0,0,1.0000000000000022,1.0
1651,0.0,0,1.0000000000000022,1.0
5308,0.0,0,1.0000000000000022,1.0
5310,0.0,0,1.0000000000000022,1.0
1737,0.0,0,1.0000000000000022,1.0
1739,0.0,0,1.0000000000000022,1.0
5226,0.0,0,1.0000000000000022,1.0
3720,0.0,0,1.0000000000000022,1.0
3731,0.0,0,1.0000000000000022,1.0
1537,0.0,0,1.0000000000000022,1.0
1541,0.0,0,1.0000000000000022,1.0
1554,0.0,0,1.0000000000000022,1.0
1564,0.0,0,1.0000000000000022,1.0
1576,0.0,0,1.0000000000000022,1.0
83,0.0,0,1.0000000000000022,1.0
1601,0.0,0,1.0000000000000022,1.0
5353,0.0,0,1.0000000000000022,1.0
5365,0.0,0,1.0000000000000022,1.0
5367,0.0,0,1.0000000000000022,1.0
5375,0.0,0,1.0000000000000022,1.0
5268,0.0,0,1.0000000000000022,1.0
5272,0.0,0,1.0000000000000022,1.0
19,0.0,0,1.0000000000000022,1.0
5317,0.0,0,1.0000000000000022,1.0
5328,0.0,0,1.0000000000000022,1.0
5346,0.0,0,1.0000000000000022,1.0
1533,0.0,0,1.0000000000000022,1.0
3653,0.0,0,1.0000000000000022,1.0
3657,0.0,0,1.0000000000000022,1.0
3663,0.0,0,1.0000000000000022,1.0
3671,0.0,0,1.0000000000000022,1.0
3679,0.0,0,1.0000000000000022,1.0
3685,0.0,0,1.0000000000000022,1.0
3543,0.0,0,1.0000000000000022,1.0
3566,0.0,0,1.0000000000000022,1.0
3579,0.0,0,1.0000000000000022,1.0
3586,0.0,0,1.0000000000000022,1.0
3704,0.0,0,1.0000000000000022,1.0
3705,0.0,0,1.0000000000000022,1.0
65,0.0,0,1.0000000000000022,1.0
5380,0.0,0,1.0000000000000022,1.0
5384,0.0,0,1.0000000000000022,1.0
5391,0.0,0,1.0000000000000022,1.0
5393,0.0,0,1.0000000000000022,1.0
5397,0.0,0,1.0000000000000022,1.0
5413,0.0,0,1.0000000000000022,1.0
5420,0.0,0,1.0000000000000022,1.0
1492,0.0,0,1.0000000000000022,1.0
1496,0.0,0,1.0000000000000022,1.0
1506,0.0,0,1.0000000000000022,1.0
1507,0.0,0,1.0000000000000022,1.0
1508,0.0,0,1.0000000000000022,1.0
5431,0.0,0,1.0000000000000022,1.0
5438,0.0,0,1.0000000000000022,1.0
4,0.0,0,1.0000000000000022,1.0
1312,0.0,0,1.0000000000000022,1.0
5455,0.0,0,1.0000000000000022,1.0
5465,0.0,0,1.0000000000000022,1.0
5466,0.0,0,1.0000000000000022,1.0
5475,0.0,0,1.0000000000000022,1.0
24,0.0,0,1.0000000000000022,1.0
1396,0.0,0,1.0000000000000022,1.0
1397,0.0,0,1.0000000000000022,1.0
1400,0.0,0,1.0000000000000022,1.0
1414,0.0,0,1.0000000000000022,1.0
1446,0.0,0,1.0000000000000022,1.0
1447,0.0,0,1.0000000000000022,1.0
1458,0.0,0,1.0000000000000022,1.0
1351,0.0,0,1.0000000000000022,1.0
1354,0.0,0,1.0000000000000022,1.0
1362,0.0,0,1.0000000000000022,1.0
1277,0.0,0,1.0000000000000022,1.0
1278,0.0,0,1.0000000000000022,1.0
1280,0.0,0,1.0000000000000022,1.0
1281,0.0,0,1.0000000000000022,1.0
1368,0.0,0,1.0000000000000022,1.0
41,0.0,0,1.0000000000000022,1.0
1375,0.0,0,1.0000000000000022,1.0
1380,0.0,0,1.0000000000000022,1.0
1387,0.0,0,1.0000000000000022,1.0
54,0.0,0,1.0000000000000022,1.0
5502,0.0,0,1.0000000000000022,1.0
5504,0.0,0,1.0000000000000022,1.0
5509,0.0,0,1.0000000000000022,1.0
1303,0.0,0,1.0000000000000022,1.0
1310,0.0,0,1.0000000000000022,1.0
1311,0.0,0,1.0000000000000022,1.0
1229,0.0,0,1.0000000000000022,1.0
1244,0.0,0,1.0000000000000022,1.0
1245,0.0,0,1.0000000000000022,1.0
1249,0.0,0,1.0000000000000022,1.0
5656,0.0,0,1.0000000000000022,1.0
56,0.0,0,1.0000000000000022,1.0
6529,0.0,0,1.0000000000000022,1.0
5536,0.0,0,1.0000000000000022,1.0
5543,0.0,0,1.0000000000000022,1.0
5546,0.0,0,1.0000000000000022,1.0
5550,0.0,0,1.0000000000000022,1.0
6547,0.0,0,1.0000000000000022,1.0
5576,0.0,0,1.0000000000000022,1.0
5578,0.0,0,1.0000000000000022,1.0
5583,0.0,0,1.0000000000000022,1.0
5584,0.0,0,1.0000000000000022,1.0
6548,0.0,0,1.0000000000000022,1.0
1191,0.0,0,1.0000000000000022,1.0
1195,0.0,0,1.0000000000000022,1.0
1199,0.0,0,1.0000000000000022,1.0
1203,0.0,0,1.0000000000000022,1.0
1289,0.0,0,1.0000000000000022,1.0
6549,0.0,0,1.0000000000000022,1.0
6583,0.0,0,1.0000000000000022,1.0
5593,0.0,0,1.0000000000000022,1.0
5594,0.0,0,1.0000000000000022,1.0
5605,0.0,0,1.0000000000000022,1.0
5622,0.0,0,1.0000000000000022,1.0
5637,0.0,0,1.0000000000000022,1.0
1216,0.0,0,1.0000000000000022,1.0
1221,0.0,0,1.0000000000000022,1.0
1225,0.0,0,1.0000000000000022,1.0
1050,0.0,0,1.0000000000000022,1.0
1060,0.0,0,1.0000000000000022,1.0
1062,0.0,0,1.0000000000000022,1.0
1074,0.0,0,1.0000000000000022,1.0
1075,0.0,0,1.0000000000000022,1.0
5671,0.0,0,1.0000000000000022,1.0
5672,0.0,0,1.0000000000000022,1.0
5683,0.0,0,1.0000000000000022,1.0
5694,0.0,0,1.0000000000000022,1.0
5698,0.0,0,1.0000000000000022,1.0
5699,0.0,0,1.0000000000000022,1.0
1172,0.0,0,1.0000000000000022,1.0
1176,0.0,0,1.0000000000000022,1.0
1178,0.0,0,1.0000000000000022,1.0
1184,0.0,0,1.0000000000000022,1.0
1187,0.0,0,1.0000000000000022,1.0
1038,0.0,0,1.0000000000000022,1.0
1045,0.0,0,1.0000000000000022,1.0
1046,0.0,0,1.0000000000000022,1.0
1047,0.0,0,1.0000000000000022,1.0
919,0.0,0,1.0000000000000022,1.0
6588,0.0,0,1.0000000000000022,1.0
1137,0.0,0,1.0000000000000022,1.0
1148,0.0,0,1.0000000000000022,1.0
6649,0.0,0,1.0000000000000022,1.0
1151,0.0,0,1.0000000000000022,1.0
1158,0.0,0,1.0000000000000022,1.0
1161,0.0,0,1.0000000000000022,1.0
1169,0.0,0,1.0000000000000022,1.0
5720,0.0,0,1.0000000000000022,1.0
5728,0.0,0,1.0000000000000022,1.0
5736,0.0,0,1.0000000000000022,1.0
882,0.0,0,1.0000000000000022,1.0
886,0.0,0,1.0000000000000022,1.0
891,0.0,0,1.0000000000000022,1.0
904,0.0,0,1.0000000000000022,1.0
5873,0.0,0,1.0000000000000022,1.0
1081,0.0,0,1.0000000000000022,1.0
1087,0.0,0,1.0000000000000022,1.0
1098,0.0,0,1.0000000000000022,1.0
5758,0.0,0,1.0000000000000022,1.0
5787,0.0,0,1.0000000000000022,1.0
15,0.0,0,1.0000000000000022,1.0
6658,0.0,0,1.0000000000000022,1.0
5810,0.0,0,1.0000000000000022,1.0
1022,0.0,0,1.0000000000000022,1.0
1030,0.0,0,1.0000000000000022,1.0
1034,0.0,0,1.0000000000000022,1.0
851,0.0,0,1.0000000000000022,1.0
856,0.0,0,1.0000000000000022,1.0
860,0.0,0,1.0000000000000022,1.0
5916,0.0,0,1.0000000000000022,1.0
5917,0.0,0,1.0000000000000022,1.0
5918,0.0,0,1.0000000000000022,1.0
8,0.0,0,1.0000000000000022,1.0
966,0.0,0,1.0000000000000022,1.0
976,0.0,0,1.0000000000000022,1.0
5833,0.0,0,1.0000000000000022,1.0
5836,0.0,0,1.0000000000000022,1.0
5844,0.0,0,1.0000000000000022,1.0
5849,0.0,0,1.0000000000000022,1.0
5866,0.0,0,1.0000000000000022,1.0
867,0.0,0,1.0000000000000022,1.0
872,0.0,0,1.0000000000000022,1.0
273,0.0,0,1.0000000000000022,1.0
794,0.0,0,1.0000000000000022,1.0
799,0.0,0,1.0000000000000022,1.0
800,0.0,0,1.0000000000000022,1.0
805,0.0,0,1.0000000000000022,1.0
716,0.0,0,1.0000000000000022,1.0
719,0.0,0,1.0000000000000022,1.0
5893,0.0,0,1.0000000000000022,1.0
3485,0.0,0,1.0000000000000022,1.0
5898,0.0,0,1.0000000000000022,1.0
5900,0.0,0,1.0000000000000022,1.0
5910,0.0,0,1.0000000000000022,1.0
825,0.0,0,1.0000000000000022,1.0
834,0.0,0,1.0000000000000022,1.0
846,0.0,0,1.0000000000000022,1.0
850,0.0,0,1.0000000000000022,1.0
6009,0.0,0,1.0000000000000022,1.0
6014,0.0,0,1.0000000000000022,1.0
664,0.0,0,1.0000000000000022,1.0
671,0.0,0,1.0000000000000022,1.0
680,0.0,0,1.0000000000000022,1.0
681,0.0,0,1.0000000000000022,1.0
688,0.0,0,1.0000000000000022,1.0
6042,0.0,0,1.0000000000000022,1.0
5931,0.0,0,1.0000000000000022,1.0
5942,0.0,0,1.0000000000000022,1.0
5944,0.0,0,1.0000000000000022,1.0
5945,0.0,0,1.0000000000000022,1.0
5973,0.0,0,1.0000000000000022,1.0
763,0.0,0,1.0000000000000022,1.0
765,0.0,0,1.0000000000000022,1.0
775,0.0,0,1.0000000000000022,1.0
613,0.0,0,1.0000000000000022,1.0
615,0.0,0,1.0000000000000022,1.0
627,0.0,0,1.0000000000000022,1.0
643,0.0,0,1.0000000000000022,1.0
649,0.0,0,1.0000000000000022,1.0
6109,0.0,0,1.0000000000000022,1.0
6113,0.0,0,1.0000000000000022,1.0
6118,0.0,0,1.0000000000000022,1.0
729,0.0,0,1.0000000000000022,1.0
733,0.0,0,1.0000000000000022,1.0
753,0.0,0,1.0000000000000022,1.0
5976,0.0,0,1.0000000000000022,1.0
5979,0.0,0,1.0000000000000022,1.0
5985,0.0,0,1.0000000000000022,1.0
5987,0.0,0,1.0000000000000022,1.0
5996,0.0,0,1.0000000000000022,1.0
593,0.0,0,1.0000000000000022,1.0
596,0.0,0,1.0000000000000022,1.0
607,0.0,0,1.0000000000000022,1.0
608,0.0,0,1.0000000000000022,1.0
6175,0.0,0,1.0000000000000022,1.0
6177,0.0,0,1.0000000000000022,1.0
6190,0.0,0,1.0000000000000022,1.0
3386,0.0,0,1.0000000000000022,1.0
6051,0.0,0,1.0000000000000022,1.0
6054,0.0,0,1.0000000000000022,1.0
6069,0.0,0,1.0000000000000022,1.0
6076,0.0,0,1.0000000000000022,1.0
6077,0.0,0,1.0000000000000022,1.0
6086,0.0,0,1.0000000000000022,1.0
6095,0.0,0,1.0000000000000022,1.0
6098,0.0,0,1.0000000000000022,1.0
506,0.0,0,1.0000000000000022,1.0
510,0.0,0,1.0000000000000022,1.0
513,0.0,0,1.0000000000000022,1.0
533,0.0,0,1.0000000000000022,1.0
546,0.0,0,1.0000000000000022,1.0
457,0.0,0,1.0000000000000022,1.0
459,0.0,0,1.0000000000000022,1.0
467,0.0,0,1.0000000000000022,1.0
479,0.0,0,1.0000000000000022,1.0
6131,0.0,0,1.0000000000000022,1.0
3387,0.0,0,1.0000000000000022,1.0
563,0.0,0,1.0000000000000022,1.0
565,0.0,0,1.0000000000000022,1.0
567,0.0,0,1.0000000000000022,1.0
3392,0.0,0,1.0000000000000022,1.0
592,0.0,0,1.0000000000000022,1.0
6259,0.0,0,1.0000000000000022,1.0
6269,0.0,0,1.0000000000000022,1.0
6281,0.0,0,1.0000000000000022,1.0
408,0.0,0,1.0000000000000022,1.0
417,0.0,0,1.0000000000000022,1.0
424,0.0,0,1.0000000000000022,1.0
441,0.0,0,1.0000000000000022,1.0
451,0.0,0,1.0000000000000022,1.0
362,0.0,0,1.0000000000000022,1.0
367,0.0,0,1.0000000000000022,1.0
6202,0.0,0,1.0000000000000022,1.0
6203,0.0,0,1.0000000000000022,1.0
6206,0.0,0,1.0000000000000022,1.0
6208,0.0,0,1.0000000000000022,1.0
6211,0.0,0,1.0000000000000022,1.0
6222,0.0,0,1.0000000000000022,1.0
386,0.0,0,1.0000000000000022,1.0
393,0.0,0,1.0000000000000022,1.0
6291,0.0,0,1.0000000000000022,1.0
6294,0.0,0,1.0000000000000022,1.0
6299,0.0,0,1.0000000000000022,1.0
6306,0.0,0,1.0000000000000022,1.0
6351,0.0,0,1.0000000000000022,1.0
6359,0.0,0,1.0000000000000022,1.0
282,0.0,0,1.0000000000000022,1.0
283,0.0,0,1.0000000000000022,1.0
290,0.0,0,1.0000000000000022,1.0
314,0.0,0,1.0000000000000022,1.0
488,0.0,0,1.0000000000000022,1.0
3600,0.0,0,1.0000000000000022,1.0
500,0.0,0,1.0000000000000022,1.0
503,0.0,0,1.0000000000000022,1.0
6363,0.0,0,1.0000000000000022,1.0
6365,0.0,0,1.0000000000000022,1.0
6390,0.0,0,1.0000000000000022,1.0
6402,0.0,0,1.0000000000000022,1.0
6407,0.0,0,1.0000000000000022,1.0
6409,0.0,0,1.0000000000000022,1.0
6418,0.0,0,1.0000000000000022,1.0
6428,0.0,0,1.0000000000000022,1.0
231,0.0,0,1.0000000000000022,1.0
247,0.0,0,1.0000000000000022,1.0
265,0.0,0,1.0000000000000022,1.0
266,0.0,0,1.0000000000000022,1.0
267,0.0,0,1.0000000000000022,1.0
269,0.0,0,1.0000000000000022,1.0
373,0.0,0,1.0000000000000022,1.0
3603,0.0,0,1.0000000000000022,1.0
6488,0.0,0,1.0000000000000022,1.0
6492,0.0,0,1.0000000000000022,1.0
6505,0.0,0,1.0000000000000022,1.0
6514,0.0,0,1.0000000000000022,1.0
6447,0.0,0,1.0000000000000022,1.0
6451,0.0,0,1.0000000000000022,1.0
6461,0.0,0,1.0000000000000022,1.0
6470,0.0,0,1.0000000000000022,1.0
6473,0.0,0,1.0000000000000022,1.0
167,0.0,0,1.0000000000000022,1.0
173,0.0,0,1.0000000000000022,1.0
178,0.0,0,1.0000000000000022,1.0
216,0.0,0,1.0000000000000022,1.0
221,0.0,0,1.0000000000000022,1.0
332,0.0,0,1.0000000000000022,1.0
348,0.0,0,1.0000000000000022,1.0
3622,0.0,0,1.0000000000000022,1.0
3698,0.0,0,1.0000000000000022,1.0
17,0.0,0,1.0000000000000022,1.0
18,0.0,0,1.0000000000000022,1.0
90,0.0,0,1.0000000000000022,1.0
98,0.0,0,1.0000000000000022,1.0
99,0.0,0,1.0000000000000022,1.0
100,0.0,0,1.0000000000000022,1.0
120,0.0,0,1.0000000000000022,1.0
121,0.0,0,1.0000000000000022,1.0
122,0.0,0,1.0000000000000022,1.0
127,0.0,0,1.0000000000000022,1.0
143,0.0,0,1.0000000000000022,1.0
152,0.0,0,1.0000000000000022,1.0
155,0.0,0,1.0000000000000022,1.0
164,0.0,0,1.0000000000000022,1.0
276,0.0,0,1.0000000000000022,1.0
6435,0.0,0,1.0000000000000022,1.0
6444,0.0,0,1.0000000000000022,1.0
6446,0.0,0,1.0000000000000022,1.0
3750,0.0,0,1.0000000000000022,1.0
3791,0.0,0,1.0000000000000022,1.0
3794,0.0,0,1.0000000000000022,1.0
3814,0.0,0,1.0000000000000022,1.0
3816,0.0,0,1.0000000000000022,1.0
3819,0.0,0,1.0000000000000022,1.0
3821,0.0,0,1.0000000000000022,1.0
3835,0.0,0,1.0000000000000022,1.0
3840,0.0,0,1.0000000000000022,1.0
3844,0.0,0,1.0000000000000022,1.0
3857,0.0,0,1.0000000000000022,1.0
229,0.0,0,1.0000000000000022,1.0
