序号,关键词,方案ID,推广单元ID,消费额,点击量,浏览量,跳出率,平均访问时长(秒),累计消费占比,累计点击占比
2206,6522,525368335,9811363528,31241.97,10293,31253,0.8863,39.0,0.1721344371134589,0.1025403466826061
1486,1952,525368335,9811363528,23556.53,28520,31283,0.6368,210.0,0.30192426892932417,0.38666068938035464
2197,6483,525368335,9811363528,21240.56,994,2010,0.8,157.0,0.4189537596936597,0.39656306037059175
2196,6474,525368335,9811363528,12230.47,690,1211,0.6592,172.0,0.4863401975233819,0.40343693962940824
1984,5045,525368335,9811363528,9739.85,3556,5599,0.6304,63.0,0.5400040220939684,0.4388623231719466
1976,4969,525368335,9811363528,9353.77,4456,5427,0.449,320.0,0.5915406548299564,0.4832536361825065
2049,5460,525368335,9811363528,9272.73,2590,5678,0.697,171.0,0.6426307800382927,0.5090555887627017
1653,2914,525368335,9811363528,4623.04,5627,3428,0.7333,205.0,0.668102425653246,0.5651125722255429
1822,4025,525368335,9811363528,4371.61,319,1051,0.5397,264.0,0.6921887629306189,0.5682904961147639
1987,5070,525368335,9811363528,4240.55,2224,4333,0.8343,111.0,0.7155529965977494,0.5904463040446304
1639,2843,525368335,9811363528,4124.08,5431,5542,0.7917,117.0,0.7382755134368243,0.6445507073122135
1762,3595,525368335,9811363528,3343.5,420,418,0.8,121.0,0.7566972547831239,0.6487348077306236
1660,2961,525368335,9811363528,3144.54,4114,5321,0.9121,95.0,0.7740227826829572,0.6897190675433353
2054,5484,525368335,9811363528,2870.73,670,867,0.8636,66.0,0.7898396947616361,0.6963937039250847
1664,2978,525368335,9811363528,2698.76,4658,6365,0.9164,86.0,0.8047091006763182,0.7427973699940227
2218,6607,525368335,9811363528,2674.93,1735,2223,0.6209,240.0,0.8194472100166672,0.7600816895795975
1935,4718,525368335,9811363528,2594.66,813,1424,0.7243,123.0,0.8337430543120432,0.768180912532377
1620,2742,525368335,9811363528,2201.88,6284,4228,0.9227,58.0,0.8458747916637973,0.8307830245068739
1828,4045,525368335,9811363528,2116.51,24,117,0.5714,341.0,0.8575361644099785,0.8310221159593545
1753,3515,525368335,9811363528,2110.21,88,180,0.6615,152.0,0.8691628259342419,0.8318987846184499
1911,4594,525368335,9811363528,2076.36,273,546,0.7826,227.0,0.8806029835121698,0.8346184498904164
1480,1916,525368335,9811363528,1457.46,924,1318,0.698,174.0,0.8886331767655203,0.8438234708109185
1295,709,525368335,9811363528,1363.47,2319,263,0.9787,79.0,0.8961455116461662,0.866925682406854
1333,926,525368335,9811363528,1346.58,500,94,0.954,120.0,0.9035647873937659,0.8719067543335326
1367,1167,525368335,9811363528,1264.77,257,325,0.8144,111.0,0.9105333131310349,0.8744670253038453
1709,3222,525368335,9811363528,1176.51,172,337,0.7801,144.0,0.9170155511783911,0.8761805140466228
2079,5596,525368335,9811363528,1051.38,988,1708,0.6986,126.0,0.9228083582418493,0.8860231121737397
1600,2633,525368335,9811363528,877.62,769,1298,0.6834,212.0,0.9276437967465118,0.8936840007969715
1454,1672,525368335,9811363528,662.43,3390,507,0.9859,66.0,0.931293599085387,0.9274556684598526
1283,653,525368335,9811363528,570.08,73,221,0.597,259.0,0.9344345789886913,0.9281829049611476
2084,5640,525368335,9811363528,531.84,40,33,0.875,30.0,0.9373648672846734,0.9285813907152819
1243,433,525368335,9811363528,438.82,72,332,0.4746,375.0,0.9397826416341823,0.9292986650727236
1279,640,525368335,9811363528,432.45,35,165,0.3871,337.0,0.9421653190815301,0.9296473401075912
1857,4260,525368335,9811363528,362.82,62,58,0.913,49.0,0.9441643548809214,0.9302649930264993
1805,3923,525368335,9811363528,316.24,20,94,0.5263,244.0,0.9459067480268324,0.9304642359035664
2024,5260,525368335,9811363528,310.37,345,915,0.6833,214.0,0.9476167991294647,0.9339011755329747
1334,937,525368335,9811363528,286.55,134,107,0.908,103.0,0.9491956087549416,0.9352361028093246
1224,270,525368335,9811363528,263.36,50,167,0.6512,163.0,0.9506466480254548,0.9357342100019924
1328,888,525368335,9811363528,244.33,31,104,0.5769,291.0,0.9519928373669058,0.9360430364614465
2011,5212,525368335,9811363528,242.98,40,36,0.8148,68.0,0.9533315885893744,0.9364415222155807
1405,1318,525368335,9811363528,239.2,249,245,0.8079,91.0,0.9546495130786925,0.9389220960350667
1830,4053,525368335,9811363528,223.0,37,100,0.7333,287.0,0.9558781801402223,0.939290695357641
2212,6561,525368335,9811363528,190.83,93,12,0.8333,108.0,0.9569295995812613,0.9402171747360032
1179,33,525368335,9811363528,183.41,75,149,0.7288,108.0,0.9579401369164864,0.940964335525005
1760,3575,525368335,9811363528,167.95,71,201,0.6,316.0,0.958865494015069,0.9416716477385934
2200,6490,525368335,9811363528,166.07,165,145,0.9524,55.0,0.9597804928442542,0.9433154014743973
2103,5771,525368335,9811363528,165.76,118,152,0.8571,29.0,0.960693783660932,0.9444909344490935
1209,181,525368335,9811363528,165.4,49,72,0.6875,134.0,0.9616050909792146,0.9449790794979079
1808,3936,525368335,9811363528,155.23,28,51,0.8696,72.0,0.9624603644678302,0.9452580195258019
1913,4606,525368335,9811363528,146.02,51,93,0.7381,101.0,0.9632648934558328,0.9457660888623232
2004,5182,525368335,9811363528,132.06,13,23,0.7,33.0,0.9639925067838401,0.9458955967324169
1883,4437,525368335,9811363528,129.39,89,223,0.5616,213.0,0.9647054091654156,0.9467822275353656
1635,2807,525368335,9811363528,128.13,146,236,0.8,32.0,0.9654113693026076,0.9482367005379557
1506,2078,525368335,9811363528,127.96,115,117,0.9231,86.0,0.9661163927877796,0.9493823470810918
1582,2557,525368335,9811363528,126.11,148,160,0.844,71.0,0.9668112232950867,0.9508567443713887
1266,572,525368335,9811363528,126.06,22,26,0.9474,45.0,0.9675057783165057,0.9510759115361626
1248,469,525368335,9811363528,124.59,25,119,0.7143,438.0,0.9681922340528106,0.9513249651324965
1212,206,525368335,9811363528,122.53,26,38,0.8125,93.0,0.9688673397705202,0.9515839808726838
2149,6162,525368335,9811363528,121.83,24,24,0.9048,45.0,0.9695385886857945,0.9518230723251644
2166,6272,525368335,9811363528,121.35,23,43,0.75,57.0,0.9702071929365418,0.9520522016337916
2139,6029,525368335,9811363528,120.76,18,36,0.7059,104.0,0.9708725464538079,0.952231520223152
1304,751,525368335,9811363528,118.97,21,76,0.5294,589.0,0.9715280375762751,0.9524407252440725
1332,912,525368335,9811363528,116.42,16,8,1.0,252.0,0.9721694789184425,0.9526001195457262
1411,1353,525368335,9811363528,113.91,107,560,0.3587,341.0,0.9727970908690203,0.9536660689380355
2120,5891,525368335,9811363528,112.7,110,170,0.3,569.0,0.9734180360611029,0.9547619047619048
1318,829,525368335,9811363528,112.68,22,79,0.5625,234.0,0.9740388710588301,0.9549810719266786
1260,557,525368335,9811363528,111.75,13,26,0.6,169.0,0.9746545820190362,0.9551105797967723
2081,5608,525368335,9811363528,111.69,12,19,0.5714,287.0,0.9752699623961764,0.9552301255230126
2204,6516,525368335,9811363528,110.03,110,88,1.0,3.0,0.9758761966418271,0.9563259613468819
1655,2919,525368335,9811363528,90.58,106,104,0.9079,95.0,0.9763752668769543,0.9573819485953378
2109,5830,525368335,9811363528,68.65,16,5,1.0,29.0,0.9767535090015015,0.9575413428969914
1512,2113,525368335,9811363528,66.87,69,68,0.8776,45.0,0.9771219438284274,0.9582287308228731
1926,4662,525368335,9811363528,62.34,48,145,0.6216,270.0,0.9774654196338792,0.9587069137278342
1551,2354,525368335,9811363528,60.44,58,87,0.6364,197.0,0.9777984269755782,0.959284718071329
1182,48,525368335,9811363528,58.58,11,7,1.0,43.0,0.9781211862422347,0.9593943016537159
2162,6246,525368335,9811363528,53.38,10,23,0.6364,79.0,0.9784152949765148,0.9594939230922495
1941,4760,525368335,9811363528,53.34,40,119,0.7714,267.0,0.9787091833220842,0.9598924088463837
2110,5831,525368335,9811363528,52.79,3,19,0.3333,517.0,0.9790000413228832,0.9599222952779438
1465,1719,525368335,9811363528,49.34,66,98,0.7381,114.0,0.9792718907973939,0.9605797967722653
2132,5935,525368335,9811363528,46.08,7,7,0.8,190.0,0.9795257785919915,0.9606495317792388
1634,2806,525368335,9811363528,45.31,44,60,0.8293,154.0,0.9797754239039104,0.9610878661087866
1402,1308,525368335,9811363528,44.83,48,61,0.7,168.0,0.9800224245513022,0.9615660490137478
1763,3597,525368335,9811363528,44.81,51,65,0.8333,110.0,0.9802693150043387,0.962074118350269
1834,4091,525368335,9811363528,44.79,64,337,0.4,581.0,0.98051609526302,0.9627116955568839
1598,2624,525368335,9811363528,43.85,44,57,0.8125,71.0,0.9807576963870025,0.9631500298864316
2172,6343,525368335,9811363528,40.22,9,35,0.5,214.0,0.980979297235499,0.9632396891811118
1684,3073,525368335,9811363528,38.81,35,99,0.6,110.0,0.9811931293819472,0.9635883642159793
1849,4212,525368335,9811363528,37.2,30,81,0.6667,242.0,0.9813980908827945,0.96388722853158
1967,4938,525368335,9811363528,36.87,40,106,0.5517,184.0,0.9816012341767792,0.9642857142857143
1191,91,525368335,9811363528,36.38,6,2,1.0,120.0,0.9818016777090592,0.9643454871488344
1719,3313,525368335,9811363528,36.15,43,107,0.5143,400.0,0.9820008540062535,0.9647738593345287
1670,2997,525368335,9811363528,35.47,36,33,0.8571,55.0,0.9821962836953676,0.9651324965132496
1423,1441,525368335,9811363528,34.01,50,42,0.8182,76.0,0.9823836691965454,0.9656306037059175
2069,5538,525368335,9811363528,33.94,39,40,0.7778,76.0,0.9825706690174796,0.9660191273161984
1471,1765,525368335,9811363528,33.74,46,46,0.9286,70.0,0.9827565668948607,0.9664773859334529
1277,625,525368335,9811363528,33.59,37,30,0.84,96.0,0.9829416383145773,0.966845985256027
1436,1575,525368335,9811363528,33.51,40,8,0.5,60.0,0.9831262689568726,0.9672444710101614
1768,3649,525368335,9811363528,33.42,4,3,0.0,56.0,0.9833104037245692,0.9672843195855748
1686,3078,525368335,9811363528,33.02,29,54,0.6364,167.0,0.9834923346051598,0.9675732217573222
1706,3202,525368335,9811363528,32.23,27,119,0.6316,228.0,0.9836699128087164,0.9678421996413629
1524,2206,525368335,9811363528,32.01,43,63,0.8378,162.0,0.9838462788743647,0.9682705718270572
1714,3280,525368335,9811363528,30.61,27,55,0.75,218.0,0.9840149313351424,0.9685395497110978
1299,720,525368335,9811363528,30.61,26,23,0.875,71.0,0.98418358379592,0.9687985654512851
1430,1525,525368335,9811363528,29.45,32,180,0.7241,400.0,0.9843458449840907,0.9691173540545925
1870,4352,525368335,9811363528,29.26,39,434,0.2927,677.0,0.9845070593258861,0.9695058776648735
2101,5755,525368335,9811363528,29.05,27,41,0.6875,141.0,0.9846671166269507,0.9697748555489141
2057,5500,525368335,9811363528,27.94,29,39,0.7143,330.0,0.9848210581412967,0.9700637577206614
1574,2500,525368335,9811363528,27.75,34,83,0.5714,223.0,0.9849739528092674,0.9704024706116756
2164,6261,525368335,9811363528,27.63,12,14,0.8333,86.0,0.9851261863111063,0.9705220163379159
1202,144,525368335,9811363528,26.87,6,5,1.0,73.0,0.9852742324274439,0.9705817892010361
1556,2382,525368335,9811363528,26.76,27,51,0.8182,149.0,0.9854216724748275,0.9708507670850767
1966,4937,525368335,9811363528,25.77,21,27,0.7333,51.0,0.9855636579016239,0.9710599721059973
1374,1196,525368335,9811363528,25.68,26,5,1.0,433.0,0.9857051474538217,0.9713189878461845
1385,1241,525368335,9811363528,24.82,23,67,0.65,177.0,0.9858418986487417,0.9715481171548117
1501,2056,525368335,9811363528,24.53,26,52,0.3684,155.0,0.98597705202551,0.971807132894999
1678,3045,525368335,9811363528,24.51,22,68,0.3889,274.0,0.986112095207923,0.9720263000597729
1455,1677,525368335,9811363528,24.31,21,39,0.5333,188.0,0.986246036446783,0.9722355050806933
1452,1660,525368335,9811363528,24.25,18,38,0.6667,282.0,0.9863796471025772,0.9724148236700538
1513,2116,525368335,9811363528,23.67,33,18,1.0,54.0,0.9865100621220679,0.9727435744172146
1303,735,525368335,9811363528,23.37,23,24,0.7692,261.0,0.9866388242262291,0.9729727037258418
1983,5044,525368335,9811363528,23.34,23,31,0.8889,98.0,0.9867674210388573,0.973201833034469
1961,4894,525368335,9811363528,23.29,39,29,0.8333,150.0,0.9868957423655974,0.9735903566447499
1873,4378,525368335,9811363528,23.08,17,38,0.5882,87.0,0.9870229066516067,0.973759713090257
1321,836,525368335,9811363528,22.95,53,54,0.7895,119.0,0.9871493546743069,0.974287706714485
1589,2577,525368335,9811363528,22.78,23,65,0.5,208.0,0.9872748660449869,0.9745168360231121
1336,954,525368335,9811363528,22.07,35,90,0.72,249.0,0.9873964655160541,0.9748655110579797
2211,6554,525368335,9811363528,22.07,120,24,0.5714,127.0,0.9875180649871211,0.9760609683203826
1377,1209,525368335,9811363528,21.0,22,86,0.7,141.0,0.9876337690601801,0.9762801354851564
2170,6307,525368335,9811363528,20.78,8,22,0.7143,223.0,0.9877482609953306,0.9763598326359832
1554,2371,525368335,9811363528,20.29,22,81,0.5294,209.0,0.9878600531687766,0.9765789998007571
2027,5271,525368335,9811363528,20.07,22,132,0.6316,197.0,0.9879706332043143,0.976798166965531
1914,4614,525368335,9811363528,19.9,24,120,0.3684,373.0,0.9880802765878319,0.9770372584180116
1422,1437,525368335,9811363528,19.68,21,43,0.75,89.0,0.9881887078334414,0.9772464634389321
1445,1638,525368335,9811363528,19.33,26,59,0.5789,120.0,0.9882952106778331,0.9775054791791193
1959,4880,525368335,9811363528,18.79,23,87,0.6,300.0,0.988398738274632,0.9777346084877465
1606,2668,525368335,9811363528,18.74,26,20,0.7857,88.0,0.9885019903855425,0.9779936242279339
2067,5533,525368335,9811363528,18.68,17,9,1.0,25.0,0.9886049119133873,0.9781629806734409
1958,4853,525368335,9811363528,18.66,18,4,1.0,7.0,0.9887077232468767,0.9783422992628014
1892,4479,525368335,9811363528,18.44,21,23,0.9444,53.0,0.988809322442458,0.9785515042837218
2122,5896,525368335,9811363528,18.37,25,53,0.4762,192.0,0.9889105359577957,0.9788005578800558
1590,2578,525368335,9811363528,18.31,21,21,0.7692,115.0,0.9890114188900674,0.9790097629009763
2225,6648,525368335,9811363528,18.0,18,12,0.8,39.0,0.9891105938098321,0.9791890814903367
2075,5588,525368335,9811363528,17.72,17,43,0.75,272.0,0.9892082260086228,0.9793584379358438
1615,2724,525368335,9811363528,17.48,15,24,0.7692,145.0,0.9893045358751499,0.9795078700936442
1476,1869,525368335,9811363528,16.93,17,11,1.0,118.0,0.9893978153969063,0.9796772265391512
1576,2518,525368335,9811363528,16.92,15,61,0.5833,427.0,0.9894910398214852,0.9798266586969516
1531,2233,525368335,9811363528,16.86,20,10,0.8889,175.0,0.9895839336629981,0.9800259015740187
1406,1323,525368335,9811363528,16.79,16,60,0.5,247.0,0.9896764418242676,0.9801852958756725
1326,874,525368335,9811363528,16.71,15,34,0.7692,140.0,0.9897685092081159,0.9803347280334728
1777,3692,525368335,9811363528,16.38,15,49,0.5,306.0,0.9898587583851018,0.9804841601912732
1391,1270,525368335,9811363528,16.29,16,160,0.6429,1163.0,0.9899485116874889,0.9806435544929268
1514,2127,525368335,9811363528,16.0,6,7,0.8333,7.0,0.9900366671717242,0.980703327356047
1878,4397,525368335,9811363528,15.91,19,10,1.0,58.0,0.9901243267813608,0.9808926080892608
1927,4663,525368335,9811363528,15.68,16,18,0.7692,159.0,0.9902107191559113,0.9810520023909145
1833,4090,525368335,9811363528,15.57,18,15,0.8182,59.0,0.9902965054615078,0.981231320980275
1971,4957,525368335,9811363528,15.54,14,32,0.4545,84.0,0.9903821264755714,0.981370790994222
1536,2274,525368335,9811363528,15.49,4,0,0.0,0.0,0.9904674720037467,0.9814106395696354
1611,2705,525368335,9811363528,15.07,15,17,0.8462,36.0,0.9905505034504609,0.9815600717274358
1205,162,525368335,9811363528,14.99,5,4,1.0,62.0,0.9906330941197539,0.9816098824467026
1434,1561,525368335,9811363528,14.9,16,14,0.8333,95.0,0.990715188914448,0.9817692767483562
1461,1705,525368335,9811363528,14.22,13,33,0.7273,77.0,0.9907935371010621,0.9818987846184499
1809,3949,525368335,9811363528,13.87,13,6,1.0,124.0,0.9908699568864585,0.9820282924885435
1992,5095,525368335,9811363528,13.79,13,10,0.7143,53.0,0.9909459358944339,0.9821578003586372
1848,4210,525368335,9811363528,13.71,12,18,0.75,130.0,0.991021474124988,0.9822773460848775
1950,4815,525368335,9811363528,13.7,17,19,0.8333,205.0,0.9910969572583646,0.9824467025303846
1247,461,525368335,9811363528,13.69,13,8,1.0,101.0,0.9911723852945634,0.9825762104004782
1469,1742,525368335,9811363528,13.43,15,37,0.6923,105.0,0.9912463808041434,0.9827256425582785
2066,5531,525368335,9811363528,13.14,12,11,0.8889,36.0,0.9913187784955717,0.9828451882845188
1450,1649,525368335,9811363528,12.97,12,31,0.6,160.0,0.9913902395349801,0.9829647340107591
1267,579,525368335,9811363528,12.94,14,25,0.6154,85.0,0.9914615352828553,0.9831042040247061
1577,2534,525368335,9811363528,12.84,11,25,0.75,119.0,0.9915322800589542,0.983213787607093
2090,5693,525368335,9811363528,12.75,9,14,0.875,95.0,0.9916025289604542,0.9833034469017733
1307,759,525368335,9811363528,12.71,15,6,0.8,82.0,0.9916725574732436,0.9834528790595736
1376,1205,525368335,9811363528,12.68,11,18,0.7143,116.0,0.9917424206945,0.9835624626419606
2178,6366,525368335,9811363528,12.65,13,36,0.6923,81.0,0.9918121186242236,0.9836919705120541
1516,2147,525368335,9811363528,12.55,11,5,1.0,27.0,0.9918812655821706,0.9838015540944411
1977,4987,525368335,9811363528,12.34,11,8,0.8571,69.0,0.9919492554993871,0.983911137676828
1594,2597,525368335,9811363528,12.23,15,19,0.6667,106.0,0.9920166393476495,0.9840605698346284
1858,4261,525368335,9811363528,12.22,54,9,1.0,54.0,0.9920839680987342,0.9845985256027097
1578,2546,525368335,9811363528,12.2,11,56,0.4,251.0,0.9921511866554636,0.9847081091850967
2115,5869,525368335,9811363528,12.17,5,3,1.0,8.0,0.9922182399206603,0.9847579199043635
1268,588,525368335,9811363528,11.97,13,12,1.0,15.0,0.9922841912423038,0.984887427774457
2188,6440,525368335,9811363528,11.87,8,17,0.875,81.0,0.9923495915921708,0.9849671249252839
1786,3749,525368335,9811363528,11.54,14,11,1.0,36.0,0.9924131737351757,0.9851065949392309
1337,957,525368335,9811363528,11.4,9,31,0.4444,121.0,0.9924759845176933,0.9851962542339111
2102,5764,525368335,9811363528,11.39,9,51,0.75,275.0,0.9925387402030333,0.9852859135285914
1824,4032,525368335,9811363528,11.18,11,52,0.2727,252.0,0.9926003388476428,0.9853954971109783
1652,2905,525368335,9811363528,11.09,19,16,0.9091,83.0,0.9926614416176534,0.9855847778441921
1702,3181,525368335,9811363528,11.07,13,50,0.75,623.0,0.9927224341933086,0.9857142857142858
1379,1217,525368335,9811363528,11.05,12,16,0.9,73.0,0.9927833165746086,0.985833831440526
1880,4418,525368335,9811363528,10.74,8,16,0.75,39.0,0.9928424909434015,0.9859135285913528
1718,3305,525368335,9811363528,10.73,11,11,0.75,32.0,0.9929016102150169,0.9860231121737398
1222,268,525368335,9811363528,10.55,14,8,0.8571,78.0,0.9929597377374345,0.9861625821876868
1400,1296,525368335,9811363528,10.54,6,14,0.3333,343.0,0.9930178101626745,0.9862223550508069
1338,984,525368335,9811363528,10.36,11,8,1.0,40.0,0.9930748908387169,0.9863319386331939
1365,1159,525368335,9811363528,10.33,9,11,0.7143,34.0,0.9931318062232263,0.9864215979278741
1936,4723,525368335,9811363528,10.24,10,19,0.625,154.0,0.9931882257331368,0.9865212193664077
1630,2775,525368335,9811363528,10.21,9,9,0.8333,64.0,0.9932444799515144,0.9866108786610879
2213,6579,525368335,9811363528,10.19,10,7,1.0,54.0,0.9933006239755368,0.9867105000996215
1816,3991,525368335,9811363528,10.09,7,9,0.6,38.0,0.9933562170277827,0.986780235106595
1383,1235,525368335,9811363528,10.08,10,27,0.6,119.0,0.9934117549828508,0.9868798565451286
1700,3178,525368335,9811363528,10.08,13,14,0.8889,88.0,0.993467292937919,0.9870093644152221
2205,6518,525368335,9811363528,10.03,8,46,0.4286,322.0,0.993522555407099,0.987089061566049
1642,2855,525368335,9811363528,10.02,11,10,1.0,92.0,0.9935777627791014,0.9871986451484359
1755,3535,525368335,9811363528,9.73,8,21,0.5714,157.0,0.993631372332952,0.9872783422992628
2187,6436,525368335,9811363528,9.62,7,6,1.0,52.0,0.9936843758178485,0.9873480773062363
1545,2304,525368335,9811363528,9.61,12,11,0.75,61.0,0.9937373242055673,0.9874676230324766
1440,1610,525368335,9811363528,9.46,9,5,1.0,33.0,0.9937894461356214,0.9875572823271568
1712,3267,525368335,9811363528,9.34,6,8,0.6667,57.0,0.9938409068995436,0.987617055190277
1789,3760,525368335,9811363528,9.1,17,15,0.9286,96.0,0.9938910453312025,0.9877864116357841
1917,4621,525368335,9811363528,9.04,11,19,0.8,153.0,0.9939408531797955,0.987895995218171
1978,4999,525368335,9811363528,9.03,6,17,0.6667,55.0,0.9939906059312108,0.987955768081291
1602,2638,525368335,9811363528,8.93,9,34,0.4286,304.0,0.9940398077108497,0.9880454273759713
1641,2854,525368335,9811363528,8.89,7,9,0.6667,123.0,0.994088789101778,0.9881151623829448
1845,4189,525368335,9811363528,8.85,8,19,0.3333,77.0,0.9941375501039956,0.9881948595337716
1518,2175,525368335,9811363528,8.76,7,19,0.75,144.0,0.9941858152316145,0.9882645945407452
1408,1327,525368335,9811363528,8.67,6,34,0.4,505.0,0.9942335844846346,0.9883243674038653
1586,2569,525368335,9811363528,8.56,6,19,0.8,152.0,0.9942807476687006,0.9883841402669854
1596,2616,525368335,9811363528,8.53,12,16,0.8,227.0,0.9943277455612335,0.9885036859932257
1358,1131,525368335,9811363528,8.44,10,3,1.0,72.0,0.9943742475791676,0.9886033074317593
1899,4529,525368335,9811363528,8.37,7,5,1.0,73.0,0.9944203639168582,0.9886730424387328
1322,848,525368335,9811363528,8.34,8,27,0.5714,254.0,0.9944663149630159,0.9887527395895597
1748,3481,525368335,9811363528,8.14,12,62,0.4,474.0,0.9945111640656206,0.9888722853158
1276,618,525368335,9811363528,8.11,8,37,0.6667,128.0,0.9945558478766924,0.9889519824666269
1521,2186,525368335,9811363528,8.06,8,48,0.8571,1078.0,0.9946002562018759,0.9890316796174536
2012,5219,525368335,9811363528,8.05,7,16,0.75,725.0,0.9946446094298816,0.9891014146244271
1230,307,525368335,9811363528,7.98,7,39,0.6667,946.0,0.9946885769776441,0.9891711496314006
1617,2734,525368335,9811363528,7.95,8,54,0.4,679.0,0.9947323792338736,0.9892508467822275
1274,609,525368335,9811363528,7.94,8,14,0.5,238.0,0.9947761263929253,0.9893305439330544
1746,3473,525368335,9811363528,7.85,7,13,0.75,139.0,0.9948193776773784,0.9894002789400279
1553,2357,525368335,9811363528,7.84,9,19,0.7143,77.0,0.9948625738646537,0.9894899382347081
1429,1523,525368335,9811363528,7.77,7,9,0.8,172.0,0.9949053843716854,0.9895596732416816
1856,4255,525368335,9811363528,7.61,25,149,0.381,369.0,0.9949473133238748,0.9898087268380156
1257,516,525368335,9811363528,7.59,6,4,0.6667,87.0,0.9949891320817088,0.9898684997011357
1587,2571,525368335,9811363528,7.58,8,5,1.0,7.0,0.9950308957423653,0.9899481968519626
1957,4849,525368335,9811363528,7.46,9,22,0.375,97.0,0.99507199823689,0.9900378561466427
2023,5255,525368335,9811363528,7.45,9,3,1.0,6.0,0.9951130456342371,0.9901275154413229
2125,5902,525368335,9811363528,7.4,7,5,0.75,13.0,0.9951538175456959,0.9901972504482964
1362,1143,525368335,9811363528,7.32,5,4,1.0,37.0,0.9951941486797335,0.9902470611675632
1558,2418,525368335,9811363528,7.31,6,7,0.8,16.0,0.9952344247165935,0.9903068340306834
2148,6152,525368335,9811363528,7.29,9,8,0.8571,410.0,0.9952745905590983,0.9903964933253636
1643,2858,525368335,9811363528,7.04,6,13,0.25,283.0,0.9953133789721619,0.9904562661884838
1315,809,525368335,9811363528,6.97,2,4,0.5,60.0,0.995351781704982,0.9904761904761905
1954,4833,525368335,9811363528,6.88,8,8,1.0,79.0,0.9953896885632031,0.9905558876270173
1631,2790,525368335,9811363528,6.8,6,4,1.0,246.0,0.9954271546440031,0.9906156604901375
1747,3476,525368335,9811363528,6.72,7,19,0.75,405.0,0.9954641799473819,0.990685395497111
1444,1629,525368335,9811363528,6.69,8,16,0.7143,339.0,0.9955010399592278,0.9907650926479379
2017,5228,525368335,9811363528,6.63,5,4,0.6667,53.0,0.9955375693880079,0.9908149033672046
1797,3843,525368335,9811363528,6.63,5,13,0.4,74.0,0.9955740988167879,0.9908647140864714
2100,5745,525368335,9811363528,6.58,6,30,0.2,596.0,0.9956103527596796,0.9909244869495916
1296,710,525368335,9811363528,6.56,8,16,0.8571,98.0,0.9956464965082161,0.9910041841004185
1357,1124,525368335,9811363528,6.52,6,3,1.0,75.0,0.995682419868042,0.9910639569635386
2014,5222,525368335,9811363528,6.44,4,15,0.6667,679.0,0.9957179024504467,0.9911038055389519
1483,1930,525368335,9811363528,6.29,5,39,0.5,478.0,0.9957525585751867,0.9911536162582187
1310,766,525368335,9811363528,6.28,4,4,1.0,6.0,0.9957871596027491,0.9911934648336322
1560,2424,525368335,9811363528,6.26,4,3,1.0,1.0,0.9958216504359562,0.9912333134090456
2013,5220,525368335,9811363528,6.19,4,8,0.5,28.0,0.9958557555889197,0.991273161984459
1397,1292,525368335,9811363528,6.18,8,15,0.5714,48.0,0.9958898056447055,0.9913528591352859
1186,61,525368335,9811363528,6.13,8,11,0.75,13.0,0.9959235802146033,0.9914325562861128
1300,725,525368335,9811363528,6.12,7,2,1.0,63.0,0.9959572996873233,0.9915022912930863
1288,666,525368335,9811363528,6.06,6,9,0.75,210.0,0.9959906885769774,0.9915620641562064
1211,202,525368335,9811363528,6.04,7,6,0.8,87.0,0.9960239672722763,0.9916317991631799
1356,1093,525368335,9811363528,6.03,5,6,0.8,17.0,0.9960571908703975,0.9916816098824467
1432,1535,525368335,9811363528,6.01,10,18,0.4,261.0,0.9960903042741633,0.9917812313209803
2008,5196,525368335,9811363528,5.93,9,13,0.625,85.0,0.996122976900508,0.9918708906156605
1843,4171,525368335,9811363528,5.91,6,7,0.75,258.0,0.9961555393324975,0.9919306634787807
1418,1398,525368335,9811363528,5.87,4,4,0.6667,87.0,0.9961878813757763,0.9919705120541941
1683,3072,525368335,9811363528,5.77,6,6,1.0,70.0,0.9962196724472786,0.9920302849173142
2220,6616,525368335,9811363528,5.75,3,6,0.3333,19.0,0.9962513533244257,0.9920601713488743
1456,1678,525368335,9811363528,5.64,6,10,0.75,396.0,0.9962824281326187,0.9921199442119945
2202,6503,525368335,9811363528,5.49,7,15,0.8,89.0,0.9963126764831469,0.992189679218968
2055,5492,525368335,9811363528,5.47,7,4,1.0,65.0,0.9963428146393198,0.9922594142259414
1305,752,525368335,9811363528,5.46,8,7,1.0,74.0,0.996372897698315,0.9923391113767683
1592,2586,525368335,9811363528,5.37,2,1,1.0,120.0,0.9964024848827115,0.992359035664475
1897,4519,525368335,9811363528,5.33,8,9,0.6,50.0,0.9964318516783973,0.9924387328153018
1407,1325,525368335,9811363528,5.23,8,63,0.5,909.0,0.9964606675023069,0.9925184299661287
1750,3487,525368335,9811363528,5.23,5,4,1.0,4.0,0.9964894833262163,0.9925682406853955
2082,5624,525368335,9811363528,5.22,14,5,1.0,54.0,0.9965182440529481,0.9927077106993425
2095,5721,525368335,9811363528,5.21,4,4,1.0,6.0,0.9965469496825022,0.9927475592747559
1867,4323,525368335,9811363528,5.2,5,4,1.0,104.0,0.9965756002148787,0.9927973699940227
1231,317,525368335,9811363528,5.17,5,2,1.0,2.0,0.9966040854557223,0.9928471807132895
2186,6432,525368335,9811363528,5.13,4,2,1.0,75.0,0.9966323503078554,0.992887029288703
2096,5726,525368335,9811363528,5.1,3,2,1.0,61.0,0.9966604498684554,0.992916915720263
1544,2295,525368335,9811363528,5.07,2,1,1.0,9.0,0.9966883841375225,0.9929368400079697
1291,674,525368335,9811363528,5.07,4,4,1.0,62.0,0.9967163184065896,0.9929766885833832
1495,2019,525368335,9811363528,4.98,5,3,1.0,42.0,0.9967437568010579,0.99302649930265
2198,6487,525368335,9811363528,4.97,9,4,1.0,65.0,0.9967711400983484,0.9931161585973302
1708,3211,525368335,9811363528,4.96,6,6,1.0,26.0,0.9967984682984614,0.9931759314604502
1327,884,525368335,9811363528,4.94,5,4,1.0,42.0,0.9968256863042191,0.993225742179717
2179,6372,525368335,9811363528,4.92,4,10,0.75,37.0,0.9968527941156214,0.9932655907551305
1570,2467,525368335,9811363528,4.9,8,2,0.0,16.0,0.9968797917326685,0.9933452879059573
1791,3775,525368335,9811363528,4.81,4,6,0.75,47.0,0.9969062934751167,0.9933851364813708
1840,4158,525368335,9811363528,4.79,3,3,1.0,312.0,0.9969326850232098,0.9934150229129308
1507,2091,525368335,9811363528,4.76,5,2,1.0,120.0,0.9969589112797698,0.9934648336321976
1588,2572,525368335,9811363528,4.75,5,7,0.75,50.0,0.9969850824391522,0.9935146443514644
2048,5449,525368335,9811363528,4.71,6,25,0.5,275.0,0.9970110332098239,0.9935744172145846
1790,3769,525368335,9811363528,4.68,6,12,0.8,67.0,0.9970368186889627,0.9936341900777047
2031,5309,525368335,9811363528,4.65,10,5,1.0,200.0,0.9970624388765685,0.9937338115162383
1955,4845,525368335,9811363528,4.63,4,2,1.0,1.0,0.9970879488698191,0.9937736600916517
1874,4379,525368335,9811363528,4.62,5,6,0.8,33.0,0.9971134037658921,0.9938234708109185
1960,4891,525368335,9811363528,4.61,4,19,0.5,351.0,0.9971388035647873,0.993863319386332
1806,3924,525368335,9811363528,4.53,6,21,0.5,246.0,0.9971637625862614,0.9939230922494521
1807,3934,525368335,9811363528,4.48,4,6,0.6667,131.0,0.9971884461218473,0.9939629408248655
1626,2767,525368335,9811363528,4.47,6,3,1.0,629.0,0.9972130745602557,0.9940227136879857
2126,5913,525368335,9811363528,4.42,6,31,0.25,412.0,0.9972374275127757,0.9940824865511058
2093,5705,525368335,9811363528,4.36,3,16,0.3333,243.0,0.9972614498822298,0.9941123729826659
1932,4706,525368335,9811363528,4.31,5,90,0.4,691.0,0.9972851967657956,0.9941621837019327
1810,3951,525368335,9811363528,4.31,1,0,0.0,0.0,0.9973089436493615,0.9941721458457861
1341,1010,525368335,9811363528,4.3,4,2,1.0,120.0,0.9973326354357497,0.9942119944211995
1390,1265,525368335,9811363528,4.26,1,1,1.0,10.0,0.9973561068334273,0.9942219565650527
1651,2904,525368335,9811363528,4.24,6,3,1.0,69.0,0.9973794680367497,0.994281729428173
1621,2749,525368335,9811363528,4.24,5,3,1.0,4.0,0.997402829240072,0.9943315401474397
1674,3024,525368335,9811363528,4.23,5,14,0.6667,42.0,0.9974261353462167,0.9943813508667065
1644,2859,525368335,9811363528,4.18,3,3,0.0,45.0,0.9974491659664732,0.9944112372982666
1994,5111,525368335,9811363528,4.1,5,24,0.6,263.0,0.9974717558093086,0.9944610480175333
2106,5802,525368335,9811363528,4.09,3,13,0.5,112.0,0.9974942905549662,0.9944909344490934
2061,5505,525368335,9811363528,4.09,6,7,0.8,99.0,0.9975168253006238,0.9945507073122136
1909,4578,525368335,9811363528,4.05,5,1,1.0,7.0,0.9975391396575708,0.9946005180314804
1661,2964,525368335,9811363528,4.03,3,2,1.0,7.0,0.9975613438201626,0.9946304044630404
2108,5817,525368335,9811363528,4.01,6,14,0.75,674.0,0.9975834377883991,0.9946901773261606
1727,3352,525368335,9811363528,4.01,3,3,1.0,81.0,0.9976055317566356,0.9947200637577207
1239,396,525368335,9811363528,4.0,8,5,0.75,132.0,0.9976275706276945,0.9947997609085475
1625,2762,525368335,9811363528,3.98,5,4,1.0,62.0,0.9976494993043981,0.9948495716278143
1905,4550,525368335,9811363528,3.97,3,2,1.0,62.0,0.9976713728839239,0.9948794580593744
1772,3665,525368335,9811363528,3.95,5,15,0.6667,68.0,0.9976931362690946,0.9949292687786412
2000,5155,525368335,9811363528,3.94,3,0,0.0,0.0,0.9977148445570876,0.9949591552102013
2028,5292,525368335,9811363528,3.93,3,5,0.6667,522.0,0.9977364977479029,0.9949890416417613
2043,5395,525368335,9811363528,3.89,3,1,1.0,14.0,0.9977579305500076,0.9950189280733214
2168,6305,525368335,9811363528,3.8,5,6,0.75,15.0,0.9977788674775134,0.9950687387925882
1511,2101,525368335,9811363528,3.75,3,5,0.5,172.0,0.997799528919131,0.9950986252241483
1505,2076,525368335,9811363528,3.75,5,5,0.6667,95.0,0.9978201903607488,0.9951484359434151
1650,2890,525368335,9811363528,3.71,4,82,0.3333,2573.0,0.9978406314136558,0.9951882845188285
2021,5242,525368335,9811363528,3.64,3,1,1.0,378.0,0.9978606867863193,0.9952181709503886
1893,4480,525368335,9811363528,3.63,3,11,0.5,596.0,0.9978806870618053,0.9952480573819485
1441,1617,525368335,9811363528,3.61,3,2,1.0,2.0,0.9979005771429358,0.9952779438135086
1818,4005,525368335,9811363528,3.61,1,1,1.0,922.0,0.9979204672240664,0.995287905957362
1877,4393,525368335,9811363528,3.55,2,4,0.0,62.0,0.997940026722131,0.9953078302450687
2112,5841,525368335,9811363528,3.53,6,5,1.0,181.0,0.9979594760258403,0.9953676031081888
2051,5474,525368335,9811363528,3.52,4,5,0.75,392.0,0.9979788702323721,0.9954074516836023
1627,2768,525368335,9811363528,3.5,4,2,1.0,61.0,0.9979981542445485,0.9954473002590157
1667,2990,525368335,9811363528,3.5,2,1,1.0,2.0,0.9980174382567251,0.9954672245467224
1219,257,525368335,9811363528,3.48,3,16,0.3333,794.0,0.9980366120745463,0.9954971109782825
1921,4637,525368335,9811363528,3.48,3,3,1.0,111.0,0.9980557858923675,0.9955269974098426
1868,4333,525368335,9811363528,3.45,2,3,0.5,66.0,0.9980747944186559,0.9955469216975493
1767,3643,525368335,9811363528,3.44,5,4,1.0,96.0,0.9980937478477664,0.9955967324168161
1373,1194,525368335,9811363528,3.39,3,3,1.0,1.0,0.9981124257909889,0.9956266188483762
1462,1716,525368335,9811363528,3.37,2,2,0.0,17.0,0.9981309935398559,0.9956465431360829
1939,4739,525368335,9811363528,3.37,8,10,0.8333,115.0,0.9981495612887229,0.9957262402869097
1382,1233,525368335,9811363528,3.36,2,3,0.0,225.0,0.9981680739404123,0.9957461645746165
1547,2331,525368335,9811363528,3.33,4,5,1.0,64.0,0.9981864213005687,0.9957860131500299
1864,4292,525368335,9811363528,3.3,3,2,1.0,61.0,0.9982046033691921,0.99581589958159
1904,4549,525368335,9811363528,3.28,2,65,0.5,3529.0,0.9982226752434604,0.9958358238692967
2062,5508,525368335,9811363528,3.2,5,34,0.5,442.0,0.9982403063403076,0.9958856345885635
2227,6662,525368335,9811363528,3.14,2,2,0.0,7.0,0.9982576068540888,0.9959055588762702
1756,3541,525368335,9811363528,3.12,4,3,0.0,1359.0,0.9982747971735146,0.9959454074516836
1701,3179,525368335,9811363528,3.04,5,4,0.6667,1275.0,0.9982915467155195,0.9959952181709504
2105,5800,525368335,9811363528,3.02,3,4,0.6667,135.0,0.9983081860631687,0.9960251046025105
1616,2731,525368335,9811363528,3.0,2,2,1.0,120.0,0.9983247152164629,0.9960450288902172
1228,295,525368335,9811363528,2.99,4,4,0.6667,8.0,0.9983411892725793,0.9960848774656306
1443,1628,525368335,9811363528,2.96,3,14,0.3333,254.0,0.9983574980371628,0.9961147638971907
2138,6021,525368335,9811363528,2.94,2,1,1.0,18.0,0.9983736966073911,0.9961346881848974
1527,2225,525368335,9811363528,2.93,5,5,0.75,45.0,0.9983898400804416,0.9961844989041642
2146,6130,525368335,9811363528,2.93,3,1,1.0,13.0,0.9984059835534922,0.9962143853357243
1995,5113,525368335,9811363528,2.91,3,11,0.6667,99.0,0.9984220168321875,0.9962442717672844
1265,568,525368335,9811363528,2.89,2,4,0.0,262.0,0.9984379399165275,0.9962641960549911
1581,2553,525368335,9811363528,2.88,4,2,1.0,61.0,0.99845380790369,0.9963040446304045
2209,6542,525368335,9811363528,2.88,3,2,1.0,502.0,0.9984696758908523,0.9963339310619646
2119,5888,525368335,9811363528,2.86,4,6,0.3333,130.0,0.9984854336836593,0.9963737796373779
1329,901,525368335,9811363528,2.85,3,2,1.0,8.0,0.9985011363792887,0.996403666068938
1728,3359,525368335,9811363528,2.83,3,1,1.0,6.0,0.9985167288805629,0.9964335525004981
1659,2955,525368335,9811363528,2.82,5,5,1.0,43.0,0.9985322662846593,0.9964833632197649
1284,660,525368335,9811363528,2.76,3,4,0.5,25.0,0.9985474731056899,0.9965132496513249
1543,2291,525368335,9811363528,2.75,3,0,0.0,0.0,0.9985626248295429,0.996543136082885
1493,2010,525368335,9811363528,2.75,3,2,1.0,120.0,0.9985777765533959,0.9965730225144451
1751,3495,525368335,9811363528,2.74,4,10,0.6667,226.0,0.9985928731800711,0.9966128710898585
1704,3185,525368335,9811363528,2.72,4,2,1.0,62.0,0.9986078596123911,0.9966527196652719
1285,661,525368335,9811363528,2.71,2,2,1.0,15.0,0.9986227909475335,0.9966726439529787
2180,6383,525368335,9811363528,2.7,5,4,1.0,92.0,0.9986376671854982,0.9967224546722455
1891,4476,525368335,9811363528,2.68,4,2,1.0,120.0,0.9986524332291076,0.9967623032476589
1949,4807,525368335,9811363528,2.65,4,9,0.6667,27.0,0.9986670339811841,0.9968021518230723
1498,2043,525368335,9811363528,2.64,2,0,0.0,0.0,0.998681579636083,0.996822076110779
1342,1014,525368335,9811363528,2.6,4,4,1.0,97.0,0.9986959049022712,0.9968619246861925
2098,5730,525368335,9811363528,2.54,2,4,0.5,49.0,0.9987098995853936,0.9968818489738992
1534,2243,525368335,9811363528,2.54,2,3,0.5,86.0,0.998723894268516,0.9969017732616059
2064,5515,525368335,9811363528,2.51,1,0,0.0,0.0,0.9987377236601055,0.9969117354054593
1963,4920,525368335,9811363528,2.5,2,2,1.0,68.0,0.9987514979545172,0.996931659693166
1879,4399,525368335,9811363528,2.49,5,7,0.75,62.0,0.9987652171517514,0.9969814704124328
1451,1652,525368335,9811363528,2.48,3,2,1.0,2.0,0.9987788812518078,0.9970113568439928
1566,2453,525368335,9811363528,2.48,3,1,1.0,120.0,0.9987925453518643,0.9970412432755529
1854,4251,525368335,9811363528,2.47,4,2,1.0,90.0,0.9988061543547432,0.9970810918509664
1943,4764,525368335,9811363528,2.46,2,2,1.0,746.0,0.9988197082604443,0.9971010161386731
2065,5522,525368335,9811363528,2.41,1,1,1.0,5.0,0.9988329866802573,0.9971109782825264
2002,5167,525368335,9811363528,2.4,3,1,1.0,120.0,0.9988462100028925,0.9971408647140865
1792,3779,525368335,9811363528,2.4,2,0,0.0,0.0,0.9988594333255278,0.9971607890017932
1915,4615,525368335,9811363528,2.39,2,2,1.0,68.0,0.9988726015509856,0.9971807132894999
1836,4108,525368335,9811363528,2.36,3,2,0.0,82.0,0.9988856044849103,0.99721059972106
1523,2198,525368335,9811363528,2.35,2,2,1.0,166.0,0.9988985523216573,0.9972305240087667
1414,1381,525368335,9811363528,2.27,3,2,1.0,61.0,0.9989110593809831,0.9972604104403268
1340,993,525368335,9811363528,2.26,4,5,0.75,51.0,0.9989235113431314,0.9973002590157402
1339,989,525368335,9811363528,2.24,3,3,1.0,54.0,0.9989358531109244,0.9973301454473003
1478,1881,525368335,9811363528,2.24,3,8,0.3333,530.0,0.9989481948787172,0.9973600318788604
1565,2442,525368335,9811363528,2.2,2,0,0.0,0.0,0.9989603162577997,0.997379956166567
1249,472,525368335,9811363528,2.19,4,6,0.6667,22.0,0.9989723825397043,0.9974198047419804
1637,2835,525368335,9811363528,2.16,2,15,0.5,309.0,0.9989842835300762,0.9974397290296871
1242,432,525368335,9811363528,2.08,3,0,0.0,0.0,0.9989957437430267,0.9974696154612472
1236,377,525368335,9811363528,2.08,2,1,1.0,120.0,0.9990072039559772,0.9974895397489539
2086,5658,525368335,9811363528,2.07,2,2,1.0,120.0,0.9990186090717502,0.9975094640366607
1940,4750,525368335,9811363528,2.04,2,1,1.0,7.0,0.9990298488959902,0.9975293883243674
1526,2217,525368335,9811363528,2.02,2,8,0.5,41.0,0.9990409785258748,0.9975493126120741
2216,6595,525368335,9811363528,2.0,1,0,0.0,0.0,0.9990519979614043,0.9975592747559274
1698,3158,525368335,9811363528,1.99,1,1,1.0,11.0,0.999062962299756,0.9975692368997808
1785,3742,525368335,9811363528,1.99,2,1,1.0,120.0,0.9990739266381077,0.9975891611874875
2129,5921,525368335,9811363528,1.97,1,0,0.0,0.0,0.9990847807821042,0.9975991233313409
1331,911,525368335,9811363528,1.96,4,4,1.0,64.0,0.9990955798289229,0.9976389719067543
1319,831,525368335,9811363528,1.96,2,4,0.5,148.0,0.9991063788757417,0.997658896194461
1970,4951,525368335,9811363528,1.95,1,1,1.0,1.0,0.999117122825383,0.9976688583383144
1730,3365,525368335,9811363528,1.95,1,2,0.0,70.0,0.9991278667750243,0.9976788204821677
2035,5327,525368335,9811363528,1.93,2,2,1.0,80.0,0.9991385005303101,0.9976987447698745
1866,4307,525368335,9811363528,1.92,2,10,0.0,71.0,0.9991490791884184,0.9977186690575812
1688,3090,525368335,9811363528,1.9,1,0,0.0,0.0,0.9991595476521713,0.9977286312014345
2203,6510,525368335,9811363528,1.89,2,4,0.5,26.0,0.9991699610187467,0.9977485554891412
1316,810,525368335,9811363528,1.87,1,1,1.0,8.0,0.9991802641909666,0.9977585176329946
1628,2770,525368335,9811363528,1.86,2,2,1.0,61.0,0.999190512266009,0.9977784419207013
1563,2436,525368335,9811363528,1.86,2,1,1.0,1.0,0.9992007603410512,0.997798366208408
1509,2093,525368335,9811363528,1.85,3,11,0.6667,289.0,0.999210953318916,0.9978282526399681
1654,2916,525368335,9811363528,1.83,1,1,1.0,1.0,0.9992210361024253,0.9978382147838215
1607,2675,525368335,9811363528,1.83,1,5,0.0,140.0,0.9992311188859346,0.9978481769276748
1814,3979,525368335,9811363528,1.82,1,1,1.0,0.0,0.9992411465722665,0.9978581390715282
1871,4366,525368335,9811363528,1.82,3,4,0.6667,76.0,0.9992511742585982,0.9978880255030883
1477,1879,525368335,9811363528,1.82,2,2,1.0,28.0,0.9992612019449301,0.997907949790795
1254,501,525368335,9811363528,1.81,3,2,1.0,165.0,0.9992711745340842,0.9979378362223551
2034,5326,525368335,9811363528,1.8,2,0,0.0,0.0,0.9992810920260606,0.9979577605100618
1675,3029,525368335,9811363528,1.8,1,3,0.0,51.0,0.999291009518037,0.9979677226539151
1819,4012,525368335,9811363528,1.78,5,4,0.6667,82.0,0.9993008168156582,0.9980175333731819
1715,3281,525368335,9811363528,1.75,2,1,1.0,120.0,0.9993104588217464,0.9980374576608886
1827,4042,525368335,9811363528,1.73,7,20,0.25,350.0,0.9993199906334794,0.9981071926678621
1923,4639,525368335,9811363528,1.71,3,2,1.0,109.0,0.999329412250857,0.9981370790994222
2118,5885,525368335,9811363528,1.71,2,1,1.0,2.0,0.9993388338682346,0.9981570033871289
1817,3996,525368335,9811363528,1.7,6,5,0.75,569.0,0.9993482003884346,0.9982167762502491
1412,1370,525368335,9811363528,1.66,2,2,1.0,4.0,0.9993573465199241,0.9982367005379558
1980,5013,525368335,9811363528,1.65,2,10,0.5,157.0,0.9993664375542358,0.9982566248256625
1542,2288,525368335,9811363528,1.64,2,2,1.0,3.0,0.99937547349137,0.9982765491133692
1614,2719,525368335,9811363528,1.63,3,5,0.6667,22.0,0.9993844543313265,0.9983064355449293
1902,4544,525368335,9811363528,1.61,2,3,0.5,13.0,0.9993933249769277,0.998326359832636
1259,543,525368335,9811363528,1.58,3,3,1.0,42.0,0.9994020303309958,0.9983562462641961
1261,560,525368335,9811363528,1.56,3,5,0.0,239.0,0.9994106254907088,0.9983861326957562
1881,4420,525368335,9811363528,1.53,1,1,1.0,0.0,0.9994190553588888,0.9983960948396094
2174,6353,525368335,9811363528,1.5,2,2,1.0,2.0,0.9994273199355358,0.9984160191273161
1388,1255,525368335,9811363528,1.5,1,1,1.0,10.0,0.9994355845121828,0.9984259812711695
1289,669,525368335,9811363528,1.5,1,1,1.0,120.0,0.9994438490888299,0.998435943415023
1862,4289,525368335,9811363528,1.5,1,0,0.0,0.0,0.999452113665477,0.9984459055588762
1196,110,525368335,9811363528,1.5,1,1,1.0,120.0,0.9994603782421241,0.9984558677027296
1203,154,525368335,9811363528,1.48,2,0,0.0,0.0,0.9994685326244159,0.9984757919904363
1929,4674,525368335,9811363528,1.48,1,0,0.0,0.0,0.9994766870067077,0.9984857541342897
2163,6250,525368335,9811363528,1.47,1,1,1.0,10.0,0.9994847862918218,0.998495716278143
1647,2877,525368335,9811363528,1.46,1,3,0.5,72.0,0.9994928304797582,0.9985056784219964
1359,1135,525368335,9811363528,1.46,1,1,1.0,3.0,0.9995008746676947,0.9985156405658497
2171,6340,525368335,9811363528,1.45,1,0,0.0,0.0,0.9995088637584536,0.9985256027097031
1535,2267,525368335,9811363528,1.45,2,5,0.5,128.0,0.9995168528492124,0.9985455269974098
1783,3716,525368335,9811363528,1.44,1,1,1.0,11.0,0.9995247868427937,0.9985554891412632
1197,113,525368335,9811363528,1.44,1,1,1.0,9.0,0.9995327208363749,0.9985654512851165
1737,3413,525368335,9811363528,1.41,1,1,1.0,10.0,0.9995404895384231,0.9985754134289699
2150,6173,525368335,9811363528,1.4,1,1,1.0,46.0,0.9995482031432936,0.9985853755728232
1886,4443,525368335,9811363528,1.39,1,1,1.0,1.0,0.9995558616509866,0.9985953377166766
2207,6523,525368335,9811363528,1.35,1,1,1.0,37.0,0.999563299769969,0.99860529986053
1384,1236,525368335,9811363528,1.34,2,0,0.0,0.0,0.9995706827917737,0.9986252241482367
1624,2759,525368335,9811363528,1.33,2,8,0.5,397.0,0.9995780107164007,0.9986451484359434
1687,3082,525368335,9811363528,1.32,1,1,1.0,1.0,0.9995852835438502,0.9986551105797967
1220,263,525368335,9811363528,1.31,2,2,1.0,15.0,0.9995925012741219,0.9986750348675035
1229,303,525368335,9811363528,1.3,2,2,1.0,62.0,0.999599663907216,0.9986949591552102
1398,1294,525368335,9811363528,1.3,2,2,1.0,22.0,0.9996068265403101,0.9987148834429169
1217,235,525368335,9811363528,1.29,1,1,1.0,2.0,0.9996139340762266,0.9987248455867703
1780,3703,525368335,9811363528,1.28,1,1,1.0,1156.0,0.9996209865149654,0.9987348077306236
1778,3697,525368335,9811363528,1.28,1,0,0.0,0.0,0.9996280389537042,0.998744769874477
1842,4163,525368335,9811363528,1.26,1,0,0.0,0.0,0.9996349811980878,0.9987547320183303
1736,3396,525368335,9811363528,1.26,1,1,1.0,4.0,0.9996419234424714,0.9987646941621837
2160,6229,525368335,9811363528,1.21,1,1,1.0,3.0,0.9996485902009666,0.998774656306037
1234,363,525368335,9811363528,1.21,1,9,0.0,187.0,0.9996552569594619,0.9987846184498904
1825,4039,525368335,9811363528,1.21,2,2,1.0,29.0,0.9996619237179571,0.9988045427375971
1765,3634,525368335,9811363528,1.18,1,0,0.0,0.0,0.9996684251849195,0.9988145048814505
1999,5150,525368335,9811363528,1.17,1,12,0.0,2062.0,0.9996748715547042,0.9988244670253038
1474,1816,525368335,9811363528,1.16,2,6,0.0,41.0,0.9996812628273113,0.9988443913130105
1613,2718,525368335,9811363528,1.15,2,2,1.0,120.0,0.9996875990027407,0.9988643156007173
1901,4541,525368335,9811363528,1.13,1,1,1.0,41.0,0.9996938249838149,0.9988742777445706
1847,4202,525368335,9811363528,1.12,1,0,0.0,0.0,0.9996999958677113,0.998884239888424
1262,561,525368335,9811363528,1.12,2,2,1.0,120.0,0.9997061667516077,0.9989041641761307
1484,1935,525368335,9811363528,1.11,2,2,1.0,5.0,0.9997122825383264,0.9989240884638374
1213,213,525368335,9811363528,1.1,1,1,1.0,1.0,0.9997183432278677,0.9989340506076908
1335,944,525368335,9811363528,1.08,3,3,1.0,83.0,0.9997242937230535,0.9989639370392508
1204,159,525368335,9811363528,1.03,1,1,1.0,3.0,0.9997299687323512,0.9989738991831042
1722,3331,525368335,9811363528,1.01,1,1,1.0,120.0,0.9997355335472936,0.9989838613269576
1669,2996,525368335,9811363528,1.0,1,3,0.0,21.0,0.9997410432650583,0.9989938234708109
1603,2655,525368335,9811363528,0.99,3,3,1.0,43.0,0.9997464978856453,0.999023709902371
1280,644,525368335,9811363528,0.97,2,2,1.0,64.0,0.9997518423118771,0.9990436341900777
1788,3759,525368335,9811363528,0.97,1,1,1.0,1.0,0.9997571867381089,0.9990535963339311
2116,5872,525368335,9811363528,0.96,2,3,0.5,96.0,0.9997624760671628,0.9990735206216378
1677,3043,525368335,9811363528,0.95,1,8,0.0,141.0,0.9997677102990394,0.9990834827654911
1206,172,525368335,9811363528,0.95,1,1,1.0,3.0,0.9997729445309159,0.9990934449093445
1855,4254,525368335,9811363528,0.93,3,1,1.0,120.0,0.9997780685684371,0.9991233313409046
1500,2054,525368335,9811363528,0.92,1,1,1.0,1728.0,0.9997831375087807,0.9991332934847579
1938,4736,525368335,9811363528,0.92,1,0,0.0,0.0,0.9997882064491244,0.9991432556286113
1758,3544,525368335,9811363528,0.9,1,4,0.0,444.0,0.9997931651951125,0.9991532177724647
2032,5313,525368335,9811363528,0.89,1,1,1.0,0.0,0.9997980688439232,0.999163179916318
2161,6231,525368335,9811363528,0.88,2,1,1.0,120.0,0.9998029173955562,0.9991831042040247
1272,597,525368335,9811363528,0.87,1,1,1.0,3.0,0.9998077108500114,0.9991930663478781
2045,5406,525368335,9811363528,0.86,1,0,0.0,0.0,0.999812449207289,0.9992030284917314
2130,5928,525368335,9811363528,0.85,1,1,1.0,3.0,0.999817132467389,0.9992129906355848
1458,1694,525368335,9811363528,0.85,2,11,0.5,668.0,0.9998218157274891,0.9992329149232915
1658,2953,525368335,9811363528,0.85,1,1,1.0,0.0,0.9998264989875891,0.9992428770671449
1774,3673,525368335,9811363528,0.85,1,0,0.0,0.0,0.9998311822476891,0.9992528392109982
1568,2460,525368335,9811363528,0.84,1,1,1.0,11.0,0.9998358104106114,0.9992628013548516
1502,2060,525368335,9811363528,0.83,1,0,0.0,0.0,0.9998403834763561,0.999272763498705
1951,4817,525368335,9811363528,0.83,1,1,1.0,13.0,0.9998449565421007,0.9992827256425583
1479,1906,525368335,9811363528,0.81,1,1,1.0,0.0,0.9998494194134901,0.9992926877864117
1178,32,525368335,9811363528,0.8,1,1,1.0,3.0,0.9998538271877019,0.999302649930265
1826,4041,525368335,9811363528,0.78,1,2,0.0,15.0,0.9998581247675583,0.9993126120741184
2158,6220,525368335,9811363528,0.76,2,2,1.0,1.0,0.9998623121530595,0.9993325363618251
1330,905,525368335,9811363528,0.75,1,0,0.0,0.0,0.9998664444413831,0.9993424985056785
1420,1402,525368335,9811363528,0.75,1,1,1.0,120.0,0.9998705767297066,0.9993524606495318
2217,6601,525368335,9811363528,0.75,1,1,1.0,8.0,0.9998747090180301,0.9993624227933852
1489,1958,525368335,9811363528,0.73,2,1,1.0,19.0,0.9998787311119984,0.9993823470810919
1188,74,525368335,9811363528,0.73,1,0,0.0,0.0,0.9998827532059668,0.9993923092249453
2192,6457,525368335,9811363528,0.73,1,1,1.0,120.0,0.999886775299935,0.9994022713687986
1538,2278,525368335,9811363528,0.72,1,2,0.0,4.0,0.9998907422967256,0.999412233512652
1784,3733,525368335,9811363528,0.71,1,1,1.0,120.0,0.9998946541963385,0.9994221956565053
1244,435,525368335,9811363528,0.7,1,0,0.0,0.0,0.9998985109987738,0.9994321578003587
2223,6639,525368335,9811363528,0.69,1,1,1.0,120.0,0.9999023127040315,0.999442119944212
1395,1282,525368335,9811363528,0.65,1,0,0.0,0.0,0.9999058940205785,0.9994520820880654
1579,2547,525368335,9811363528,0.65,1,4,0.0,97.0,0.9999094753371256,0.9994620442319188
1457,1688,525368335,9811363528,0.64,2,9,0.5,1179.0,0.9999130015564951,0.9994819685196255
1404,1315,525368335,9811363528,0.63,1,0,0.0,0.0,0.9999164726786869,0.9994919306634787
1389,1257,525368335,9811363528,0.61,1,1,1.0,120.0,0.9999198336065233,0.9995018928073321
1744,3460,525368335,9811363528,0.6,1,0,0.0,0.0,0.9999231394371821,0.9995118549511854
1237,378,525368335,9811363528,0.59,1,0,0.0,0.0,0.9999263901706633,0.9995218170950388
1548,2335,525368335,9811363528,0.59,1,0,0.0,0.0,0.9999296409041444,0.9995317792388922
1975,4968,525368335,9811363528,0.59,1,0,0.0,0.0,0.9999328916376256,0.9995417413827455
1803,3916,525368335,9811363528,0.58,1,0,0.0,0.0,0.999936087273929,0.999551703526599
1632,2796,525368335,9811363528,0.56,1,1,1.0,120.0,0.9999391727158773,0.9995616656704522
1252,493,525368335,9811363528,0.55,1,0,0.0,0.0,0.9999422030606477,0.9995716278143056
1837,4111,525368335,9811363528,0.54,1,1,1.0,120.0,0.9999451783082408,0.999581589958159
1745,3463,525368335,9811363528,0.53,2,2,1.0,120.0,0.9999480984586561,0.9996015142458657
1907,4557,525368335,9811363528,0.52,1,1,1.0,120.0,0.9999509635118936,0.999611476389719
1496,2030,525368335,9811363528,0.5,1,1,1.0,33.0,0.999953718370776,0.9996214385335724
2104,5792,525368335,9811363528,0.45,1,0,0.0,0.0,0.9999561977437702,0.9996314006774257
2123,5897,525368335,9811363528,0.43,2,1,1.0,0.0,0.999958566922409,0.9996513249651325
1372,1188,525368335,9811363528,0.39,1,1,1.0,120.0,0.9999607157123372,0.9996612871089858
1181,47,525368335,9811363528,0.38,1,55,0.0,724.0,0.9999628094050879,0.9996712492528392
2224,6641,525368335,9811363528,0.37,1,0,0.0,0.0,0.9999648480006608,0.9996812113966925
1922,4638,525368335,9811363528,0.37,1,1,1.0,120.0,0.9999668865962338,0.9996911735405459
1364,1149,525368335,9811363528,0.37,1,1,1.0,0.0,0.9999689251918067,0.9997011356843993
1612,2711,525368335,9811363528,0.35,1,0,0.0,0.0,0.9999708535930243,0.9997110978282526
1448,1641,525368335,9811363528,0.34,1,1,1.0,1.0,0.9999727268970643,0.999721059972106
1968,4939,525368335,9811363528,0.33,1,5,0.0,43.0,0.9999745451039266,0.9997310221159593
1985,5049,525368335,9811363528,0.32,1,2,0.0,22.0,0.9999763082136114,0.9997409842598127
1497,2042,525368335,9811363528,0.31,1,1,1.0,5.0,0.9999780162261184,0.999750946403666
2076,5591,525368335,9811363528,0.31,2,1,1.0,120.0,0.9999797242386255,0.9997708706913728
1692,3124,525368335,9811363528,0.3,2,2,1.0,120.0,0.9999813771539547,0.9997907949790795
2071,5551,525368335,9811363528,0.3,2,2,1.0,5.0,0.9999830300692841,0.9998107192667862
1925,4660,525368335,9811363528,0.28,1,1,1.0,6.0,0.9999845727902582,0.9998206814106396
1399,1295,525368335,9811363528,0.23,1,1,1.0,5.0,0.9999858400253442,0.9998306435544929
2018,5230,525368335,9811363528,0.22,1,0,0.0,0.0,0.9999870521632525,0.9998406056983463
1485,1939,525368335,9811363528,0.2,1,0,0.0,0.0,0.9999881541068054,0.9998505678421996
2056,5497,525368335,9811363528,0.15,1,0,0.0,0.0,0.99998898056447,0.999860529986053
2053,5481,525368335,9811363528,0.15,1,0,0.0,0.0,0.9999898070221348,0.9998704921299063
1360,1136,525368335,9811363528,0.15,1,1,1.0,10.0,0.9999906334797994,0.9998804542737597
1859,4264,525368335,9811363528,0.15,1,1,1.0,2.0,0.9999914599374641,0.9998904164176131
1749,3486,525368335,9811363528,0.15,1,2,0.0,39.0,0.9999922863951288,0.9999003785614664
1720,3320,525368335,9811363528,0.15,1,1,1.0,0.0,0.9999931128527935,0.9999103407053198
1663,2976,525368335,9811363528,0.15,1,1,1.0,1.0,0.9999939393104581,0.9999203028491731
2040,5378,525368335,9811363528,0.15,1,1,1.0,4.0,0.9999947657681229,0.9999302649930265
1636,2826,525368335,9811363528,0.15,1,1,1.0,2.0,0.9999955922257875,0.9999402271368799
1491,1988,525368335,9811363528,0.15,1,1,1.0,1.0,0.9999964186834521,0.9999501892807332
1409,1337,525368335,9811363528,0.15,1,1,1.0,2.0,0.9999972451411169,0.9999601514245866
2058,5501,525368335,9811363528,0.15,1,1,1.0,654.0,0.9999980715987815,0.9999701135684399
1312,785,525368335,9811363528,0.15,1,1,1.0,120.0,0.9999988980564462,0.9999800757122933
1595,2610,525368335,9811363528,0.1,1,1,1.0,2.0,0.9999994490282227,0.9999900378561466
1717,3300,525368335,9811363528,0.1,1,0,0.0,0.0,0.9999999999999992,1.0
2157,6211,525368335,9811363528,0.0,0,0,,,0.9999999999999992,1.0
2190,6446,525368335,9811363528,0.0,0,0,,,0.9999999999999992,1.0
2191,6451,525368335,9811363528,0.0,0,0,,,0.9999999999999992,1.0
2193,6461,525368335,9811363528,0.0,0,0,,,0.9999999999999992,1.0
2194,6470,525368335,9811363528,0.0,0,0,,,0.9999999999999992,1.0
2099,5736,525368335,9811363528,0.0,0,0,,,0.9999999999999992,1.0
2107,5810,525368335,9811363528,0.0,0,0,,,0.9999999999999992,1.0
2111,5836,525368335,9811363528,0.0,0,0,,,0.9999999999999992,1.0
2113,5844,525368335,9811363528,0.0,0,1,,,0.9999999999999992,1.0
2114,5866,525368335,9811363528,0.0,0,0,,,0.9999999999999992,1.0
2117,5873,525368335,9811363528,0.0,0,0,,,0.9999999999999992,1.0
2121,5893,525368335,9811363528,0.0,0,0,,,0.9999999999999992,1.0
2124,5898,525368335,9811363528,0.0,0,0,,,0.9999999999999992,1.0
2127,5916,525368335,9811363528,0.0,0,0,,,0.9999999999999992,1.0
2128,5918,525368335,9811363528,0.0,0,0,,,0.9999999999999992,1.0
2140,6039,525368335,9811363528,0.0,0,0,,,0.9999999999999992,1.0
2141,6042,525368335,9811363528,0.0,0,0,,,0.9999999999999992,1.0
2142,6077,525368335,9811363528,0.0,0,0,,,0.9999999999999992,1.0
2143,6109,525368335,9811363528,0.0,0,0,,,0.9999999999999992,1.0
2144,6113,525368335,9811363528,0.0,0,0,,,0.9999999999999992,1.0
2145,6118,525368335,9811363528,0.0,0,0,,,0.9999999999999992,1.0
2147,6131,525368335,9811363528,0.0,0,0,,,0.9999999999999992,1.0
2151,6175,525368335,9811363528,0.0,0,0,,,0.9999999999999992,1.0
2152,6177,525368335,9811363528,0.0,0,0,,,0.9999999999999992,1.0
2153,6190,525368335,9811363528,0.0,0,0,,,0.9999999999999992,1.0
2159,6222,525368335,9811363528,0.0,0,0,,,0.9999999999999992,1.0
2165,6269,525368335,9811363528,0.0,0,0,,,0.9999999999999992,1.0
2173,6351,525368335,9811363528,0.0,0,0,,,0.9999999999999992,1.0
2175,6359,525368335,9811363528,0.0,0,0,,,0.9999999999999992,1.0
2176,6363,525368335,9811363528,0.0,0,0,,,0.9999999999999992,1.0
2097,5728,525368335,9811363528,0.0,0,0,,,0.9999999999999992,1.0
1193,99,525368335,9811363528,0.0,0,0,,,0.9999999999999992,1.0
1225,273,525368335,9811363528,0.0,0,0,,,0.9999999999999992,1.0
1173,2,525368335,9811363528,0.0,0,0,,,0.9999999999999992,1.0
1174,4,525368335,9811363528,0.0,0,0,,,0.9999999999999992,1.0
1175,8,525368335,9811363528,0.0,0,0,,,0.9999999999999992,1.0
1176,17,525368335,9811363528,0.0,0,0,,,0.9999999999999992,1.0
1177,24,525368335,9811363528,0.0,0,0,,,0.9999999999999992,1.0
1180,41,525368335,9811363528,0.0,0,0,,,0.9999999999999992,1.0
1183,54,525368335,9811363528,0.0,0,0,,,0.9999999999999992,1.0
1184,55,525368335,9811363528,0.0,0,0,,,0.9999999999999992,1.0
1185,57,525368335,9811363528,0.0,0,0,,,0.9999999999999992,1.0
1187,62,525368335,9811363528,0.0,0,0,,,0.9999999999999992,1.0
1189,83,525368335,9811363528,0.0,0,0,,,0.9999999999999992,1.0
1190,90,525368335,9811363528,0.0,0,0,,,0.9999999999999992,1.0
1192,98,525368335,9811363528,0.0,0,0,,,0.9999999999999992,1.0
1258,528,525368335,9811363528,0.0,0,0,,,0.9999999999999992,1.0
1194,100,525368335,9811363528,0.0,0,0,,,0.9999999999999992,1.0
1195,108,525368335,9811363528,0.0,0,0,,,0.9999999999999992,1.0
1198,120,525368335,9811363528,0.0,0,0,,,0.9999999999999992,1.0
1199,121,525368335,9811363528,0.0,0,0,,,0.9999999999999992,1.0
1200,122,525368335,9811363528,0.0,0,0,,,0.9999999999999992,1.0
1201,143,525368335,9811363528,0.0,0,0,,,0.9999999999999992,1.0
1207,173,525368335,9811363528,0.0,0,0,,,0.9999999999999992,1.0
1208,178,525368335,9811363528,0.0,0,0,,,0.9999999999999992,1.0
1210,190,525368335,9811363528,0.0,0,0,,,0.9999999999999992,1.0
1214,217,525368335,9811363528,0.0,0,0,,,0.9999999999999992,1.0
1215,229,525368335,9811363528,0.0,0,0,,,0.9999999999999992,1.0
1216,231,525368335,9811363528,0.0,0,0,,,0.9999999999999992,1.0
1218,247,525368335,9811363528,0.0,0,0,,,0.9999999999999992,1.0
1221,265,525368335,9811363528,0.0,0,0,,,0.9999999999999992,1.0
1223,269,525368335,9811363528,0.0,0,0,,,0.9999999999999992,1.0
1294,688,525368335,9811363528,0.0,0,0,,,0.9999999999999992,1.0
1226,276,525368335,9811363528,0.0,0,0,,,0.9999999999999992,1.0
1227,290,525368335,9811363528,0.0,0,0,,,0.9999999999999992,1.0
1232,332,525368335,9811363528,0.0,0,0,,,0.9999999999999992,1.0
1233,362,525368335,9811363528,0.0,0,0,,,0.9999999999999992,1.0
1235,367,525368335,9811363528,0.0,0,0,,,0.9999999999999992,1.0
1238,386,525368335,9811363528,0.0,0,0,,,0.9999999999999992,1.0
1240,408,525368335,9811363528,0.0,0,0,,,0.9999999999999992,1.0
1241,424,525368335,9811363528,0.0,0,0,,,0.9999999999999992,1.0
1245,444,525368335,9811363528,0.0,0,0,,,0.9999999999999992,1.0
1246,451,525368335,9811363528,0.0,0,0,,,0.9999999999999992,1.0
1250,479,525368335,9811363528,0.0,0,0,,,0.9999999999999992,1.0
1251,488,525368335,9811363528,0.0,0,0,,,0.9999999999999992,1.0
1253,500,525368335,9811363528,0.0,0,0,,,0.9999999999999992,1.0
1255,503,525368335,9811363528,0.0,0,0,,,0.9999999999999992,1.0
1256,506,525368335,9811363528,0.0,0,0,,,0.9999999999999992,1.0
1343,1018,525368335,9811363528,0.0,0,0,,,0.9999999999999992,1.0
1263,563,525368335,9811363528,0.0,0,0,,,0.9999999999999992,1.0
1264,565,525368335,9811363528,0.0,0,0,,,0.9999999999999992,1.0
1269,592,525368335,9811363528,0.0,0,0,,,0.9999999999999992,1.0
1270,593,525368335,9811363528,0.0,0,0,,,0.9999999999999992,1.0
1271,596,525368335,9811363528,0.0,0,0,,,0.9999999999999992,1.0
1273,607,525368335,9811363528,0.0,0,0,,,0.9999999999999992,1.0
1275,613,525368335,9811363528,0.0,0,0,,,0.9999999999999992,1.0
1278,627,525368335,9811363528,0.0,0,0,,,0.9999999999999992,1.0
1281,649,525368335,9811363528,0.0,0,0,,,0.9999999999999992,1.0
1282,652,525368335,9811363528,0.0,0,0,,,0.9999999999999992,1.0
1286,664,525368335,9811363528,0.0,0,0,,,0.9999999999999992,1.0
1287,665,525368335,9811363528,0.0,0,0,,,0.9999999999999992,1.0
1290,671,525368335,9811363528,0.0,0,0,,,0.9999999999999992,1.0
1292,677,525368335,9811363528,0.0,0,0,,,0.9999999999999992,1.0
1293,681,525368335,9811363528,0.0,0,0,,,0.9999999999999992,1.0
1368,1169,525368335,9811363528,0.0,0,0,,,0.9999999999999992,1.0
1297,716,525368335,9811363528,0.0,0,0,,,0.9999999999999992,1.0
1298,719,525368335,9811363528,0.0,0,0,,,0.9999999999999992,1.0
1301,729,525368335,9811363528,0.0,0,0,,,0.9999999999999992,1.0
1302,733,525368335,9811363528,0.0,0,0,,,0.9999999999999992,1.0
1306,753,525368335,9811363528,0.0,0,0,,,0.9999999999999992,1.0
1308,763,525368335,9811363528,0.0,0,0,,,0.9999999999999992,1.0
1309,765,525368335,9811363528,0.0,0,0,,,0.9999999999999992,1.0
1311,775,525368335,9811363528,0.0,0,0,,,0.9999999999999992,1.0
1313,799,525368335,9811363528,0.0,0,0,,,0.9999999999999992,1.0
1314,805,525368335,9811363528,0.0,0,0,,,0.9999999999999992,1.0
1317,825,525368335,9811363528,0.0,0,0,,,0.9999999999999992,1.0
1320,834,525368335,9811363528,0.0,0,0,,,0.9999999999999992,1.0
1323,850,525368335,9811363528,0.0,0,0,,,0.9999999999999992,1.0
1324,851,525368335,9811363528,0.0,0,0,,,0.9999999999999992,1.0
1325,860,525368335,9811363528,0.0,0,0,,,0.9999999999999992,1.0
1410,1351,525368335,9811363528,0.0,0,0,,,0.9999999999999992,1.0
1344,1022,525368335,9811363528,0.0,0,0,,,0.9999999999999992,1.0
1345,1030,525368335,9811363528,0.0,0,0,,,0.9999999999999992,1.0
1346,1034,525368335,9811363528,0.0,0,0,,,0.9999999999999992,1.0
1347,1038,525368335,9811363528,0.0,0,0,,,0.9999999999999992,1.0
1348,1046,525368335,9811363528,0.0,0,0,,,0.9999999999999992,1.0
1349,1047,525368335,9811363528,0.0,0,0,,,0.9999999999999992,1.0
1350,1050,525368335,9811363528,0.0,0,0,,,0.9999999999999992,1.0
1351,1060,525368335,9811363528,0.0,0,0,,,0.9999999999999992,1.0
1352,1074,525368335,9811363528,0.0,0,0,,,0.9999999999999992,1.0
1353,1075,525368335,9811363528,0.0,0,0,,,0.9999999999999992,1.0
1354,1081,525368335,9811363528,0.0,0,0,,,0.9999999999999992,1.0
1355,1087,525368335,9811363528,0.0,0,0,,,0.9999999999999992,1.0
1361,1137,525368335,9811363528,0.0,0,0,,,0.9999999999999992,1.0
1363,1148,525368335,9811363528,0.0,0,0,,,0.9999999999999992,1.0
1366,1161,525368335,9811363528,0.0,0,0,,,0.9999999999999992,1.0
1438,1601,525368335,9811363528,0.0,0,0,,,0.9999999999999992,1.0
1369,1172,525368335,9811363528,0.0,0,0,,,0.9999999999999992,1.0
1370,1184,525368335,9811363528,0.0,0,0,,,0.9999999999999992,1.0
1371,1187,525368335,9811363528,0.0,0,0,,,0.9999999999999992,1.0
1375,1199,525368335,9811363528,0.0,0,0,,,0.9999999999999992,1.0
1378,1216,525368335,9811363528,0.0,0,0,,,0.9999999999999992,1.0
1380,1221,525368335,9811363528,0.0,0,0,,,0.9999999999999992,1.0
1381,1225,525368335,9811363528,0.0,0,0,,,0.9999999999999992,1.0
1386,1244,525368335,9811363528,0.0,0,0,,,0.9999999999999992,1.0
1387,1245,525368335,9811363528,0.0,0,0,,,0.9999999999999992,1.0
1392,1278,525368335,9811363528,0.0,0,0,,,0.9999999999999992,1.0
1393,1280,525368335,9811363528,0.0,0,0,,,0.9999999999999992,1.0
1394,1281,525368335,9811363528,0.0,0,0,,,0.9999999999999992,1.0
1396,1289,525368335,9811363528,0.0,0,0,,,0.9999999999999992,1.0
1401,1303,525368335,9811363528,0.0,0,0,,,0.9999999999999992,1.0
1403,1311,525368335,9811363528,0.0,0,0,,,0.9999999999999992,1.0
1473,1797,525368335,9811363528,0.0,0,0,,,0.9999999999999992,1.0
1413,1375,525368335,9811363528,0.0,0,0,,,0.9999999999999992,1.0
1415,1387,525368335,9811363528,0.0,0,0,,,0.9999999999999992,1.0
1416,1396,525368335,9811363528,0.0,0,0,,,0.9999999999999992,1.0
1417,1397,525368335,9811363528,0.0,0,0,,,0.9999999999999992,1.0
1419,1400,525368335,9811363528,0.0,0,0,,,0.9999999999999992,1.0
1421,1414,525368335,9811363528,0.0,0,0,,,0.9999999999999992,1.0
1424,1475,525368335,9811363528,0.0,0,0,,,0.9999999999999992,1.0
1425,1492,525368335,9811363528,0.0,0,0,,,0.9999999999999992,1.0
1426,1496,525368335,9811363528,0.0,0,0,,,0.9999999999999992,1.0
1427,1507,525368335,9811363528,0.0,0,0,,,0.9999999999999992,1.0
1428,1508,525368335,9811363528,0.0,0,0,,,0.9999999999999992,1.0
1431,1533,525368335,9811363528,0.0,0,0,,,0.9999999999999992,1.0
1433,1537,525368335,9811363528,0.0,0,0,,,0.9999999999999992,1.0
1435,1564,525368335,9811363528,0.0,0,0,,,0.9999999999999992,1.0
1437,1576,525368335,9811363528,0.0,0,0,,,0.9999999999999992,1.0
1519,2177,525368335,9811363528,0.0,0,0,,,0.9999999999999992,1.0
1439,1602,525368335,9811363528,0.0,0,0,,,0.9999999999999992,1.0
1442,1621,525368335,9811363528,0.0,0,0,,,0.9999999999999992,1.0
1446,1639,525368335,9811363528,0.0,0,0,,,0.9999999999999992,1.0
1447,1640,525368335,9811363528,0.0,0,0,,,0.9999999999999992,1.0
1449,1647,525368335,9811363528,0.0,0,0,,,0.9999999999999992,1.0
1453,1670,525368335,9811363528,0.0,0,0,,,0.9999999999999992,1.0
1459,1702,525368335,9811363528,0.0,0,0,,,0.9999999999999992,1.0
1460,1703,525368335,9811363528,0.0,0,0,,,0.9999999999999992,1.0
1463,1717,525368335,9811363528,0.0,0,0,,,0.9999999999999992,1.0
1464,1718,525368335,9811363528,0.0,0,0,,,0.9999999999999992,1.0
1466,1735,525368335,9811363528,0.0,0,0,,,0.9999999999999992,1.0
1467,1737,525368335,9811363528,0.0,0,0,,,0.9999999999999992,1.0
1468,1739,525368335,9811363528,0.0,0,0,,,0.9999999999999992,1.0
1470,1756,525368335,9811363528,0.0,0,0,,,0.9999999999999992,1.0
1472,1766,525368335,9811363528,0.0,0,0,,,0.9999999999999992,1.0
1552,2356,525368335,9811363528,0.0,0,0,,,0.9999999999999992,1.0
1475,1827,525368335,9811363528,0.0,0,0,,,0.9999999999999992,1.0
1481,1921,525368335,9811363528,0.0,0,0,,,0.9999999999999992,1.0
1482,1923,525368335,9811363528,0.0,0,0,,,0.9999999999999992,1.0
1487,1955,525368335,9811363528,0.0,0,0,,,0.9999999999999992,1.0
1488,1957,525368335,9811363528,0.0,0,0,,,0.9999999999999992,1.0
1490,1965,525368335,9811363528,0.0,0,0,,,0.9999999999999992,1.0
1492,1996,525368335,9811363528,0.0,0,0,,,0.9999999999999992,1.0
1494,2015,525368335,9811363528,0.0,0,0,,,0.9999999999999992,1.0
1499,2051,525368335,9811363528,0.0,0,0,,,0.9999999999999992,1.0
1503,2071,525368335,9811363528,0.0,0,0,,,0.9999999999999992,1.0
1504,2072,525368335,9811363528,0.0,0,0,,,0.9999999999999992,1.0
1508,2092,525368335,9811363528,0.0,0,0,,,0.9999999999999992,1.0
1510,2095,525368335,9811363528,0.0,0,0,,,0.9999999999999992,1.0
1515,2146,525368335,9811363528,0.0,0,0,,,0.9999999999999992,1.0
1517,2166,525368335,9811363528,0.0,0,0,,,0.9999999999999992,1.0
1585,2564,525368335,9811363528,0.0,0,0,,,0.9999999999999992,1.0
1520,2180,525368335,9811363528,0.0,0,0,,,0.9999999999999992,1.0
1522,2191,525368335,9811363528,0.0,0,0,,,0.9999999999999992,1.0
1525,2214,525368335,9811363528,0.0,0,0,,,0.9999999999999992,1.0
1528,2226,525368335,9811363528,0.0,0,0,,,0.9999999999999992,1.0
1529,2231,525368335,9811363528,0.0,0,0,,,0.9999999999999992,1.0
1530,2232,525368335,9811363528,0.0,0,0,,,0.9999999999999992,1.0
1532,2236,525368335,9811363528,0.0,0,0,,,0.9999999999999992,1.0
1533,2238,525368335,9811363528,0.0,0,0,,,0.9999999999999992,1.0
1537,2277,525368335,9811363528,0.0,0,0,,,0.9999999999999992,1.0
1539,2282,525368335,9811363528,0.0,0,0,,,0.9999999999999992,1.0
1540,2283,525368335,9811363528,0.0,0,0,,,0.9999999999999992,1.0
1541,2284,525368335,9811363528,0.0,0,0,,,0.9999999999999992,1.0
1546,2322,525368335,9811363528,0.0,0,0,,,0.9999999999999992,1.0
1549,2337,525368335,9811363528,0.0,0,0,,,0.9999999999999992,1.0
1550,2339,525368335,9811363528,0.0,0,0,,,0.9999999999999992,1.0
1633,2799,525368335,9811363528,0.0,0,0,,,0.9999999999999992,1.0
1555,2380,525368335,9811363528,0.0,0,0,,,0.9999999999999992,1.0
1557,2387,525368335,9811363528,0.0,0,0,,,0.9999999999999992,1.0
1559,2422,525368335,9811363528,0.0,0,0,,,0.9999999999999992,1.0
1561,2425,525368335,9811363528,0.0,0,0,,,0.9999999999999992,1.0
1562,2426,525368335,9811363528,0.0,0,0,,,0.9999999999999992,1.0
1564,2441,525368335,9811363528,0.0,0,0,,,0.9999999999999992,1.0
1567,2458,525368335,9811363528,0.0,0,0,,,0.9999999999999992,1.0
1569,2465,525368335,9811363528,0.0,0,0,,,0.9999999999999992,1.0
1571,2474,525368335,9811363528,0.0,0,0,,,0.9999999999999992,1.0
1572,2476,525368335,9811363528,0.0,0,0,,,0.9999999999999992,1.0
1573,2482,525368335,9811363528,0.0,0,0,,,0.9999999999999992,1.0
1575,2509,525368335,9811363528,0.0,0,0,,,0.9999999999999992,1.0
1580,2549,525368335,9811363528,0.0,0,0,,,0.9999999999999992,1.0
1583,2559,525368335,9811363528,0.0,0,0,,,0.9999999999999992,1.0
1584,2563,525368335,9811363528,0.0,0,0,,,0.9999999999999992,1.0
1676,3035,525368335,9811363528,0.0,0,0,,,0.9999999999999992,1.0
1591,2583,525368335,9811363528,0.0,0,0,,,0.9999999999999992,1.0
1593,2591,525368335,9811363528,0.0,0,0,,,0.9999999999999992,1.0
1597,2618,525368335,9811363528,0.0,0,0,,,0.9999999999999992,1.0
1599,2632,525368335,9811363528,0.0,0,0,,,0.9999999999999992,1.0
1601,2636,525368335,9811363528,0.0,0,0,,,0.9999999999999992,1.0
1604,2665,525368335,9811363528,0.0,0,0,,,0.9999999999999992,1.0
1605,2666,525368335,9811363528,0.0,0,0,,,0.9999999999999992,1.0
1608,2678,525368335,9811363528,0.0,0,0,,,0.9999999999999992,1.0
1609,2684,525368335,9811363528,0.0,0,0,,,0.9999999999999992,1.0
1610,2685,525368335,9811363528,0.0,0,0,,,0.9999999999999992,1.0
1618,2738,525368335,9811363528,0.0,0,0,,,0.9999999999999992,1.0
1619,2739,525368335,9811363528,0.0,0,0,,,0.9999999999999992,1.0
1622,2754,525368335,9811363528,0.0,0,0,,,0.9999999999999992,1.0
1623,2758,525368335,9811363528,0.0,0,0,,,0.9999999999999992,1.0
1629,2771,525368335,9811363528,0.0,0,0,,,0.9999999999999992,1.0
1705,3188,525368335,9811363528,0.0,0,0,,,0.9999999999999992,1.0
1638,2840,525368335,9811363528,0.0,0,0,,,0.9999999999999992,1.0
1640,2847,525368335,9811363528,0.0,0,0,,,0.9999999999999992,1.0
1645,2861,525368335,9811363528,0.0,0,0,,,0.9999999999999992,1.0
1646,2875,525368335,9811363528,0.0,0,0,,,0.9999999999999992,1.0
1648,2884,525368335,9811363528,0.0,0,0,,,0.9999999999999992,1.0
1649,2888,525368335,9811363528,0.0,0,0,,,0.9999999999999992,1.0
1656,2939,525368335,9811363528,0.0,0,0,,,0.9999999999999992,1.0
1657,2947,525368335,9811363528,0.0,0,0,,,0.9999999999999992,1.0
1662,2975,525368335,9811363528,0.0,0,0,,,0.9999999999999992,1.0
1665,2979,525368335,9811363528,0.0,0,0,,,0.9999999999999992,1.0
1666,2989,525368335,9811363528,0.0,0,0,,,0.9999999999999992,1.0
1668,2994,525368335,9811363528,0.0,0,0,,,0.9999999999999992,1.0
1671,3009,525368335,9811363528,0.0,0,0,,,0.9999999999999992,1.0
1672,3012,525368335,9811363528,0.0,0,0,,,0.9999999999999992,1.0
1673,3022,525368335,9811363528,0.0,0,0,,,0.9999999999999992,1.0
1735,3395,525368335,9811363528,0.0,0,0,,,0.9999999999999992,1.0
1679,3060,525368335,9811363528,0.0,0,0,,,0.9999999999999992,1.0
1680,3062,525368335,9811363528,0.0,0,0,,,0.9999999999999992,1.0
1681,3063,525368335,9811363528,0.0,0,0,,,0.9999999999999992,1.0
1682,3068,525368335,9811363528,0.0,0,0,,,0.9999999999999992,1.0
1685,3076,525368335,9811363528,0.0,0,0,,,0.9999999999999992,1.0
1689,3102,525368335,9811363528,0.0,0,0,,,0.9999999999999992,1.0
1690,3107,525368335,9811363528,0.0,0,0,,,0.9999999999999992,1.0
1691,3116,525368335,9811363528,0.0,0,0,,,0.9999999999999992,1.0
1693,3126,525368335,9811363528,0.0,0,0,,,0.9999999999999992,1.0
1694,3135,525368335,9811363528,0.0,0,0,,,0.9999999999999992,1.0
1695,3138,525368335,9811363528,0.0,0,0,,,0.9999999999999992,1.0
1696,3147,525368335,9811363528,0.0,0,0,,,0.9999999999999992,1.0
1697,3151,525368335,9811363528,0.0,0,0,,,0.9999999999999992,1.0
1699,3164,525368335,9811363528,0.0,0,0,,,0.9999999999999992,1.0
1703,3182,525368335,9811363528,0.0,0,0,,,0.9999999999999992,1.0
1771,3663,525368335,9811363528,0.0,0,0,,,0.9999999999999992,1.0
1707,3206,525368335,9811363528,0.0,0,0,,,0.9999999999999992,1.0
1710,3235,525368335,9811363528,0.0,0,0,,,0.9999999999999992,1.0
1711,3262,525368335,9811363528,0.0,0,0,,,0.9999999999999992,1.0
1713,3275,525368335,9811363528,0.0,0,0,,,0.9999999999999992,1.0
1716,3284,525368335,9811363528,0.0,0,0,,,0.9999999999999992,1.0
1721,3326,525368335,9811363528,0.0,0,0,,,0.9999999999999992,1.0
1723,3333,525368335,9811363528,0.0,0,0,,,0.9999999999999992,1.0
1724,3340,525368335,9811363528,0.0,0,0,,,0.9999999999999992,1.0
1725,3347,525368335,9811363528,0.0,0,0,,,0.9999999999999992,1.0
1726,3348,525368335,9811363528,0.0,0,0,,,0.9999999999999992,1.0
1729,3363,525368335,9811363528,0.0,0,0,,,0.9999999999999992,1.0
1731,3369,525368335,9811363528,0.0,0,0,,,0.9999999999999992,1.0
1732,3375,525368335,9811363528,0.0,0,0,,,0.9999999999999992,1.0
1733,3387,525368335,9811363528,0.0,0,0,,,0.9999999999999992,1.0
1734,3392,525368335,9811363528,0.0,0,0,,,0.9999999999999992,1.0
1802,3907,525368335,9811363528,0.0,0,0,,,0.9999999999999992,1.0
1738,3431,525368335,9811363528,0.0,0,0,,,0.9999999999999992,1.0
1739,3442,525368335,9811363528,0.0,0,0,,,0.9999999999999992,1.0
1740,3446,525368335,9811363528,0.0,0,0,,,0.9999999999999992,1.0
1741,3453,525368335,9811363528,0.0,0,0,,,0.9999999999999992,1.0
1742,3455,525368335,9811363528,0.0,0,0,,,0.9999999999999992,1.0
1743,3456,525368335,9811363528,0.0,0,0,,,0.9999999999999992,1.0
1752,3505,525368335,9811363528,0.0,0,0,,,0.9999999999999992,1.0
1754,3529,525368335,9811363528,0.0,0,0,,,0.9999999999999992,1.0
1757,3543,525368335,9811363528,0.0,0,0,,,0.9999999999999992,1.0
1759,3566,525368335,9811363528,0.0,0,0,,,0.9999999999999992,1.0
1761,3586,525368335,9811363528,0.0,0,0,,,0.9999999999999992,1.0
1764,3622,525368335,9811363528,0.0,0,0,,,0.9999999999999992,1.0
1766,3640,525368335,9811363528,0.0,0,0,,,0.9999999999999992,1.0
1769,3657,525368335,9811363528,0.0,0,0,,,0.9999999999999992,1.0
1770,3659,525368335,9811363528,0.0,0,0,,,0.9999999999999992,1.0
1844,4184,525368335,9811363528,0.0,0,0,,,0.9999999999999992,1.0
1773,3671,525368335,9811363528,0.0,0,0,,,0.9999999999999992,1.0
1775,3679,525368335,9811363528,0.0,0,0,,,0.9999999999999992,1.0
1776,3685,525368335,9811363528,0.0,0,0,,,0.9999999999999992,1.0
1779,3698,525368335,9811363528,0.0,0,0,,,0.9999999999999992,1.0
1781,3704,525368335,9811363528,0.0,0,0,,,0.9999999999999992,1.0
1782,3705,525368335,9811363528,0.0,0,0,,,0.9999999999999992,1.0
1787,3750,525368335,9811363528,0.0,0,0,,,0.9999999999999992,1.0
1793,3814,525368335,9811363528,0.0,0,0,,,0.9999999999999992,1.0
1794,3819,525368335,9811363528,0.0,0,0,,,0.9999999999999992,1.0
1795,3821,525368335,9811363528,0.0,0,0,,,0.9999999999999992,1.0
1796,3835,525368335,9811363528,0.0,0,0,,,0.9999999999999992,1.0
1798,3844,525368335,9811363528,0.0,0,0,,,0.9999999999999992,1.0
1799,3857,525368335,9811363528,0.0,0,0,,,0.9999999999999992,1.0
1800,3865,525368335,9811363528,0.0,0,0,,,0.9999999999999992,1.0
1801,3893,525368335,9811363528,0.0,0,0,,,0.9999999999999992,1.0
1885,4442,525368335,9811363528,0.0,0,0,,,0.9999999999999992,1.0
1804,3921,525368335,9811363528,0.0,0,0,,,0.9999999999999992,1.0
1811,3964,525368335,9811363528,0.0,0,0,,,0.9999999999999992,1.0
1812,3968,525368335,9811363528,0.0,0,0,,,0.9999999999999992,1.0
1813,3973,525368335,9811363528,0.0,0,0,,,0.9999999999999992,1.0
1815,3989,525368335,9811363528,0.0,0,0,,,0.9999999999999992,1.0
1820,4015,525368335,9811363528,0.0,0,0,,,0.9999999999999992,1.0
1821,4020,525368335,9811363528,0.0,0,0,,,0.9999999999999992,1.0
1823,4026,525368335,9811363528,0.0,0,0,,,0.9999999999999992,1.0
1829,4051,525368335,9811363528,0.0,0,0,,,0.9999999999999992,1.0
1831,4082,525368335,9811363528,0.0,0,0,,,0.9999999999999992,1.0
1832,4089,525368335,9811363528,0.0,0,0,,,0.9999999999999992,1.0
1835,4106,525368335,9811363528,0.0,0,0,,,0.9999999999999992,1.0
1838,4152,525368335,9811363528,0.0,0,0,,,0.9999999999999992,1.0
1839,4153,525368335,9811363528,0.0,0,0,,,0.9999999999999992,1.0
1841,4162,525368335,9811363528,0.0,0,0,,,0.9999999999999992,1.0
1918,4629,525368335,9811363528,0.0,0,0,,,0.9999999999999992,1.0
1846,4199,525368335,9811363528,0.0,0,0,,,0.9999999999999992,1.0
1850,4224,525368335,9811363528,0.0,0,0,,,0.9999999999999992,1.0
1851,4236,525368335,9811363528,0.0,0,0,,,0.9999999999999992,1.0
1852,4248,525368335,9811363528,0.0,0,0,,,0.9999999999999992,1.0
1853,4249,525368335,9811363528,0.0,0,0,,,0.9999999999999992,1.0
1860,4269,525368335,9811363528,0.0,0,0,,,0.9999999999999992,1.0
1861,4288,525368335,9811363528,0.0,0,0,,,0.9999999999999992,1.0
1863,4290,525368335,9811363528,0.0,0,0,,,0.9999999999999992,1.0
1865,4296,525368335,9811363528,0.0,0,0,,,0.9999999999999992,1.0
1869,4340,525368335,9811363528,0.0,0,0,,,0.9999999999999992,1.0
1872,4376,525368335,9811363528,0.0,0,0,,,0.9999999999999992,1.0
1875,4387,525368335,9811363528,0.0,0,0,,,0.9999999999999992,1.0
1876,4390,525368335,9811363528,0.0,0,0,,,0.9999999999999992,1.0
1882,4422,525368335,9811363528,0.0,0,0,,,0.9999999999999992,1.0
1884,4438,525368335,9811363528,0.0,0,0,,,0.9999999999999992,1.0
1952,4824,525368335,9811363528,0.0,0,0,,,0.9999999999999992,1.0
1887,4447,525368335,9811363528,0.0,0,0,,,0.9999999999999992,1.0
1888,4453,525368335,9811363528,0.0,0,0,,,0.9999999999999992,1.0
1889,4463,525368335,9811363528,0.0,0,0,,,0.9999999999999992,1.0
1890,4465,525368335,9811363528,0.0,0,0,,,0.9999999999999992,1.0
1894,4483,525368335,9811363528,0.0,0,0,,,0.9999999999999992,1.0
1895,4494,525368335,9811363528,0.0,0,0,,,0.9999999999999992,1.0
1896,4508,525368335,9811363528,0.0,0,0,,,0.9999999999999992,1.0
1898,4526,525368335,9811363528,0.0,0,0,,,0.9999999999999992,1.0
1900,4530,525368335,9811363528,0.0,0,0,,,0.9999999999999992,1.0
1903,4545,525368335,9811363528,0.0,0,0,,,0.9999999999999992,1.0
1906,4556,525368335,9811363528,0.0,0,0,,,0.9999999999999992,1.0
1908,4573,525368335,9811363528,0.0,0,0,,,0.9999999999999992,1.0
1910,4583,525368335,9811363528,0.0,0,0,,,0.9999999999999992,1.0
1912,4601,525368335,9811363528,0.0,0,0,,,0.9999999999999992,1.0
1916,4616,525368335,9811363528,0.0,0,0,,,0.9999999999999992,1.0
1990,5085,525368335,9811363528,0.0,0,0,,,0.9999999999999992,1.0
1919,4631,525368335,9811363528,0.0,0,0,,,0.9999999999999992,1.0
1920,4635,525368335,9811363528,0.0,0,0,,,0.9999999999999992,1.0
1924,4647,525368335,9811363528,0.0,0,0,,,0.9999999999999992,1.0
1928,4665,525368335,9811363528,0.0,0,0,,,0.9999999999999992,1.0
1930,4696,525368335,9811363528,0.0,0,0,,,0.9999999999999992,1.0
1931,4701,525368335,9811363528,0.0,0,0,,,0.9999999999999992,1.0
1933,4712,525368335,9811363528,0.0,0,0,,,0.9999999999999992,1.0
1934,4717,525368335,9811363528,0.0,0,0,,,0.9999999999999992,1.0
1937,4728,525368335,9811363528,0.0,0,0,,,0.9999999999999992,1.0
1942,4761,525368335,9811363528,0.0,0,0,,,0.9999999999999992,1.0
1944,4771,525368335,9811363528,0.0,0,0,,,0.9999999999999992,1.0
1945,4778,525368335,9811363528,0.0,0,0,,,0.9999999999999992,1.0
1946,4793,525368335,9811363528,0.0,0,0,,,0.9999999999999992,1.0
1947,4802,525368335,9811363528,0.0,0,0,,,0.9999999999999992,1.0
1948,4806,525368335,9811363528,0.0,0,0,,,0.9999999999999992,1.0
2020,5234,525368335,9811363528,0.0,0,0,,,0.9999999999999992,1.0
1953,4832,525368335,9811363528,0.0,0,0,,,0.9999999999999992,1.0
1956,4846,525368335,9811363528,0.0,0,0,,,0.9999999999999992,1.0
1962,4901,525368335,9811363528,0.0,0,0,,,0.9999999999999992,1.0
1964,4931,525368335,9811363528,0.0,0,0,,,0.9999999999999992,1.0
1965,4934,525368335,9811363528,0.0,0,0,,,0.9999999999999992,1.0
1969,4944,525368335,9811363528,0.0,0,0,,,0.9999999999999992,1.0
1972,4958,525368335,9811363528,0.0,0,0,,,0.9999999999999992,1.0
1973,4959,525368335,9811363528,0.0,0,0,,,0.9999999999999992,1.0
1974,4966,525368335,9811363528,0.0,0,0,,,0.9999999999999992,1.0
1979,5006,525368335,9811363528,0.0,0,0,,,0.9999999999999992,1.0
1981,5024,525368335,9811363528,0.0,0,0,,,0.9999999999999992,1.0
1982,5029,525368335,9811363528,0.0,0,0,,,0.9999999999999992,1.0
1986,5051,525368335,9811363528,0.0,0,0,,,0.9999999999999992,1.0
1988,5072,525368335,9811363528,0.0,0,0,,,0.9999999999999992,1.0
1989,5084,525368335,9811363528,0.0,0,0,,,0.9999999999999992,1.0
2050,5466,525368335,9811363528,0.0,0,0,,,0.9999999999999992,1.0
1991,5091,525368335,9811363528,0.0,0,0,,,0.9999999999999992,1.0
1993,5103,525368335,9811363528,0.0,0,0,,,0.9999999999999992,1.0
1996,5118,525368335,9811363528,0.0,0,0,,,0.9999999999999992,1.0
1997,5138,525368335,9811363528,0.0,0,0,,,0.9999999999999992,1.0
1998,5148,525368335,9811363528,0.0,0,0,,,0.9999999999999992,1.0
2001,5163,525368335,9811363528,0.0,0,0,,,0.9999999999999992,1.0
2003,5175,525368335,9811363528,0.0,0,0,,,0.9999999999999992,1.0
2005,5184,525368335,9811363528,0.0,0,0,,,0.9999999999999992,1.0
2006,5187,525368335,9811363528,0.0,0,0,,,0.9999999999999992,1.0
2007,5188,525368335,9811363528,0.0,0,0,,,0.9999999999999992,1.0
2009,5204,525368335,9811363528,0.0,0,0,,,0.9999999999999992,1.0
2010,5207,525368335,9811363528,0.0,0,0,,,0.9999999999999992,1.0
2015,5223,525368335,9811363528,0.0,0,0,,,0.9999999999999992,1.0
2016,5226,525368335,9811363528,0.0,0,0,,,0.9999999999999992,1.0
2019,5232,525368335,9811363528,0.0,0,0,,,0.9999999999999992,1.0
2088,5672,525368335,9811363528,0.0,0,0,,,0.9999999999999992,1.0
2022,5254,525368335,9811363528,0.0,0,0,,,0.9999999999999992,1.0
2025,5264,525368335,9811363528,0.0,0,0,,,0.9999999999999992,1.0
2026,5266,525368335,9811363528,0.0,0,0,,,0.9999999999999992,1.0
2029,5302,525368335,9811363528,0.0,0,0,,,0.9999999999999992,1.0
2030,5306,525368335,9811363528,0.0,0,0,,,0.9999999999999992,1.0
2033,5317,525368335,9811363528,0.0,0,0,,,0.9999999999999992,1.0
2036,5328,525368335,9811363528,0.0,0,0,,,0.9999999999999992,1.0
2037,5346,525368335,9811363528,0.0,0,0,,,0.9999999999999992,1.0
2038,5365,525368335,9811363528,0.0,0,0,,,0.9999999999999992,1.0
2039,5375,525368335,9811363528,0.0,0,0,,,0.9999999999999992,1.0
2041,5380,525368335,9811363528,0.0,0,0,,,0.9999999999999992,1.0
2042,5391,525368335,9811363528,0.0,0,0,,,0.9999999999999992,1.0
2044,5397,525368335,9811363528,0.0,0,0,,,0.9999999999999992,1.0
2046,5413,525368335,9811363528,0.0,0,0,,,0.9999999999999992,1.0
2047,5420,525368335,9811363528,0.0,0,0,,,0.9999999999999992,1.0
2131,5931,525368335,9811363528,0.0,0,0,,,0.9999999999999992,1.0
2052,5475,525368335,9811363528,0.0,0,0,,,0.9999999999999992,1.0
2059,5502,525368335,9811363528,0.0,0,0,,,0.9999999999999992,1.0
2060,5504,525368335,9811363528,0.0,0,0,,,0.9999999999999992,1.0
2063,5509,525368335,9811363528,0.0,0,0,,,0.9999999999999992,1.0
2068,5536,525368335,9811363528,0.0,0,0,,,0.9999999999999992,1.0
2070,5543,525368335,9811363528,0.0,0,0,,,0.9999999999999992,1.0
2072,5578,525368335,9811363528,0.0,0,0,,,0.9999999999999992,1.0
2073,5583,525368335,9811363528,0.0,0,0,,,0.9999999999999992,1.0
2074,5584,525368335,9811363528,0.0,0,0,,,0.9999999999999992,1.0
2077,5593,525368335,9811363528,0.0,0,0,,,0.9999999999999992,1.0
2078,5594,525368335,9811363528,0.0,0,0,,,0.9999999999999992,1.0
2080,5605,525368335,9811363528,0.0,0,0,,,0.9999999999999992,1.0
2083,5637,525368335,9811363528,0.0,0,0,,,0.9999999999999992,1.0
2085,5656,525368335,9811363528,0.0,0,0,,,0.9999999999999992,1.0
2087,5661,525368335,9811363528,0.0,0,0,,,0.9999999999999992,1.0
2133,5964,525368335,9811363528,0.0,0,0,,,0.9999999999999992,1.0
2134,5979,525368335,9811363528,0.0,0,0,,,0.9999999999999992,1.0
2135,5985,525368335,9811363528,0.0,0,0,,,0.9999999999999992,1.0
2136,5996,525368335,9811363528,0.0,0,0,,,0.9999999999999992,1.0
2137,6009,525368335,9811363528,0.0,0,0,,,0.9999999999999992,1.0
2181,6402,525368335,9811363528,0.0,0,0,,,0.9999999999999992,1.0
2182,6407,525368335,9811363528,0.0,0,0,,,0.9999999999999992,1.0
2183,6409,525368335,9811363528,0.0,0,0,,,0.9999999999999992,1.0
2184,6418,525368335,9811363528,0.0,0,0,,,0.9999999999999992,1.0
2185,6428,525368335,9811363528,0.0,0,0,,,0.9999999999999992,1.0
2189,6444,525368335,9811363528,0.0,0,0,,,0.9999999999999992,1.0
2156,6208,525368335,9811363528,0.0,0,0,,,0.9999999999999992,1.0
2089,5683,525368335,9811363528,0.0,0,0,,,0.9999999999999992,1.0
2091,5694,525368335,9811363528,0.0,0,0,,,0.9999999999999992,1.0
2092,5698,525368335,9811363528,0.0,0,0,,,0.9999999999999992,1.0
2094,5720,525368335,9811363528,0.0,0,0,,,0.9999999999999992,1.0
2177,6365,525368335,9811363528,0.0,0,0,,,0.9999999999999992,1.0
2195,6473,525368335,9811363528,0.0,0,0,,,0.9999999999999992,1.0
2199,6488,525368335,9811363528,0.0,0,0,,,0.9999999999999992,1.0
2201,6492,525368335,9811363528,0.0,0,0,,,0.9999999999999992,1.0
2208,6529,525368335,9811363528,0.0,0,0,,,0.9999999999999992,1.0
2210,6547,525368335,9811363528,0.0,0,0,,,0.9999999999999992,1.0
2214,6583,525368335,9811363528,0.0,0,0,,,0.9999999999999992,1.0
2215,6588,525368335,9811363528,0.0,0,0,,,0.9999999999999992,1.0
2219,6615,525368335,9811363528,0.0,0,0,,,0.9999999999999992,1.0
2221,6621,525368335,9811363528,0.0,0,0,,,0.9999999999999992,1.0
2222,6631,525368335,9811363528,0.0,0,0,,,0.9999999999999992,1.0
2167,6291,525368335,9811363528,0.0,0,0,,,0.9999999999999992,1.0
2226,6658,525368335,9811363528,0.0,0,0,,,0.9999999999999992,1.0
2169,6306,525368335,9811363528,0.0,0,0,,,0.9999999999999992,1.0
2154,6202,525368335,9811363528,0.0,0,0,,,0.9999999999999992,1.0
2155,6206,525368335,9811363528,0.0,0,0,,,0.9999999999999992,1.0
