日期,日消费,日点击,日展现,新注册数,活跃单元数,最大单元占比,星期,月份,是否周末,三态标签,CTR,CPC,CPA,消费MA7,注册MA7
2025-01-01,937.45,359,2761,102,2,0.8884207157715078,星期三,1,0,放假,0.13002535313292285,2.611281337047354,9.190686274509805,,
2025-01-02,3330.7699999999995,1201,13316,284,3,0.8793732380200374,星期四,1,0,正常,0.09019224992490238,2.7733305578684426,11.728063380281688,,
2025-01-03,3252.7,1207,10051,289,2,0.927460263780859,星期五,1,0,正常,0.12008755347726595,2.6948632974316484,11.255017301038063,,
2025-01-04,2895.55,1088,8526,299,2,0.9519055101794132,星期六,1,1,正常,0.12760966455547737,2.6613511029411767,9.684113712374582,2084.8314285714287,213.85714285714286
2025-01-05,2868.9,1089,7546,298,3,0.9616996061208128,星期日,1,1,正常,0.14431486880466474,2.634435261707989,9.627181208053692,2359.6099999999997,237.42857142857142
2025-01-06,711.6300000000001,347,3515,109,3,0.8116296389977937,星期一,1,0,正常,0.09871977240398293,2.0508069164265135,6.528715596330276,2337.2599999999998,237.57142857142858
2025-01-07,596.8199999999999,300,3035,116,3,0.8018833149023157,星期二,1,0,正常,0.09884678747940692,1.9893999999999998,5.145,2523.5814285714287,236.14285714285714
2025-01-08,2860.9,1095,7772,267,3,0.9398650774231885,星期三,1,0,正常,0.14089037570766855,2.612694063926941,10.71498127340824,2823.2714285714283,227.14285714285714
2025-01-09,3174.3199999999997,1186,10152,285,3,0.8705392020968271,星期四,1,0,正常,0.11682427107959023,2.676492411467116,11.137964912280701,3099.1114285714284,221.71428571428572
2025-01-10,4556.95,1765,16584,279,2,0.8511548294363555,星期五,1,0,正常,0.1064278822961891,2.581841359773371,16.3331541218638,3117.31,215.28571428571428
2025-01-11,4993.379999999999,1878,20840,236,2,0.8340342613620434,星期六,1,1,正常,0.0901151631477927,2.65888178913738,21.158389830508472,3144.7228571428573,206.85714285714286
2025-01-12,4799.78,1880,19978,260,2,0.8241836084153857,星期日,1,1,正常,0.09410351386525177,2.5530744680851063,18.460692307692305,3645.8242857142855,206.14285714285714
2025-01-13,839.02,423,8611,64,2,0.7911015232056448,星期一,1,0,正常,0.049123214493090234,1.983498817966903,13.1096875,4268.692857142857,199.85714285714286
2025-01-14,788.7099999999999,402,8403,57,2,0.7129489926588987,星期二,1,0,正常,0.047840057122456266,1.9619651741293531,13.837017543859648,4645.941428571428,201.71428571428572
2025-01-15,6368.61,2419,25764,262,3,0.6826104911432793,星期三,1,0,正常,0.09389070020183202,2.6327449359239354,24.30767175572519,4603.015714285714,218.42857142857142
2025-01-16,7534.4,2854,30219,241,4,0.5144696326183903,星期四,1,0,正常,0.09444389291505344,2.6399439383321655,31.263070539419086,4628.55,232.71428571428572
2025-01-17,7197.6900000000005,2670,32595,292,4,0.502255584777894,星期五,1,0,正常,0.08191440404970088,2.6957640449438203,24.649623287671236,4864.822857142857,272.85714285714283
2025-01-18,4692.9,1689,15427,353,5,0.6479405058705704,星期六,1,1,正常,0.10948337330654048,2.778507992895204,13.294334277620395,4921.152857142857,318.2857142857143
2025-01-19,4978.52,1744,22795,360,4,0.6400114893582831,星期日,1,1,正常,0.07650800614169774,2.8546559633027524,13.829222222222224,4628.157142857142,324.85714285714283
2025-01-20,2492.9300000000003,1170,14042,345,4,0.6045937912416313,星期一,1,0,正常,0.0833214641788919,2.130709401709402,7.225884057971015,4356.575714285714,335.2857142857143
2025-01-21,1183.02,568,9566,375,4,0.7294213115585535,星期二,1,0,正常,0.059376960066903614,2.082781690140845,3.1547199999999997,4094.617142857143,337.57142857142856
2025-01-22,4317.639999999999,1498,17997,308,4,0.7386836327252851,星期三,1,0,正常,0.08323609490470633,2.8822696929238982,14.018311688311686,4284.272857142857,333.57142857142856
2025-01-23,5633.33,2100,18498,314,4,0.5052340267656963,星期四,1,0,正常,0.11352578657152125,2.6825380952380953,17.940541401273887,4433.527142857142,330.0
2025-01-24,5363.98,1988,24731,308,5,0.5652854783202026,星期五,1,0,正常,0.08038494197565808,2.69817907444668,17.415519480519478,4435.3099999999995,307.42857142857144
2025-01-25,6020.49,2321,25415,325,2,0.7683211831595103,星期六,1,1,正常,0.0913240212472949,2.593920723825937,18.524584615384615,4500.592857142857,264.85714285714283
2025-01-26,6023.3,2256,24450,335,2,0.7908339282453141,星期日,1,1,补班,0.09226993865030675,2.6699024822695034,17.98,3974.941428571429,226.57142857142858
2025-01-27,2505.41,1195,11929,187,2,0.7465764086516778,星期一,1,0,正常,0.10017604157934445,2.0965774058577407,13.397914438502672,3257.118571428571,187.71428571428572
2025-01-28,1640.0,650,6494,77,2,0.7709268292682926,星期二,1,0,放假,0.10009239297813366,2.523076923076923,21.2987012987013,2593.88,149.42857142857142
2025-01-29,638.08,247,2664,40,2,0.784070962888666,星期三,1,0,放假,0.09271771771771772,2.5833198380566804,15.952000000000002,1848.53,109.14285714285714
2025-01-30,608.5699999999999,244,1769,42,2,0.8575677407693446,星期四,1,0,放假,0.13793103448275862,2.4941393442622948,14.489761904761902,1153.0642857142857,69.28571428571429
2025-01-31,721.31,274,2426,40,2,0.7941107152264629,星期五,1,0,放假,0.11294311624072548,2.6325182481751823,18.03275,995.6171428571428,52.857142857142854
2025-02-01,803.04,313,2923,43,2,0.7547569236899782,星期六,2,1,放假,0.10708176530961341,2.565623003194888,18.675348837209302,1019.3871428571429,55.0
2025-02-02,1155.04,479,3952,56,2,0.7958425682227456,星期日,2,1,放假,0.12120445344129555,2.411356993736952,20.625714285714285,1215.064285714286,67.14285714285714
2025-02-03,1403.28,586,4305,72,2,0.9265364004332707,星期一,2,0,放假,0.13612078977932637,2.3946757679180886,19.49,1420.1214285714286,76.85714285714286
2025-02-04,1806.3899999999999,739,5816,92,2,0.9190042017504526,星期二,2,0,放假,0.12706327372764786,2.4443707713125846,19.63467391304348,1677.554285714286,87.14285714285714
2025-02-05,2007.82,834,7261,125,2,0.9165861481606917,星期三,2,0,正常,0.11486021209199834,2.4074580335731413,16.062559999999998,1839.7299999999998,98.28571428571429
2025-02-06,2043.97,785,6741,110,2,0.9167013214479665,星期四,2,0,正常,0.1164515650496959,2.6037834394904458,18.581545454545456,2535.2885714285717,131.0
2025-02-07,2523.3399999999997,998,10649,112,2,0.8219066792425912,星期五,2,0,正常,0.09371771997370645,2.528396793587174,22.529821428571427,3198.441428571429,167.71428571428572
2025-02-08,1938.27,921,10912,121,2,0.8022463330702121,星期六,2,1,补班,0.0844024926686217,2.1045276872964167,16.018760330578512,3801.3614285714284,200.57142857142858
2025-02-09,6023.95,2261,25806,285,2,0.782619377650877,星期日,2,1,正常,0.08761528326745718,2.664285714285714,21.136666666666667,4314.03,224.57142857142858
2025-02-10,6045.35,2308,23718,329,2,0.8129967661094891,星期一,2,0,正常,0.09731005987014082,2.6193024263431544,18.374924012158054,4705.572857142857,245.57142857142858
2025-02-11,6026.83,2322,23983,322,2,0.7827232558409645,星期二,2,0,正常,0.09681857982737772,2.5955340223944874,18.716863354037265,4672.4800000000005,253.0
2025-02-12,5596.5,2133,23313,293,2,0.7410792459572947,星期三,2,0,正常,0.09149401621412946,2.6237693389592125,19.100682593856654,5009.564285714286,267.0
2025-02-13,4784.7699999999995,1880,19950,257,2,0.6992311020174429,星期四,2,0,正常,0.09423558897243108,2.5450904255319147,18.617782101167315,4743.794285714285,257.2857142857143
2025-02-14,2291.69,1048,10320,164,2,0.7452404120976223,星期五,2,0,正常,0.10155038759689923,2.1867270992366414,13.973719512195123,4378.2242857142855,236.71428571428572
2025-02-15,4297.860000000001,1699,17921,219,2,0.8022899768722107,星期六,2,1,正常,0.09480497740081469,2.529640965273691,19.624931506849318,4199.305714285714,223.85714285714286
2025-02-16,4163.5599999999995,1642,17025,217,2,0.8434680898077608,星期日,2,1,正常,0.09644640234948605,2.535663824604141,19.18691244239631,4258.591428571429,222.71428571428572
2025-02-17,3486.36,1337,13811,185,2,0.7887883064284813,星期一,2,0,正常,0.0968068930562595,2.6075991024682126,18.84518918918919,4580.737142857143,232.85714285714286
2025-02-18,4774.400000000001,1912,20547,232,2,0.8671791219839141,星期二,2,0,正常,0.0930549471942376,2.497071129707113,20.57931034482759,5642.76,259.0
2025-02-19,6011.5,2365,24958,285,2,0.8444963819346253,星期三,2,0,正常,0.09475919544835323,2.541860465116279,21.09298245614035,6726.428571428572,288.14285714285717
2025-02-20,7039.79,2708,27758,328,2,0.8446885489481931,星期四,2,0,正常,0.09755746091216946,2.5996270310192022,21.4627743902439,6904.465714285715,350.57142857142856
2025-02-21,9725.85,3781,37022,347,4,0.7078723196430131,星期五,2,0,正常,0.10212846415644752,2.5722956889711717,28.028386167146977,6997.322857142857,370.57142857142856
2025-02-22,11883.539999999999,5919,52726,423,6,0.5515502956189823,星期六,2,1,正常,0.11225960626635816,2.0076938672072986,28.093475177304963,7650.684285714286,399.42857142857144
2025-02-23,5409.82,2791,24063,654,3,0.5423692470359458,星期日,2,1,正常,0.1159872002659685,1.9383088498745968,8.271896024464832,8481.985714285714,468.0
2025-02-24,4136.360000000001,2082,15798,325,3,0.47915800365538774,星期一,2,0,正常,0.131788834029624,1.986724303554275,12.72726153846154,9011.1,527.2857142857143
2025-02-25,9347.93,4847,31163,434,3,0.5453324960713227,星期二,2,0,正常,0.15553701504989892,1.9286011966164638,21.53900921658986,9199.74857142857,598.7142857142857
2025-02-26,11830.61,5604,55080,765,4,0.515554988288854,星期三,2,0,正常,0.10174291938997822,2.1111009992862244,15.464849673202615,9180.461428571429,640.8571428571429
2025-02-27,10743.59,5149,52985,743,3,0.5473794141436894,星期四,2,0,正常,0.09717844673020666,2.0865391338123906,14.459744279946165,9539.892857142857,637.0
2025-02-28,11046.39,5052,67483,847,4,0.6204325576047922,星期五,2,0,正常,0.07486329890490938,2.186538004750594,13.041782762691852,9834.897142857142,681.1428571428571
2025-03-01,11748.529999999999,5710,51554,718,3,0.5007077481182752,星期六,3,1,正常,0.11075765217053962,2.0575359019264448,16.36285515320334,9724.92857142857,714.7142857142857
2025-03-02,7925.84,3966,29252,627,3,0.6805247140997042,星期日,3,1,正常,0.1355804731300424,1.9984467977811398,12.640893141945774,9306.011428571428,718.7142857142857
2025-03-03,6201.39,3128,23632,634,4,0.7397293187495062,星期一,3,0,正常,0.13236289776574137,1.982541560102302,9.781372239747634,9125.039999999999,737.7142857142857
2025-03-04,8578.15,4063,39174,669,3,0.6393243298380188,星期二,3,0,正常,0.10371675090621331,2.1112847649520057,12.822346786248131,9130.847142857143,714.2857142857143
2025-03-05,8898.189999999999,4218,48108,793,4,0.7046871330012059,星期三,3,0,正常,0.08767772511848342,2.1095756282598384,11.22092055485498,9035.01,680.2857142857143
2025-03-06,9476.79,4646,53527,876,4,0.7339362801117255,星期四,3,0,正常,0.08679731724176584,2.0397739991390447,10.818253424657534,8747.151428571427,631.2857142857143
2025-03-07,11087.039999999999,5517,49919,683,4,0.829922143331313,星期五,3,0,正常,0.1105190408461708,2.0096139206090267,16.23285505124451,8452.238571428572,586.4285714285714
2025-03-08,11077.67,5029,68082,480,3,0.7491746910677065,星期六,3,1,正常,0.07386680767310008,2.2027580035792402,23.078479166666668,8230.710000000001,570.2857142857143
2025-03-09,5910.83,2843,35197,284,4,0.752055125929861,星期日,3,1,正常,0.08077392959627241,2.079081955680619,20.812781690140845,8195.332857142857,546.0
2025-03-10,4137.0,1940,18148,320,4,0.6532148900169205,星期一,3,0,正常,0.10689883182719859,2.1324742268041237,12.928125,8016.245714285715,465.7142857142857
2025-03-11,7027.45,2958,29758,556,4,0.48820980583284124,星期二,3,0,正常,0.09940184152160764,2.3757437457741717,12.63929856115108,7210.694285714286,434.42857142857144
2025-03-12,8650.55,3861,58638,623,4,0.5655478553386779,星期三,3,0,正常,0.06584467410211808,2.2404946904946903,13.885313001605136,6647.038571428571,431.7142857142857
2025-03-13,8223.18,3422,79377,314,4,0.6296408445394603,星期四,3,0,正常,0.04311072476913968,2.403033313851549,26.188471337579617,6830.469999999999,423.57142857142856
2025-03-14,5448.18,2342,56701,464,4,0.5832222870756839,星期五,3,0,正常,0.04130438616602882,2.326293766011956,11.74176724137931,7387.915714285714,416.2857142857143
2025-03-15,7132.08,3407,57870,461,4,0.6698719027268343,星期六,3,1,正常,0.058873336789355454,2.09336072791312,15.470889370932754,7321.131428571428,415.2857142857143
2025-03-16,7194.849999999999,3413,64671,227,4,0.646815430481525,星期日,3,1,正常,0.052774814058851725,2.1080720773513035,31.695374449339205,8224.977142857142,394.85714285714283
2025-03-17,8039.120000000001,3725,51124,269,4,0.5569378240404422,星期一,3,0,正常,0.0728620608716063,2.1581530201342285,29.885204460966545,8918.248571428572,386.42857142857144
2025-03-18,6559.960000000001,2403,36231,549,3,0.6710223842828309,星期二,3,0,正常,0.0663244183158069,2.729904286308781,11.948925318761386,9660.694285714286,378.14285714285717
2025-03-19,14977.470000000001,5850,78823,480,3,0.5081639288878562,星期三,3,0,正常,0.0742169163822742,2.5602512820512824,31.2030625,9648.712857142858,329.2857142857143
2025-03-20,13076.08,4685,58483,255,4,0.48246492832714394,星期四,3,0,正常,0.08010874955115162,2.791052294557097,51.27874509803922,9082.02142857143,303.42857142857144
2025-03-21,10645.3,5014,42840,406,4,0.345600405812894,星期五,3,0,正常,0.11704014939309057,2.123115277223773,26.219950738916253,8524.925714285715,274.57142857142856
2025-03-22,7048.21,4370,171082,119,4,0.6947168146238549,星期六,3,1,正常,0.02554330671841573,1.612862700228833,59.228655462184875,7728.7300000000005,205.85714285714286
2025-03-23,3228.01,2242,65862,46,2,0.7493285336786442,星期日,3,1,正常,0.03404087334122863,1.4397903657448707,70.17413043478261,5743.028571428572,143.42857142857142
2025-03-24,4139.45,3370,143062,67,2,0.942663880467212,星期一,3,0,正常,0.023556220379975117,1.2283234421364984,61.78283582089552,4016.0442857142857,113.42857142857143
2025-03-25,986.5899999999999,807,35431,68,2,0.6620480645455559,星期二,3,0,正常,0.0227766645028365,1.222540272614622,14.508676470588235,2584.187142857143,63.285714285714285
2025-03-26,1077.56,979,39952,43,2,0.5871784401796653,星期三,3,0,正常,0.024504405286343612,1.1006741573033707,25.05953488372093,1720.6671428571426,55.0
2025-03-27,987.1899999999999,1057,47022,45,2,0.6111184270505171,星期四,3,0,正常,0.022478839692059036,0.9339545884578997,21.937555555555555,1403.75,50.857142857142854
2025-03-28,622.3,822,33805,55,2,0.6918206652739837,星期五,3,0,正常,0.02431592959621358,0.7570559610705595,11.314545454545454,934.6728571428572,44.142857142857146
2025-03-29,1003.5699999999999,1129,46190,61,2,0.5067309704355452,星期六,3,1,正常,0.024442520025979648,0.8889016829052258,16.451967213114752,872.5542857142856,40.0
2025-03-30,1009.59,740,50229,17,2,0.8605869709486029,星期日,3,1,正常,0.01473252503533815,1.3643108108108108,59.38764705882353,830.13,39.57142857142857
2025-03-31,855.91,649,40704,20,1,1.0,星期一,3,0,正常,0.01594437893081761,1.3188135593220338,42.7955,768.2771428571428,35.857142857142854
2025-04-01,551.76,500,27666,39,2,0.6653073800202987,星期二,4,0,正常,0.018072724643967326,1.10352,14.147692307692308,722.84,31.571428571428573
2025-04-02,780.59,564,28455,40,2,0.8908133591257894,星期三,4,0,正常,0.01982076963626779,1.3840248226950356,19.51475,626.8585714285715,26.857142857142858
2025-04-03,554.22,386,21426,19,2,0.7723467215185306,星期四,4,0,正常,0.018015495192756463,1.4358031088082903,29.169473684210526,557.1314285714286,30.857142857142858
2025-04-04,304.24,207,12347,25,2,0.6208256639495136,星期五,4,0,放假,0.016765206122944847,1.4697584541062803,12.1696,574.4471428571429,38.714285714285715
2025-04-05,331.7,229,13004,28,2,0.6408501658124811,星期六,4,1,放假,0.01760996616425715,1.448471615720524,11.846428571428572,1446.0399999999997,58.285714285714285
2025-04-06,521.5,369,18335,45,3,0.5806711409395973,星期日,4,1,放假,0.020125443141532588,1.4132791327913279,11.588888888888889,1814.2314285714285,96.42857142857143
2025-04-07,977.1199999999999,701,35947,75,3,0.5846774193548387,星期一,4,0,正常,0.019500931927560018,1.393894436519258,13.028266666666665,2217.832857142857,137.71428571428572
2025-04-08,6652.91,3203,55625,176,4,0.4927077023437864,星期二,4,0,正常,0.05758202247191011,2.0770871058382765,37.800625,2655.1614285714286,185.14285714285714
2025-04-09,3357.93,3441,30971,307,1,1.0,星期三,4,0,正常,0.11110393594007296,0.9758587619877942,10.937882736156352,3088.238571428571,233.0
2025-04-10,3379.43,3434,32477,308,1,1.0,星期四,4,0,正常,0.10573636727530253,0.9841089108910891,10.972175324675325,3151.281428571428,250.0
2025-04-11,3365.54,3331,32561,357,2,0.999500823047713,星期五,4,0,正常,0.10230029790239857,1.0103692584809367,9.427282913165266,3136.7942857142857,264.14285714285717
2025-04-12,3363.24,3438,32789,363,2,0.9994826417383238,星期六,4,1,正常,0.10485223703071152,0.9782547993019196,9.265123966942149,2489.1685714285713,296.2857142857143
2025-04-13,962.8,1639,10222,164,2,0.9998442044038222,星期日,4,1,正常,0.16034044218352572,0.587431360585723,5.870731707317073,2395.904285714286,302.57142857142856
2025-04-14,875.71,1378,7811,174,2,0.9992691644494182,星期一,4,0,正常,0.17641787223146843,0.6354934687953556,5.0328160919540235,2359.6257142857144,310.0
2025-04-15,2119.53,3774,57813,401,1,1.0,星期二,4,0,正常,0.06527943542109906,0.5616136724960255,5.285610972568579,2266.628571428571,292.85714285714283
2025-04-16,2705.08,3755,80310,351,4,0.8992414272405992,星期三,4,0,正常,0.04675631926285643,0.7203941411451398,7.706780626780627,2262.8571428571427,268.42857142857144
2025-04-17,3125.48,3868,97114,360,4,0.6368141853411315,星期四,4,0,正常,0.03982947875692485,0.8080351602895554,8.681888888888889,2230.444285714286,259.57142857142856
2025-04-18,2714.56,3449,94005,237,3,0.44088544736531887,星期五,4,0,正常,0.036689537790543056,0.7870571180052189,11.453839662447256,2245.0828571428574,257.0
2025-04-19,3336.84,2739,68285,192,3,0.5578181752796058,星期六,4,1,正常,0.04011129823533719,1.2182694414019715,17.379375,2551.5057142857145,246.85714285714286
2025-04-20,735.9100000000001,995,32486,102,3,0.7355790789634602,星期日,4,1,正常,0.030628578464569352,0.7396080402010051,7.214803921568628,2801.15,244.85714285714286
2025-04-21,978.1800000000001,1267,36450,156,3,0.5815187388824142,星期一,4,0,正常,0.0347599451303155,0.7720441988950276,6.270384615384616,3547.8228571428576,261.7142857142857
2025-04-22,4264.49,4280,108287,330,4,0.8019903904101077,星期二,4,0,正常,0.03952459667365427,0.996376168224299,12.922696969696968,3933.4900000000002,271.42857142857144
2025-04-23,4452.59,4006,88731,337,3,0.8635378510035732,星期三,4,0,正常,0.045147693590740556,1.1114802795806291,13.212433234421365,4249.897142857143,283.57142857142856
2025-04-24,8352.19,5971,110901,478,4,0.4716008615704384,星期四,4,0,正常,0.05384081297734015,1.3987924970691676,17.473200836820084,4386.605714285714,291.7142857142857
2025-04-25,5414.2300000000005,4349,106887,305,5,0.43357596555742917,星期五,4,0,正常,0.04068782920280296,1.2449367670728904,17.751573770491806,4916.935714285714,299.2857142857143
2025-04-26,5551.69,3547,93635,277,5,0.6074744807437016,星期六,4,1,正常,0.03788113419127463,1.56517902452777,20.042202166064982,4817.351428571428,278.2857142857143
2025-04-27,1692.87,1777,42962,159,5,0.4337249759284529,星期日,4,1,补班,0.04136213397886505,0.952656162070906,10.64698113207547,4325.4685714285715,244.42857142857142
2025-04-28,4690.49,2893,99235,209,5,0.4491790836351852,星期一,4,0,正常,0.02915302060764851,1.621323885240235,22.442535885167462,3195.0299999999997,183.28571428571428
2025-04-29,3567.3999999999996,1896,94746,183,5,0.5847900431686943,星期二,4,0,正常,0.020011398898106516,1.8815400843881855,19.49398907103825,2497.405714285714,147.0
2025-04-30,1009.4100000000001,1229,75911,100,5,0.6574236435145282,星期三,4,0,正常,0.016190011987722464,0.821326281529699,10.094100000000001,1781.5457142857142,116.0
2025-05-01,439.12,459,21891,50,5,0.500318819457096,星期四,5,0,放假,0.02096752089899959,0.9566884531590414,8.7824,1627.9414285714286,104.14285714285714
2025-05-02,530.86,483,22816,51,5,0.5854839317334137,星期五,5,0,放假,0.021169354838709676,1.099089026915114,10.409019607843138,1078.3428571428572,88.0
2025-05-03,540.6700000000001,552,24338,60,5,0.4724508480218987,星期六,5,1,放假,0.022680581806228943,0.9794746376811595,9.011166666666668,1065.1399999999999,105.85714285714286
2025-05-04,617.64,636,29304,76,5,0.47432161129460526,星期日,5,1,放假,0.021703521703521703,0.9711320754716981,8.126842105263158,1768.3828571428571,154.57142857142858
2025-05-05,843.3,888,38568,96,5,0.4809320526503024,星期一,5,0,放假,0.023024268823895456,0.9496621621621621,8.784374999999999,2337.988571428571,185.71428571428572
2025-05-06,3474.98,2829,102909,308,6,0.6059631997882002,星期二,5,0,正常,0.02749030697023584,1.2283421703782256,11.282402597402598,3141.4742857142855,217.28571428571428
2025-05-07,5932.110000000001,3791,115135,441,6,0.731549145245115,星期三,5,0,正常,0.03292656446779867,1.564787654972303,13.451496598639457,4193.108571428571,254.85714285714286
2025-05-08,4426.36,2373,107160,268,6,0.6721527394970134,星期四,5,0,正常,0.022144456886898096,1.865301306363253,16.516268656716417,4931.72,282.42857142857144
2025-05-09,6155.26,2607,124193,272,6,0.5161406666818298,星期五,5,0,正常,0.020991521261262712,2.3610510164940544,22.629632352941176,5159.185714285713,292.2857142857143
2025-05-10,7902.11,3864,115573,323,6,0.37830149162691995,星期六,5,1,正常,0.033433414378790896,2.045059523809524,24.46473684210526,5841.622857142857,294.42857142857144
2025-05-11,5787.92,3416,114083,269,6,0.5425541472584279,星期日,5,1,正常,0.029943111594190195,1.6943559718969554,21.5164312267658,5747.458571428571,270.0
2025-05-12,2435.56,1617,54002,165,5,0.4688038890439981,星期一,5,0,正常,0.029943335432021035,1.506221397649969,14.760969696969697,5830.065714285714,267.85714285714283
2025-05-13,8252.04,4537,113583,323,6,0.4515986350041929,星期二,5,0,正常,0.039944357870455964,1.8188318271985895,25.548111455108362,5851.5542857142855,270.7142857142857
2025-05-14,5272.96,3078,111450,270,6,0.5125849617672048,星期三,5,0,正常,0.027617765814266487,1.7131124106562703,19.529481481481483,5511.984285714287,261.14285714285717
2025-05-15,5004.61,2453,110050,253,7,0.49043382001794344,星期四,5,0,正常,0.022289868241708314,2.040199755401549,19.781067193675888,5083.651428571428,244.28571428571428
2025-05-16,6305.68,3654,119160,292,7,0.3816876213191916,星期五,5,0,正常,0.03066465256797583,1.7256923918992886,21.594794520547946,5281.878571428571,249.57142857142858
2025-05-17,5525.12,3295,123251,256,6,0.46265058496467043,星期六,5,1,正常,0.026734063009630753,1.6768194233687406,21.5825,5087.515714285714,242.0
2025-05-18,2789.5899999999997,1860,79982,151,6,0.45367957298384354,星期日,5,1,正常,0.02325523242729614,1.499779569892473,18.4741059602649,5175.1900000000005,247.14285714285714
2025-05-19,3823.15,2006,79195,202,7,0.44099237539725095,星期一,5,0,正常,0.025329881936990973,1.9058574277168494,18.926485148514853,5216.164285714286,253.0
2025-05-20,6891.5,4382,127415,270,7,0.4463759703983167,星期二,5,0,正常,0.03439155515441667,1.5726837060702876,25.524074074074075,4783.997142857143,249.85714285714286
2025-05-21,5886.68,4050,129340,306,8,0.42597015635298674,星期三,5,0,正常,0.03131281892685944,1.4535012345679013,19.23751633986928,4439.030000000001,245.0
2025-05-22,5291.43,4185,131810,294,9,0.3845576715557042,星期四,5,0,正常,0.031750246567028295,1.2643799283154122,17.998061224489796,4257.86,244.42857142857142
2025-05-23,3280.51,3340,106738,270,5,0.4222575148376319,星期五,5,0,正常,0.031291573760047965,0.982188622754491,12.150037037037038,3955.881428571429,243.14285714285714
2025-05-24,3110.3500000000004,3406,101372,222,5,0.3677689006060411,星期六,5,1,正常,0.033599021426034804,0.9131972988843219,14.010585585585588,3518.941428571429,251.85714285714286
2025-05-25,1521.4,1503,54900,147,5,0.35328644669383463,星期日,5,1,正常,0.027377049180327868,1.0122421823020626,10.349659863945579,3222.2400000000002,248.0
2025-05-26,1709.3000000000002,1708,58359,193,5,0.35186918621657987,星期一,5,0,正常,0.02926712246611491,1.00076112412178,8.856476683937824,3031.8985714285714,246.14285714285714
2025-05-27,3832.92,3706,112467,331,5,0.3606780209344312,星期二,5,0,正常,0.03295188810940098,1.0342471667566109,11.579818731117825,3086.4885714285715,244.14285714285714
2025-05-28,3809.77,3709,108873,279,5,0.3781356879811642,星期三,5,0,正常,0.03406721593048782,1.0271690482609868,13.655089605734767,2908.137142857143,222.57142857142858
2025-05-29,3959.04,3547,110339,281,5,0.34591719204655674,星期四,5,0,正常,0.032146385230970013,1.116165773893431,14.089110320284698,2921.121428571429,211.42857142857142
2025-05-30,3662.64,3003,106306,256,5,0.3125778127252474,星期五,5,0,正常,0.028248640716422403,1.2196603396603396,14.3071875,2913.2414285714285,193.0
2025-05-31,1861.89,686,23775,71,3,0.7951436443613747,星期六,5,1,放假,0.028853838065194534,2.714125364431487,26.22380281690141,2797.1885714285713,168.71428571428572
2025-06-01,1612.29,602,22406,69,3,0.7533942404902344,星期日,6,1,放假,0.026867803266982057,2.6782225913621263,23.366521739130434,3081.078571428571,152.42857142857142
2025-06-02,1654.14,618,25621,64,3,0.7619608981101963,星期一,6,0,放假,0.024120838374770696,2.676601941747573,25.8459375,3336.618571428571,138.57142857142858
2025-06-03,3020.55,2069,80546,161,5,0.6920196652927447,星期二,6,0,正常,0.02568718496263005,1.4599081681971968,18.761180124223603,3706.4314285714286,126.0
2025-06-04,5797.0,1862,37063,165,1,1.0,星期三,6,0,正常,0.05023878261338802,3.1133190118152525,35.13333333333333,4013.8857142857146,132.42857142857142
2025-06-05,5747.82,1925,63453,184,1,1.0,星期四,6,0,正常,0.030337415094636975,2.9858805194805194,31.238152173913043,4213.144285714286,150.14285714285714
2025-06-06,6251.33,1746,47112,168,1,1.0,星期五,6,0,正常,0.03706062149770759,3.580372279495991,37.210297619047616,4215.765714285714,158.85714285714286
2025-06-07,4014.07,1282,48082,116,3,0.9386632520110512,星期六,6,1,正常,0.026662784409966306,3.13109984399376,34.60405172413793,4038.88,156.0
2025-06-08,3007.1,2739,87023,193,5,0.4042964982873865,星期日,6,1,正常,0.03147443779230778,1.0978824388462942,15.58082901554404,4053.014285714286,162.0
2025-06-09,1672.49,1331,48350,125,5,0.34404988968543904,星期一,6,0,正常,0.02752843846949328,1.2565664913598797,13.37992,3736.6600000000003,155.42857142857142
2025-06-10,1782.3500000000001,1414,56162,141,5,0.3748309815692765,星期二,6,0,正常,0.02517716605533991,1.2605021216407355,12.640780141843972,3143.6585714285716,150.85714285714286
2025-06-11,5895.9400000000005,2043,75269,207,3,0.8426866623473102,星期三,6,0,正常,0.027142648367853964,2.8859226627508567,28.482801932367153,2844.381428571429,147.42857142857142
2025-06-12,3533.34,1452,64631,138,3,0.8391861524789576,星期四,6,0,正常,0.02246599928826724,2.433429752066116,25.60391304347826,2550.1685714285713,127.42857142857143
2025-06-13,2100.32,1191,65353,136,5,0.5528919402757675,星期五,6,0,正常,0.01822410600890548,1.7634928631402185,15.443529411764708,2436.182857142857,117.57142857142857
2025-06-14,1919.13,1221,83351,92,5,0.4269486694491775,星期六,6,1,正常,0.014648894434379911,1.5717690417690418,20.860108695652176,2589.84,120.0
2025-06-15,947.61,598,48305,53,5,0.39930984265678915,星期日,6,1,正常,0.012379670841527792,1.5846321070234113,17.87943396226415,2215.578571428571,111.71428571428571
2025-06-16,874.59,542,54384,56,5,0.46996878537371795,星期一,6,0,正常,0.009966166519564577,1.6136346863468636,15.617678571428572,2032.2785714285715,107.28571428571429
2025-06-17,2857.9500000000003,1630,95441,158,5,0.5368813310239857,星期二,6,0,正常,0.017078614012845633,1.7533435582822088,18.088291139240507,2260.397142857143,109.42857142857143
2025-06-18,3276.1100000000006,1676,90661,149,5,0.7311292966353388,星期三,6,0,正常,0.018486449520742104,1.9547195704057283,21.987315436241616,2514.2128571428575,117.14285714285714
2025-06-19,2250.2400000000002,1297,74337,107,4,0.6453444965870306,星期四,6,0,正常,0.017447569850814533,1.734957594448728,21.03028037383178,2493.39,116.0
2025-06-20,3697.15,1598,70345,151,3,0.8749928999364375,星期五,6,0,正常,0.02271661098869856,2.313610763454318,24.484437086092715,2472.8757142857144,113.71428571428571
2025-06-21,3695.8399999999997,1534,64281,146,3,0.8882040348067016,星期六,6,1,正常,0.02386397224685366,2.409282920469361,25.313972602739724,2535.3385714285714,115.42857142857143
2025-06-22,801.85,487,28074,45,3,0.4264014466546112,星期日,6,1,正常,0.017347011469687257,1.6465092402464065,17.81888888888889,2239.0171428571425,108.85714285714286
2025-06-23,730.99,447,27531,40,3,0.44062162273081706,星期一,6,0,正常,0.016236242780865207,1.635324384787472,18.27475,2058.1414285714286,104.85714285714286
2025-06-24,3295.1899999999996,1669,76820,170,3,0.8443155022927358,星期二,6,0,正常,0.02172611299140849,1.9743499101258235,19.38347058823529,1697.8157142857142,96.85714285714286
2025-06-25,1201.8600000000001,1024,57557,103,3,0.8758424442114722,星期三,6,0,正常,0.017791059297739633,1.1736914062500001,11.668543689320389,1328.5057142857142,89.57142857142857
2025-06-26,984.11,967,54791,79,1,1.0,星期四,6,0,正常,0.017648883940793197,1.017693898655636,12.457088607594937,1238.945714285714,86.42857142857143
2025-06-27,1174.87,1010,52928,95,1,1.0,星期五,6,0,正常,0.019082527206771463,1.163237623762376,12.367052631578947,1180.1728571428573,80.85714285714286
2025-06-28,1110.67,932,47117,95,1,1.0,星期六,6,1,正常,0.019780546299637075,1.191706008583691,11.691263157894738,901.5814285714285,70.14285714285714
2025-06-29,174.93,149,6439,23,1,1.0,星期日,6,1,正常,0.023140239167572605,1.174026845637584,7.605652173913044,949.6114285714286,71.42857142857143
2025-06-30,319.58000000000004,361,27082,1,2,0.5401151511358658,星期一,6,0,正常,0.013329887009822022,0.885263157894737,319.58000000000004,1066.4314285714286,77.71428571428571
2025-07-01,1345.05,1111,52571,95,3,0.7962454927326122,星期二,7,0,正常,0.021133324456449373,1.2106660666066607,14.158421052631578,1156.2057142857143,85.14285714285714
2025-07-02,1538.0700000000002,1293,61287,112,3,0.770725649677843,星期三,7,0,正常,0.021097459493856774,1.1895359628770303,13.732767857142859,1256.7057142857143,91.0
2025-07-03,1801.85,1316,59140,123,3,0.829558509309876,星期四,7,0,正常,0.022252282718971932,1.3691869300911854,14.649186991869918,1342.3785714285714,95.85714285714286
2025-07-04,1803.29,1262,58380,147,5,0.7867065197500125,星期五,7,0,正常,0.02161699212058924,1.4289144215530902,12.267278911564626,1385.912857142857,103.14285714285714
2025-07-05,1814.17,1247,54081,136,4,0.8189199468627527,星期六,7,1,正常,0.02305800558421627,1.4548275862068967,13.339485294117647,1421.6214285714286,106.57142857142857
2025-07-06,774.64,555,23276,57,6,0.7108463286171641,星期日,7,1,正常,0.023844303144870252,1.3957477477477478,13.590175438596491,1464.6685714285716,108.28571428571429
2025-07-07,624.32,455,22194,52,5,0.7111257047667863,星期一,7,0,正常,0.020501036316121473,1.3721318681318682,12.006153846153847,1425.8971428571429,108.28571428571429
2025-07-08,1595.01,1187,61823,119,6,0.7588917937818572,星期二,7,0,正常,0.019199974119664204,1.343732097725358,13.403445378151261,1425.5742857142857,105.71428571428571
2025-07-09,1839.3999999999999,1291,59026,124,7,0.7977438295096227,星期三,7,0,正常,0.0218717175481991,1.4247869868319132,14.833870967741934,1450.9142857142856,104.57142857142857
2025-07-10,1530.4499999999998,1133,56457,123,7,0.7852853735829332,星期四,7,0,正常,0.020068370618346706,1.350794351279788,12.442682926829267,1487.8885714285716,107.57142857142857
2025-07-11,1801.03,1181,66847,129,8,0.7368894465944488,星期五,7,0,正常,0.017667210196418686,1.525004233700254,13.961472868217054,1556.2900000000002,111.85714285714286
2025-07-12,1991.5500000000002,1372,65147,128,9,0.6744144008435641,星期六,7,1,正常,0.021060064162586153,1.4515670553935862,15.558984375000001,1782.5814285714284,124.57142857142857
2025-07-13,1033.46,837,31601,78,9,0.5584154200452848,星期日,7,1,正常,0.02648650359165849,1.2347192353643968,13.24948717948718,1931.7571428571428,132.14285714285714
2025-07-14,1103.13,855,28607,82,9,0.5741571709589984,星期一,7,0,正常,0.02988778970182123,1.2902105263157897,13.452804878048783,2121.55,138.28571428571428
2025-07-15,3179.05,2617,75027,208,9,0.5788081345055912,星期二,7,0,正常,0.03488077625388194,1.2147688192586932,15.283894230769231,2249.4957142857143,146.42857142857142
2025-07-16,2883.63,2313,71412,177,10,0.5840659169172189,星期三,7,0,正常,0.03238951436733322,1.2467055771725033,16.291694915254237,2341.617142857143,150.71428571428572
2025-07-17,2859.0,2408,67819,166,10,0.583637635536901,星期四,7,0,正常,0.035506274052993995,1.1872923588039868,17.22289156626506,2369.901428571429,149.71428571428572
2025-07-18,2696.65,2291,65633,186,10,0.5529972373129624,星期五,7,0,正常,0.034906220955921566,1.1770624181580096,14.498118279569892,2379.9,148.71428571428572
2025-07-19,2636.4,2040,63604,158,11,0.5290206341981489,星期六,7,1,正常,0.032073454499717,1.2923529411764707,16.68607594936709,2407.1571428571433,140.57142857142858
2025-07-20,1231.45,935,28939,71,10,0.5440172154776889,星期日,7,1,正常,0.03230934033657003,1.3170588235294118,17.3443661971831,2602.4585714285713,152.42857142857142
2025-07-21,1173.1200000000001,863,28459,75,10,0.5118316966721222,星期一,7,0,正常,0.03032432622369022,1.359351100811124,15.641600000000002,2682.682857142857,165.28571428571428
2025-07-22,3369.8499999999995,1842,40510,151,10,0.7753223437244982,星期二,7,0,正常,0.04547025425820785,1.8294516829533114,22.31688741721854,2927.13,177.42857142857142
2025-07-23,4250.74,3069,81753,260,10,0.6697516197179786,星期三,7,0,正常,0.03753990679241129,1.3850570218312153,16.349,3036.2499999999995,185.14285714285714
2025-07-24,3420.5699999999997,3455,107659,256,10,0.4941018602162798,星期四,7,0,正常,0.0320920684754642,0.9900347322720694,13.361601562499999,2992.7971428571427,183.42857142857142
2025-07-25,4407.78,3991,121846,271,12,0.6238446564937452,星期五,7,0,正常,0.0327544605485613,1.10442996742671,16.264870848708487,2917.454285714285,177.85714285714286
2025-07-26,3400.24,3129,95988,212,10,0.5988989012540292,星期六,7,1,正常,0.03259782472809101,1.0866858421220837,16.0388679245283,2901.058571428571,185.14285714285714
2025-07-27,927.2800000000001,820,33219,59,10,0.5388124406867396,星期日,7,1,正常,0.02468466841265541,1.130829268292683,15.716610169491528,2862.932857142857,179.14285714285714
2025-07-28,645.72,606,29438,36,11,0.5133339527968779,星期一,7,0,正常,0.020585637611250766,1.0655445544554456,17.936666666666667,3087.845714285714,190.57142857142858
2025-07-29,3255.08,2911,91382,202,11,0.6389919756196468,星期二,7,0,正常,0.03185528878772625,1.1181999312950877,16.114257425742572,3275.7157142857145,200.85714285714286
2025-07-30,3983.8599999999997,3993,134338,218,12,0.6607159890156783,星期三,7,0,正常,0.02972353317750748,0.9977109942399198,18.2745871559633,3577.944285714286,215.57142857142858
2025-07-31,4994.96,5890,218922,336,12,0.6083091756490543,星期四,7,0,正常,0.02690455961483999,0.8480407470288625,14.86595238095238,3791.511428571429,232.28571428571428
2025-08-01,5722.87,6942,239157,343,11,0.549283838353833,星期五,8,0,正常,0.02902695718711976,0.8243834629789686,16.68475218658892,4037.02,254.14285714285714
2025-08-02,5515.84,6480,234560,315,12,0.5555219150664269,星期六,8,1,正常,0.02762619372442019,0.8512098765432099,17.510603174603176,4219.238571428571,265.0
2025-08-03,2422.25,2003,72084,176,11,0.7650242543090102,星期日,8,1,正常,0.027787026247156097,1.2093110334498252,13.762784090909092,4407.261428571428,277.14285714285717
2025-08-04,2364.28,1912,66706,189,11,0.7747813287766253,星期一,8,0,正常,0.028663088777621203,1.2365481171548118,12.50941798941799,4508.5257142857145,271.7142857142857
2025-08-05,4530.61,3797,116340,278,11,0.6838041676507138,星期二,8,0,正常,0.032637098160563864,1.1932077956281273,16.297158273381292,4537.272857142857,261.2857142857143
2025-08-06,5300.0199999999995,4827,133820,303,12,0.6425768204648286,星期三,8,0,正常,0.03607084142878494,1.0979946136316552,17.49181518151815,4540.92,256.0
2025-08-07,5703.81,4919,139690,298,11,0.652528748327872,星期四,8,0,正常,0.035213687450783876,1.1595466558243546,19.14030201342282,4416.827142857143,249.71428571428572
2025-08-08,5924.1,4932,153908,270,12,0.6499940919295758,星期五,8,0,正常,0.032045117862619224,1.2011557177615573,21.941111111111113,4263.048571428571,235.85714285714286
2025-08-09,5541.37,4311,131835,278,11,0.5758864685086901,星期六,8,1,正常,0.03269996586642394,1.2854024588262585,19.93298561151079,4306.58,234.42857142857142
2025-08-10,1553.6,1787,72831,132,12,0.3013323892893924,星期日,8,1,正常,0.024536255166069394,0.8693900391717962,11.76969696969697,4336.13,234.0
2025-08-11,1287.83,1419,56846,92,11,0.2947982264739911,星期一,8,0,正常,0.024962178517397883,0.9075616631430584,13.998152173913043,4422.977142857143,235.57142857142858
2025-08-12,4835.33,3681,114022,268,11,0.6514157255037402,星期二,8,0,正常,0.0322832435845714,1.3135914153762565,18.042276119402985,4486.4,239.71428571428572
2025-08-13,5506.87,3735,115012,300,12,0.6894933056345982,星期三,8,0,正常,0.03247487218725002,1.47439625167336,18.356233333333332,4558.485714285714,241.57142857142858
2025-08-14,6311.74,3937,117778,309,12,0.6886753890369375,星期四,8,0,正常,0.03342729542019732,1.6031851663703327,20.426343042071196,4661.5542857142855,240.14285714285714
2025-08-15,6368.06,3781,109556,299,10,0.7157391733118091,星期五,8,0,正常,0.03451203037715871,1.6842263951335628,21.297859531772577,4675.589999999999,237.42857142857142
2025-08-16,6045.969999999999,3667,112725,291,10,0.7185480576317779,星期六,8,1,正常,0.03253049456642271,1.6487510226343058,20.77652920962199,5153.2585714285715,252.71428571428572
2025-08-17,2275.08,1386,54676,122,10,0.6198375441742708,星期日,8,1,正常,0.025349330602092327,1.6414718614718615,18.648196721311475,5652.184285714286,260.42857142857144
2025-08-18,1386.08,746,36381,73,11,0.6836185501558352,星期一,8,0,正常,0.020505208762815755,1.8580160857908847,18.987397260273973,6118.39,270.7142857142857
2025-08-19,8179.01,4160,133126,375,10,0.7572138926349277,星期二,8,0,正常,0.031248591559875607,1.9661081730769232,21.810693333333333,6430.332857142857,274.2857142857143
2025-08-20,8999.35,4708,163890,354,10,0.7486996283064888,星期三,8,0,正常,0.028726584904509123,1.9115016992353442,25.421892655367234,6840.365714285714,278.85714285714283
2025-08-21,9575.18,5461,167017,381,11,0.7383683648766917,星期四,8,0,正常,0.03269727033775005,1.7533748397729354,25.131706036745406,6925.205714285715,285.7142857142857
2025-08-22,8551.66,4674,151421,324,11,0.7481038769081091,星期五,8,0,正常,0.030867581114904803,1.8296234488660676,26.394012345679013,7105.802857142858,298.85714285714283
2025-08-23,8916.199999999999,4202,108551,323,11,0.7937921984702003,星期六,8,1,正常,0.03870991515508839,2.1218943360304614,27.604334365325073,7178.407142857142,296.85714285714283
2025-08-24,2868.96,3179,122359,170,10,0.3868021861580503,星期日,8,1,正常,0.025980924983041706,0.9024724756212645,16.87623529411765,7151.5542857142855,296.85714285714283
2025-08-25,2650.2599999999998,2780,94155,165,10,0.35451616067857494,星期一,8,0,正常,0.029525781955286497,0.9533309352517985,16.062181818181816,6698.085714285714,285.57142857142856
2025-08-26,8687.24,5393,201336,361,10,0.677574235315244,星期二,8,0,正常,0.026786069058687963,1.610836269237901,24.064376731301937,6269.934285714286,279.14285714285717
2025-08-27,8811.380000000001,6141,294615,354,10,0.6223690273260261,星期三,8,0,正常,0.020844152538058144,1.4348444878684254,24.890903954802262,5790.757142857142,274.0
2025-08-28,6400.9,5355,257401,302,11,0.5309831429955163,星期四,8,0,正常,0.020804114980128283,1.19531279178338,21.19503311258278,5631.754285714285,266.7142857142857
2025-08-29,5554.6,4943,254303,279,9,0.5716325207935765,星期五,8,0,正常,0.019437442735634265,1.1237305280194214,19.908960573476705,5393.175714285714,252.85714285714286
2025-08-30,5561.959999999999,4830,185565,287,10,0.585538191572755,星期六,8,1,正常,0.02602861530999919,1.1515445134575568,19.379651567944247,4903.308571428571,251.0
2025-08-31,1755.94,1738,85412,119,11,0.5427463352961946,星期日,8,1,正常,0.020348428792207184,1.0103222094361335,14.755798319327731,4351.518571428572,242.42857142857142
2025-09-01,980.21,867,41831,68,9,0.6726619805959947,星期一,9,0,正常,0.020726255647725372,1.1305767012687429,14.414852941176472,4078.182857142857,237.57142857142858
2025-09-02,5258.17,4158,114918,348,9,0.6271668660389451,星期二,9,0,正常,0.03618232130736699,1.2645911495911497,15.109683908045977,4143.127142857143,244.14285714285714
2025-09-03,4948.85,4732,145730,294,11,0.578493993554058,星期三,9,0,正常,0.03247100802854594,1.04582628909552,16.8328231292517,4169.125714285715,251.0
2025-09-04,4487.55,3276,95476,268,10,0.6932602422257134,星期四,9,0,正常,0.034312287904813776,1.3698260073260073,16.744589552238807,4187.825714285714,251.57142857142858
2025-09-05,6009.21,2857,67874,325,10,0.8640553417171308,星期五,9,0,正常,0.0420927011816012,2.1033286664333217,18.489876923076924,4310.217142857143,258.85714285714283
2025-09-06,5743.949999999999,2855,70056,335,10,0.8415706961237477,星期六,9,1,正常,0.04075311179627726,2.0118914185639225,17.14611940298507,4413.068571428571,251.57142857142858
2025-09-07,1886.8399999999997,961,35436,123,10,0.8452385999872805,星期日,9,1,正常,0.027119313692290325,1.9634131113423514,15.340162601626014,4531.142857142857,261.42857142857144
2025-09-08,1836.95,909,32914,119,8,0.873485941370206,星期一,9,0,正常,0.02761742723461141,2.0208470847084707,15.43655462184874,4732.6900000000005,272.85714285714283
2025-09-09,5978.129999999999,3256,82146,297,9,0.8125216413828406,星期二,9,0,正常,0.039636744333260296,1.836035012285012,20.128383838383836,4676.621428571429,271.7142857142857
2025-09-10,5775.37,3082,73152,363,10,0.8188843312203373,星期三,9,0,正常,0.042131452318460196,1.87390330953926,15.910110192837465,4618.762857142857,268.0
2025-09-11,5898.38,3124,77209,348,9,0.8128248773392016,星期四,9,0,正常,0.04046160421712495,1.8880857874519847,16.949367816091954,5098.61,290.7142857142857
2025-09-12,5616.7300000000005,2960,77575,317,10,0.8168364867102388,星期五,9,0,正常,0.03815662262326781,1.8975439189189192,17.71839116719243,4912.664285714286,313.57142857142856
2025-09-13,5338.94,2724,76055,309,9,0.8315227367230199,星期六,9,1,正常,0.03581618565511801,1.9599632892804697,17.27812297734628,4118.6,307.14285714285717
2025-09-14,5245.7699999999995,2586,62120,282,9,0.8467298413769572,星期日,9,1,正常,0.04162910495814552,2.0285266821345704,18.602021276595742,3355.4314285714286,293.14285714285717
2025-09-15,535.33,533,28473,279,9,0.5684531036930491,星期一,9,0,正常,0.018719488638359146,1.0043714821763603,1.918745519713262,3230.595714285714,285.85714285714283
2025-09-16,419.68,440,27382,252,9,0.5757720167746855,星期二,9,0,正常,0.016068950405375794,0.9538181818181818,1.6653968253968254,3145.607142857142,286.57142857142856
2025-09-17,433.19000000000005,476,29440,265,9,0.5513746854728871,星期三,9,0,正常,0.016168478260869566,0.9100630252100842,1.634679245283019,3097.5899999999997,294.85714285714283
2025-09-18,5024.53,2748,69123,297,10,0.8223236800257935,星期四,9,0,正常,0.039755218957510524,1.8284315866084424,16.917609427609428,2598.817142857143,274.7142857142857
2025-09-19,5021.8099999999995,2595,61100,322,9,0.8372061069614343,星期五,9,0,正常,0.042471358428805235,1.9351868978805393,15.595683229813663,2798.4399999999996,258.7142857142857
2025-09-20,5002.82,2649,66307,367,9,0.8347671913041045,星期六,9,1,正常,0.03995053312621594,1.8885692714231785,13.631662125340599,3458.1228571428574,265.7142857142857
2025-09-21,1754.3600000000001,997,38642,141,9,0.8243405002394035,星期日,9,1,正常,0.025800941980228767,1.7596389167502509,12.4422695035461,4111.024285714286,277.14285714285717
2025-09-22,1932.6899999999998,1032,39398,167,9,0.8478338481598188,星期一,9,0,正常,0.02619422305700797,1.8727616279069765,11.572994011976046,4107.661428571429,288.85714285714283
2025-09-23,5037.46,2490,56124,301,10,0.8574202078031389,星期二,9,0,正常,0.044366046611075474,2.0230763052208833,16.735747508305646,4082.5214285714287,291.42857142857144
2025-09-24,5003.499999999999,2932,80728,345,9,0.8252982911961628,星期三,9,0,正常,0.03631949261718363,1.7065143246930419,14.502898550724636,3987.7671428571425,281.85714285714283
2025-09-25,5000.990000000001,3057,79326,379,9,0.8240068466443644,星期四,9,0,正常,0.0385371757053173,1.635914295060517,13.195224274406334,3975.7457142857143,281.7142857142857
2025-09-26,4845.83,2868,74449,340,9,0.8213309175105195,星期五,9,0,正常,0.03852301575575226,1.6896199442119944,14.252441176470589,4129.878571428571,290.2857142857143
2025-09-27,4339.54,2551,67502,300,9,0.8269793572590644,星期六,9,1,正常,0.03779147284524903,1.7011132889063112,14.465133333333334,3668.2714285714287,270.2857142857143
2025-09-28,1670.21,1028,34195,140,9,0.8077547134791433,星期日,9,1,补班,0.03006287468928206,1.624717898832685,11.930071428571429,3019.1957142857145,227.71428571428572
2025-09-29,3011.62,1964,50135,227,9,0.7864870069929141,星期一,9,0,正常,0.03917422958013364,1.5334114052953156,13.267048458149779,2362.02,180.0
2025-09-30,1806.21,1640,58300,161,9,0.6637766372680918,星期二,9,0,正常,0.028130360205831904,1.1013475609756098,11.218695652173913,1730.6485714285716,137.28571428571428
2025-10-01,459.97,415,22720,47,9,0.6619562145357306,星期三,10,0,放假,0.018265845070422535,1.1083614457831326,9.786595744680852,1181.6842857142858,101.85714285714286
2025-10-02,400.76,371,19057,45,9,0.6735951691785608,星期四,10,0,放假,0.019467912053313743,1.0802156334231805,8.905777777777777,1017.7957142857142,90.57142857142857
2025-10-03,426.23,389,20066,41,9,0.6544823217511672,星期五,10,0,放假,0.01938602611382438,1.095706940874036,10.395853658536586,687.2785714285714,67.85714285714286
2025-10-04,496.78999999999996,427,21614,52,8,0.6623120433181022,星期六,10,1,放假,0.019755713889145925,1.1634426229508197,9.553653846153846,560.3871428571429,55.714285714285715
2025-10-05,522.99,476,25647,61,10,0.6857110078586589,星期日,10,1,放假,0.018559675595586227,1.098718487394958,8.57360655737705,785.3257142857143,72.14285714285714
2025-10-06,698.0,606,26860,68,9,0.7296991404011461,星期一,10,0,放假,0.022561429635145198,1.1518151815181519,10.264705882352942,1283.9,108.71428571428571
2025-10-07,917.97,843,37653,76,9,0.6373737703846531,星期二,10,0,放假,0.022388654290494782,1.088932384341637,12.078552631578948,1833.512857142857,149.57142857142858
2025-10-08,2034.54,1455,36781,162,9,0.7251270557472451,星期三,10,0,放假,0.03955846768712107,1.3983092783505155,12.55888888888889,2307.0185714285712,180.42857142857142
2025-10-09,3890.78,2596,66097,301,9,0.7437634613110996,星期四,10,0,正常,0.039275610088203704,1.4987596302003083,12.926179401993355,2719.914285714286,204.0
2025-10-10,4273.5199999999995,2855,73714,327,9,0.7555387596173647,星期五,10,0,正常,0.03873077027430339,1.4968546409807353,13.068868501529051,2812.5214285714287,212.42857142857142
2025-10-11,3811.3300000000004,2615,72448,268,9,0.7497618941419399,星期六,10,1,补班,0.036094854240282685,1.457487571701721,14.221380597014926,3308.3299999999995,253.71428571428572
2025-10-12,3413.26,2350,63273,226,5,0.7478334495467676,星期日,10,1,正常,0.037140644508716195,1.4524510638297874,15.102920353982302,3576.9471428571424,275.0
2025-10-13,1346.25,940,34624,127,5,0.7896230269266481,星期一,10,0,正常,0.027148798521256932,1.4321808510638299,10.600393700787402,3586.04,274.2857142857143
2025-10-14,4388.63,3056,77039,365,5,0.7582502967896587,星期二,10,0,正常,0.039668219992471346,1.4360700261780106,12.023643835616438,3611.408571428572,266.7142857142857
2025-10-15,3914.86,2824,74150,311,5,0.7445400346372539,星期三,10,0,正常,0.03808496291301416,1.3862818696883854,12.587974276527332,3702.854285714286,267.42857142857144
2025-10-16,3954.4300000000003,2776,72531,296,5,0.7668311235753319,星期四,10,0,正常,0.0382732900414995,1.424506484149856,13.359560810810812,3406.594285714286,253.0
2025-10-17,4451.1,2525,61254,274,10,0.8090943811642065,星期五,10,0,正常,0.04122179776014628,1.762811881188119,16.244890510948906,3387.381428571429,250.57142857142858
2025-10-18,4451.45,2303,54005,273,9,0.8165923463141224,星期六,10,1,正常,0.04264419961114711,1.9328918801563177,16.305677655677655,3382.5157142857142,238.57142857142858
2025-10-19,1339.44,947,42636,125,10,0.7085573075315057,星期日,10,1,正常,0.022211276855239704,1.414403379091869,10.71552,3458.7714285714287,232.71428571428572
2025-10-20,1211.76,886,36593,110,9,0.6673846306199248,星期一,10,0,正常,0.024212281037356873,1.3676749435665914,11.016,3499.6757142857145,227.71428571428572
2025-10-21,4354.57,2800,84577,281,9,0.7276332680379465,星期二,10,0,正常,0.033105927143313195,1.5552035714285712,15.496690391459074,3501.6857142857143,226.85714285714286
2025-10-22,4448.650000000001,2620,70775,270,10,0.7545008036145796,星期三,10,0,正常,0.03701872129989403,1.6979580152671758,16.476481481481482,3450.042857142857,223.42857142857142
2025-10-23,4240.76,2507,75094,261,10,0.7617738329921995,星期四,10,0,正常,0.03338482435347698,1.691567610690068,16.248122605363985,3472.2085714285718,221.0
2025-10-24,4465.17,2459,65661,268,10,0.8056669734858919,星期五,10,0,正常,0.037449932227654165,1.8158479056527044,16.661082089552238,3490.2914285714287,224.28571428571428
2025-10-25,4089.9500000000003,2447,72717,249,9,0.7634592109927995,星期六,10,1,正常,0.03365100320420259,1.6714139762975073,16.42550200803213,3502.7571428571428,222.57142857142858
2025-10-26,1494.6000000000001,932,39677,108,9,0.7699183728087782,星期日,10,1,正常,0.023489679159210627,1.603648068669528,13.83888888888889,3484.5328571428577,221.0
2025-10-27,1338.34,939,38901,133,9,0.7261981260367321,星期一,10,0,正常,0.0241381969615177,1.4252822151224707,10.062706766917293,3454.772857142857,220.0
2025-10-28,4441.83,2604,71004,269,10,0.7656191254505463,星期二,10,0,正常,0.03667399019773534,1.7057718894009217,16.512379182156135,3413.382857142857,220.14285714285714
2025-10-29,4321.08,2574,80608,259,9,0.7710202079109852,星期三,10,0,正常,0.03193231441048035,1.6787412587412587,16.683706563706565,3385.502857142857,215.14285714285714
2025-10-30,4032.44,2498,79314,254,9,0.7550564918510876,星期四,10,0,正常,0.031495070227198226,1.614267413931145,15.875748031496062,3347.9714285714285,213.14285714285714
2025-10-31,4175.44,2506,77811,269,9,0.7624944915984903,星期五,10,0,正常,0.03220624333320481,1.6661771747805265,15.522081784386616,3331.1471428571426,209.42857142857142
2025-11-01,3894.7900000000004,2341,70239,214,9,0.7528287789585574,星期六,11,1,正常,0.03332906220191062,1.6637291755659975,18.19995327102804,3330.617142857143,217.28571428571428
2025-11-02,1231.8799999999999,778,40225,94,9,0.7573708478098516,星期日,11,1,正常,0.019341205717837165,1.5833933161953726,13.105106382978722,3010.8585714285714,200.14285714285714
2025-11-03,1220.57,810,37374,107,10,0.7683787083084134,星期一,11,0,正常,0.02167282067747632,1.5068765432098765,11.407196261682243,3156.8185714285714,208.42857142857142
2025-11-04,4438.12,2707,82457,324,9,0.7678296215514677,星期二,11,0,正常,0.032829232205877,1.6394975988178795,13.697901234567901,3243.7799999999997,213.85714285714286
2025-11-05,2082.77,1171,40929,139,9,0.8085434301435108,星期三,11,0,正常,0.02861052065772435,1.7786251067463705,14.983956834532375,3308.4614285714283,222.57142857142858
2025-11-06,5054.16,2711,80210,312,9,0.8101524288902607,星期四,11,0,正常,0.03379877820720609,1.8643157506455181,16.19923076923077,3367.332857142857,225.28571428571428
2025-11-07,4784.17,2615,77361,307,10,0.7894284693060657,星期五,11,0,正常,0.033802562014451726,1.8295105162523901,15.583615635179154,3461.59,231.28571428571428
2025-11-08,4347.56,2400,73386,275,10,0.7998325497520448,星期六,11,1,正常,0.032703785463167365,1.8114833333333336,15.809309090909093,3871.2157142857145,241.57142857142858
2025-11-09,1643.98,902,39241,113,9,0.8210318860326767,星期日,11,1,正常,0.022986162432150046,1.8225942350332593,14.548495575221239,4589.4857142857145,276.85714285714283
2025-11-10,1880.37,952,38932,149,8,0.8694990879454576,星期一,11,0,正常,0.024452892222336382,1.9751785714285712,12.619932885906039,4877.285714285715,280.42857142857144
2025-11-11,7305.5,3234,84243,396,10,0.8307261652179865,星期二,11,0,正常,0.038388946262597486,2.2589672232529376,18.44823232323232,5144.038571428572,284.42857142857144
2025-11-12,7110.66,3139,81176,386,10,0.8450031361364486,星期三,11,0,正常,0.03866906474820144,2.265262822554954,18.42139896373057,5364.255714285714,293.57142857142856
2025-11-13,7068.76,3043,83213,337,9,0.8494191343319054,星期四,11,0,正常,0.036568805354932524,2.3229576076240552,20.975548961424334,5453.894285714285,294.85714285714283
2025-11-14,6651.4400000000005,2950,83322,335,9,0.8382230013350492,星期五,11,0,正常,0.03540481505484746,2.254725423728814,19.855044776119403,5477.365714285715,295.85714285714283
2025-11-15,5889.079999999999,2599,72621,339,10,0.8397644453802632,星期六,11,1,正常,0.03578854601286129,2.2659022701038856,17.37191740412979,5051.175714285715,281.14285714285717
2025-11-16,2271.4500000000003,1051,39205,122,9,0.8372185168064451,星期日,11,1,正常,0.02680780512689708,2.1612274024738345,18.618442622950823,5080.909999999999,287.57142857142856
2025-11-17,2044.67,983,42117,156,8,0.8319924486591969,星期一,11,0,正常,0.02333974404634708,2.080030518819939,13.106858974358975,5027.072857142857,293.14285714285717
2025-11-18,4322.17,2674,83732,293,10,0.6950976014363155,星期二,11,0,正常,0.03193522189843787,1.616368735976066,14.751433447098977,4918.627142857143,292.42857142857144
2025-11-19,7318.8,3312,83124,431,10,0.8217330709952452,星期三,11,0,正常,0.03984408834993504,2.2097826086956522,16.980974477958238,4768.694285714286,283.85714285714283
2025-11-20,6691.900000000001,2893,69461,376,9,0.8322778284194324,星期四,11,0,正常,0.04164927081383798,2.3131351538195646,17.797606382978724,4658.599999999999,284.7142857142857
2025-11-21,5892.32,2887,76326,330,9,0.7860876530806202,星期五,11,0,正常,0.037824594502528626,2.040983720124697,17.85551515151515,4539.121428571429,274.42857142857144
2025-11-22,4839.549999999999,2427,68032,279,10,0.7953818020270481,星期六,11,1,正常,0.035674388523047974,1.9940461475072102,17.34605734767025,4669.865714285715,285.42857142857144
2025-11-23,1500.79,873,33592,128,10,0.7225461257071276,星期日,11,1,正常,0.025988330554894024,1.7191179839633448,11.724921875,4473.551428571429,271.57142857142856
2025-11-24,1208.3200000000002,734,34140,84,9,0.7174092955508474,星期一,11,0,正常,0.021499707088459285,1.6462125340599458,14.384761904761907,4217.2,261.7142857142857
2025-11-25,5237.38,2926,79735,370,11,0.7505336637784541,星期二,11,0,正常,0.036696557346209316,1.7899453178400546,14.15508108108108,3869.5514285714285,245.42857142857142
2025-11-26,5944.6,2934,74684,334,10,0.8051525754466239,星期三,11,0,正常,0.03928552300358845,2.0261077027948193,17.79820359281437,3614.235714285714,232.42857142857142
2025-11-27,4897.44,2643,72640,307,10,0.7838646313175863,星期四,11,0,正常,0.03638491189427313,1.8529852440408625,15.95257328990228,3559.8857142857146,226.14285714285714
2025-11-28,3458.78,2430,73017,216,10,0.6803236979513008,星期五,11,0,正常,0.03327992111426106,1.423366255144033,16.012870370370372,3522.8314285714287,227.28571428571428
2025-11-29,3052.34,2061,67403,188,9,0.6930355071846518,星期六,11,1,正常,0.030577274008575284,1.4809995147986414,16.235851063829788,3342.5914285714284,213.57142857142858
2025-11-30,1120.34,785,34455,84,9,0.6575503864898156,星期日,11,1,正常,0.022783340589174285,1.427184713375796,13.33738095238095,3337.6757142857145,217.57142857142858
2025-12-01,948.9399999999999,713,33929,92,9,0.639977237760027,星期一,12,0,正常,0.021014471396150786,1.3309116409537165,10.314565217391303,3509.3957142857143,232.42857142857142
2025-12-02,3975.7,2702,80872,274,9,0.7125311265940589,星期二,12,0,正常,0.033410822039766544,1.4713915618060696,14.50985401459854,3847.285714285714,251.42857142857142
2025-12-03,5910.19,3158,81769,362,9,0.827834638141921,星期三,12,0,正常,0.03862099328596412,1.8714977834072197,16.32649171270718,3982.687142857143,256.14285714285717
2025-12-04,6099.4800000000005,3214,82672,411,9,0.8225110993068262,星期四,12,0,正常,0.03887652409521966,1.89778469197262,14.840583941605841,3953.8342857142857,257.14285714285717
2025-12-05,5824.009999999999,3220,78285,349,9,0.8221963904594944,星期五,12,0,正常,0.04113176215111452,1.808698757763975,16.687707736389683,3947.152857142857,256.42857142857144
2025-12-06,4000.15,2436,66836,221,10,0.7716910615851905,星期六,12,1,正常,0.036447423544197735,1.6420977011494253,18.10022624434389,4100.288571428571,261.2857142857143
2025-12-07,918.37,848,31742,91,10,0.6016529285582063,星期日,12,1,正常,0.02671539285489257,1.0829834905660378,10.091978021978022,4082.934285714286,252.42857142857142
2025-12-08,902.1700000000001,791,33363,87,9,0.6310562310872674,星期一,12,0,正常,0.023708899079818962,1.140543615676359,10.36977011494253,4040.39,246.85714285714286
2025-12-09,5047.65,3018,79885,308,9,0.7710796113042704,星期二,12,0,正常,0.03777930775489766,1.6725149105367791,16.388474025974023,3972.6071428571427,237.57142857142858
2025-12-10,5788.71,3047,78752,300,9,0.8066805903215052,星期三,12,0,正常,0.03869108086143844,1.8998063669182803,19.2957,4122.262857142857,240.28571428571428
2025-12-11,5801.670000000001,3088,77053,372,9,0.8187090958293042,星期四,12,0,正常,0.04007631111053431,1.8787791450777205,15.595887096774197,4113.264285714286,238.71428571428572
2025-12-12,5349.530000000001,3001,76765,284,10,0.7874710488584978,星期五,12,0,正常,0.03909333680713867,1.782582472509164,18.83637323943662,4109.848571428572,238.0
2025-12-13,5047.74,2628,68445,240,9,0.8192379163744568,星期六,12,1,正常,0.038395792241946086,1.9207534246575342,21.032249999999998,4283.202857142857,242.14285714285714
2025-12-14,855.38,736,30284,80,9,0.6455259650681568,星期日,12,1,正常,0.024303262448817857,1.1622010869565218,10.69225,4346.044285714286,247.85714285714286
2025-12-15,878.2600000000001,770,31451,82,9,0.6209778425523192,星期一,12,0,正常,0.024482528377476075,1.1405974025974028,10.71048780487805,4387.17,240.71428571428572
2025-12-16,6261.129999999999,3302,78661,337,9,0.8023296114279691,星期二,12,0,正常,0.041977600081361796,1.8961629315566322,18.57902077151335,4367.427142857143,240.42857142857142
2025-12-17,6228.6,3205,75873,340,10,0.8078910188485373,星期三,12,0,正常,0.042241640636326495,1.9434009360374416,18.319411764705883,4354.331428571429,241.71428571428572
2025-12-18,6089.55,3146,74682,322,9,0.8191294923270193,星期四,12,0,正常,0.04212527784472832,1.9356484424666243,18.91164596273292,4354.317142857143,241.0
2025-12-19,5211.330000000001,2785,70574,282,9,0.8053798166686814,星期五,12,0,正常,0.039462124861847137,1.8712136445242373,18.47989361702128,4349.49,239.28571428571428
2025-12-20,4956.07,2580,64636,249,11,0.8045124463536633,星期六,12,1,正常,0.03991583637601337,1.920957364341085,19.903895582329316,4330.484285714286,236.14285714285714
2025-12-21,855.28,741,25834,75,9,0.6036151903470208,星期日,12,1,正常,0.028683130757915926,1.1542240215924426,11.403733333333333,4306.964285714285,232.42857142857142
2025-12-22,844.47,738,25928,70,9,0.6415503215034282,星期一,12,0,正常,0.028463437210737425,1.1442682926829268,12.063857142857144,4167.872857142857,221.85714285714286
2025-12-23,6128.09,3217,70206,315,9,0.7843063662576757,星期二,12,0,正常,0.04582229439079281,1.9049082996580666,19.45425396825397,4223.2471428571425,223.14285714285714
2025-12-24,6063.96,3102,67984,314,9,0.7994264474040066,星期三,12,0,正常,0.04562838314897623,1.9548549323017408,19.311974522292992,4372.082857142857,226.14285714285714
2025-12-25,5115.91,2921,66784,248,9,0.7873516148642177,星期四,12,0,正常,0.0437380210828941,1.7514241698048614,20.62866935483871,4369.127142857143,226.71428571428572
2025-12-26,5598.95,2947,65736,291,9,0.8261781226837175,星期五,12,0,正常,0.0448308385055373,1.8998812351543943,19.240378006872852,4370.197142857143,226.14285714285714
2025-12-27,5997.92,2763,59163,270,9,0.8362098860938459,星期六,12,1,正常,0.04670148572587597,2.1707998552298227,22.21451851851852,4457.954285714286,224.14285714285714
2025-12-28,834.59,696,25208,79,9,0.692495716459579,星期日,12,1,正常,0.027610282450015868,1.1991235632183908,10.564430379746836,4295.92,209.0
2025-12-29,851.9599999999999,732,26432,66,10,0.6554650453072914,星期一,12,0,正常,0.027693704600484263,1.1638797814207649,12.908484848484846,,
2025-12-30,6742.389999999999,2709,48925,301,9,0.886875425479689,星期二,12,0,正常,0.05537046499744507,2.4888851974898483,22.399966777408636,,
2025-12-31,4929.72,2353,47026,208,9,0.832935744829321,星期三,12,0,正常,0.050036150214774804,2.095078623034424,23.700576923076923,,
