resid_lcpc,resid_lctr,resid_pos
0.2693948799312422,-0.49557471168774914,0.0831426966979536
-0.02500567605749776,-0.82900636083078,0.09139426821884067
0.13809656334937304,0.3112451963106131,-0.535489159356572
0.3333434446708197,0.3390231202467797,-0.21433499088428887
0.26010928186447635,0.6459129502837082,0.005086191153613306
-0.1032643225282513,-0.0806892972566845,0.07295768467364949
-0.2550641859786516,-0.1449357870962258,-0.03922449904327863
0.4770806028825229,0.3077007373306144,0.04977261504271935
-0.6236814224960803,-0.33649088661292703,0.3213494708699298
-0.27779331190991796,0.04060728893794341,0.2919361467735597
-0.651481770475856,2.225316552403269,-0.5887822869802473
0.06530502213650377,-0.2972950107332619,0.09032416465888904
0.6171488214340802,0.3683154497298111,0.1147571842409274
-0.06468532909224631,0.09267356480845557,-0.565541988534322
0.4267699837334436,0.14670453386638904,-0.42147896654933037
0.4299266774146755,-0.46836457051633085,-0.13340510366901803
-0.09929473039089604,-0.19433880868409315,0.09794786165817282
-0.4204435387694869,-0.3485605513797303,0.07914961926474318
0.47831538810465735,0.08944515866076763,0.15404198098745603
-0.6645926176087922,-0.3843093726223721,0.1031228068255774
-0.3504239523001668,-0.2967395383443079,0.39690879223119735
-0.32265979142446677,-0.1332635066919381,-0.19401770916393346
-0.4477255803844016,2.0966578469011927,-0.6305057235730538
0.42341968558500487,-0.3523354962644194,0.05510240087605922
-0.03203458751355029,0.3266380089450398,0.22279186830261555
0.6563211204712904,0.05062145324187117,0.00457135940822484
0.34877587900591567,-0.6370472031671857,-0.02603925491071246
-0.08971002593686217,0.02099459523636482,-0.01821756082718462
0.38168562815743917,-1.8880226774366875,-0.003945778358070751
0.46747076887026673,0.2184092339813528,0.07738190796733235
-0.6389783116597562,-0.10735047549000853,0.30661733196930907
-0.12374222310860561,0.03467494166524521,0.02303334483776709
-0.07762686503570854,0.19965134516029348,0.28509587329158936
0.10144181933225083,-1.2300217315241273,-0.29917560770006313
0.014484678398476725,-0.3855283884661276,-0.8502973205027731
0.4289017911993639,-0.49431735989690884,0.08668217641417453
0.3224677907938005,1.008184290405576,0.042249242588324964
0.3089474908754392,-1.267484248011002,0.02186167301623465
-0.019526570440990543,0.39573899006734736,-0.04764056489774671
0.33943296035995096,-1.6647329248196243,-0.09633297143845798
0.46809234935537486,0.7118555939697284,-0.13716888771486024
-0.6132417443235307,-0.002392196336033159,0.046253743163072514
-0.20048221486945705,-0.07874212116483514,0.27769955907963384
-0.11882950273504239,0.35255372936705553,-0.004264730187758747
0.5062513668882819,-0.508676910619406,0.2552702710831203
-0.0645915959341283,-0.1278667716616635,-0.29667916404896655
0.24732403328134156,0.16592192527595007,-0.7869828615441441
0.6267243017101689,0.6866007481419931,0.07964742630706967
0.3627941050287636,0.017904029664322252,-0.004834094507122355
-0.09350648076830675,0.08516274678801539,0.04051883709466475
0.3473943756904764,-1.0893980687842513,-0.13519663611343447
0.4663459582140798,0.48456869913022205,-0.10678419647838666
-0.6007710112894304,-0.33581072963654357,0.0023153489661749127
0.005134068007072168,0.2085849573384091,-0.04229315950500978
-0.07123006230752205,0.003230382442787949,0.27585013249187273
0.28841188626685516,-0.02883098532933115,-0.0007004244759265532
0.15525747059547915,-0.21233654332147944,0.36952902746672045
0.5100113831466546,-0.021111438175193786,-0.09665702133268717
0.0978852724520981,0.2180380843181866,-0.6109921621451364
0.47021268919897163,0.11574577914010664,0.0897805387139452
0.36559608203834093,-0.1399149336505996,-0.06876984122426677
-0.08146421126865516,-0.06791082566219875,0.12796529649028443
-0.21831832655198677,0.3006721414779876,-0.19122234322260745
-0.4384591864317113,1.7900883911575192,-0.013777798821748455
-0.4413260092930928,-0.4782035272410634,0.08245754925729853
-0.03125683769397403,-0.1899111888539755,-0.019056254999282984
-0.17570529081355626,-0.6814843914209705,-0.28194411963501054
0.07343639651633516,-0.08431098130349568,-0.8627522228232998
0.04704310337944245,-0.015208075475032334,0.4194940175366355
0.14431132344181014,0.449177668668407,0.03617135383502079
0.5241757695568476,0.31381932062573625,-0.011530405919361275
0.07720849770757243,0.1082327528743896,0.1017839647925558
-0.06260995282402998,-0.0459400740895306,-0.14502127817610777
-0.22113022559316536,-0.02526874306807514,-0.2778887189237218
0.07581910466776072,1.0858263725452924,-0.10775504504886957
-0.5913733533719605,-0.23604157080824706,-0.03548703266417608
-0.04334580920282738,0.14224225591657946,-0.12738044480434496
-0.1729373737088445,-0.6050328899490789,-0.008614899261417897
0.14326870847851123,0.09799109460590394,-0.022559158109985322
-0.07794589733072987,-0.054286902051846386,-0.4876464304359338
0.332450212864306,-0.058472516655414974,0.3258682819471126
0.121178478794356,0.03463112353498721,-0.11463607772805329
0.6353154563426191,0.14068776841551678,0.06567761912789338
0.26379592198469515,0.012485004425385249,0.10804901067691652
-0.10167314429814511,-0.07827108905925717,-0.24823719916826148
-0.27705206300742985,-0.24258297558752684,0.12490212162198189
0.44556306229926307,0.7853235588217569,-0.09153106258355992
-0.5969583631153024,-0.24491671106603086,-0.05338130410793296
-0.18301764422470979,-0.6453013663528049,-0.11888986829200077
-0.4250219901516634,0.3866531729144933,-0.029033842922947084
0.24606314764779336,-0.025825603923680163,0.036506284947053214
0.30441937160209187,0.2000981028286537,-0.41026774193790283
0.2651497515497333,0.22183709408599706,0.42528234183737723
0.5574508097966522,0.6337158457538514,-0.1892440377820499
0.22061460524892762,-0.7776533229323213,-0.3932981136796818
-0.05304631747332911,-0.2847472390802084,0.10695980652184867
-0.27339380121981666,0.18948604781569411,-0.1840889301811779
0.14691963510425948,0.9489432740663246,0.07393169567620417
-0.24038993250901475,-0.3225155160754132,-0.19086690505771475
-0.08280866697428313,0.7589683149211481,-0.044412892133221415
-0.5829033194212265,-0.7111341601862904,0.02419797307630267
0.34578583429670284,0.2405912901744074,-0.037290342269494126
0.12064526508751389,-0.5898727756608206,-0.03100331950441504
0.11373073701573763,0.7609674844588379,-0.32916016354336497
-0.06708490439310508,0.4601694015695621,0.324619353986479
0.38860374460014685,1.2554461673169022,-0.6175288148510214
0.19833730903009783,0.46750944237244196,0.04245274100690999
0.006249631863365912,-0.0761751802925491,0.1149818008599639
-0.27618826109119476,0.4243183857130126,-0.0006296150292821601
-0.048960777604317385,1.0540610460053705,0.17123802607489136
-0.5834945363938531,-0.5915596842728297,-0.007928077385308985
0.06192533955731283,1.1423096255117526,-0.017704672606348115
-0.2118979026643656,-1.4561818028334201,-0.011377603350578802
-0.1010284087371699,-0.7275519043921674,-0.04993843264619957
0.2695458326809916,0.47639612378001495,-0.11673635412947325
-0.17841614541412862,0.36978761880667577,-0.29035173988612595
0.08254486079898982,0.020910331951207617,0.5422704100050177
-0.28141982062017146,-0.5987285205752158,-0.9795260162481463
0.0015664689629902862,-0.32012521677682987,0.19047721747419422
-0.25467209598861085,0.5265033430723101,0.09422382728307976
0.051556311991019926,1.3768530820855656,0.027670834392895305
-0.5983902551619968,-0.34214208523659995,0.17186167301623456
-0.02380147804228827,0.9275567558082236,0.18390436076482608
-0.13227936924529565,-1.7553866304339412,0.06414562317284522
-0.239342289044206,-0.37180777574719404,0.011001576789960055
-0.15502916015017004,0.3200682904987051,-0.012311742373615875
0.09204215943207089,0.317712443516716,-0.18992111853126348
0.24857331720867848,-0.13772463110171973,-0.6492694961147958
0.2175799648041234,-0.4039102164453712,0.5001417772620576
-0.05757055774446629,0.19261357235978238,-0.9737021109088699
-0.186542611135532,0.2478942883551647,0.16837359168826493
0.06607038853169155,1.2280132518926585,0.09378447667516232
-0.21424333938936335,-0.2571294473371264,-0.28072398661312237
-0.22419797000525177,-0.08583381584359895,0.02697044999789089
-0.23810466877364317,-1.039198468522745,0.02156724755504902
0.057359709492717625,-0.9216811920072532,0.010862862345142776
-0.11220426060168223,0.13212569848142142,0.04488314036270147
-0.07409542479706377,-0.021111438175193786,-0.04892969556729998
-0.08776551952228057,0.24078622184412302,-0.12439100515196433
0.11397236699934205,0.9010684942379159,-0.5154959797817185
0.11879923321751873,-1.4086548259339224,0.19859225018963667
-0.016517618775228782,-0.018234573845868685,-0.1708782801637727
-0.17087209640212966,0.12241220918572848,-0.08490200904183887
0.047093887790202765,0.980290661415403,0.1306295039364449
-0.04377842696902945,-0.2585765688401547,-0.261425618568762
0.2876678140831339,-0.7226873388701778,-0.3541775606525728
-0.25770605797532564,-1.2913158772079938,0.039356922971376385
-0.5238906703235144,-0.5679003735135586,0.03559185119089836
-0.14610000515769056,0.14700252132932645,0.0991997948586043
-0.41961636626247223,0.11059832589014418,-0.0168578852441843
0.006467720599107496,0.4744954766526974,-0.16632417803978594
0.2393145734467082,0.30031097060094414,-0.4629972109406424
0.2934960964507156,-0.9286778207793134,0.17136683483167303
-0.031490600382839296,-0.08620687441574182,-0.1997980339200809
-0.20901065960643955,0.1363969065601478,0.13229016388435477
0.025274592020950268,1.083094035649164,0.13082772672983367
0.13876532977618727,-0.24738407833475273,-0.17865930377025796
0.9083495747740535,-1.1951214817317313,-0.5061495884889391
0.7925977265298505,-1.2005822675975053,-0.05289235612266152
-0.00894116956628127,-0.9821922997652139,0.04968035031572793
-0.1934331806595176,-0.1990053615479508,0.15986833289341984
-0.01805648357997891,0.5595335273955615,0.12996761279561708
0.28646862297545667,0.1144935673246934,-0.21943932512212783
-0.1175825865472565,-0.4339768217793867,-0.5927422727334366
-0.042959803980952393,-0.05325314631069178,0.018940441770853855
-0.1334210604472788,0.18601413950492596,0.264368498930986
0.006699724181510991,1.0460195727456987,-0.1310848978821868
0.18245498857138376,-0.1595012501198827,0.1479713052956093
0.18761512292545918,-1.1055505512974184,-0.2246253057701053
-0.22875976803389125,-1.117732594686128,-0.15009787837801802
-0.05677418426692732,0.34926745230570777,-0.048604031645779866
0.07752241412473343,-0.04642689250868193,0.032925496745986216
0.06680037419201368,0.29760228919387277,0.12360809320213972
0.0685131064666048,0.6193042747440791,0.17557176688365583
-0.10595547081566636,-0.22755007381129577,-0.209839526255855
-0.2157197918352768,0.17870460888079354,-0.6371459896084435
-0.049139510810250836,0.8768500304872555,0.008675887922498404
0.2143277909456307,-0.23348010801146524,0.13522446710257086
0.21239410116629687,-1.1542968027134473,0.14102296663753533
-0.6260800564611122,-1.2877072035684742,-0.11911439104250521
0.17417450071671586,0.1397440846805158,0.11678883853334687
-0.0307915792739534,0.5790306044462912,-0.06505583635542456
-0.0737769351213666,0.5569471716850094,0.046268837322176015
0.14850914234546064,0.8207061219348493,0.17686823275293184
-0.004126750630383369,-0.03809899726158239,0.25921643345684187
-0.24020205112271353,0.496185514319194,-0.16895193033735945
-0.0402240512585513,1.1377283845542494,-0.513976009291722
0.12044046254313467,-0.19180489861597705,-0.0880246947573915
0.8616139929567168,-1.1485144380013823,0.3204504163752384
-0.0750713958659569,-1.4734238774738886,0.13675227340758545
0.0017918516000577644,-0.10455775060233341,0.13031154186717409
0.3101248960811831,0.48700943959310017,-0.10148924665238157
0.2019535428414902,0.17529932325284214,-0.027153711564213978
-0.17642710577035986,0.24924219439399575,0.1143927723879874
0.00520461027347402,0.6270203795088962,0.07757717796891717
0.022271759175884254,-0.03810888186072636,0.18319884085726312
0.1489702459822964,-0.8867587962865917,-0.18382743390886613
0.021387480252335056,-0.8992484138171912,-0.4098679772881413
-0.020739018771428697,-0.3223881444517285,-0.03883611849745483
0.8321068019846344,-0.6914268204022234,0.19188095799061866
-0.4777533124892041,-1.8301963601582631,0.1006465007796713
-0.002436643498838459,-0.14118254763743554,0.23234063267971505
-0.025913126676896048,0.6488501234773003,0.17186167301623456
-0.021946617840716554,-0.16872342311943989,-0.06769404083357555
-0.0020875204408453696,-0.3578191092451046,0.10947385819972455
-0.07786769048462255,0.02541173023700427,0.15318667663635033
-0.12000772007470367,0.09628532431727077,-0.0012176728439634577
-0.10688805258601444,0.6105437673369392,0.2414655994908359
0.4127168950530684,0.12301192777821468,0.2643219257188978
0.7788249013618885,-1.4715118281056636,0.1747451853148667
-0.2401699495900766,-0.5035279852220036,0.10808218858875973
-0.03102872057332831,0.07762360005708624,0.10351455968508017
0.3174998354469502,-1.2470631492199051,0.10265028220373429
0.023304756475042543,-0.13629848762011632,0.14157146867361226
0.0554787880553434,-0.4542824901758191,-0.10312778584605464
0.08954387506872913,0.3249384696188202,0.06004527899411283
-0.10083580253027763,-0.033835514288347746,0.15924665295630236
-0.20487831733067466,0.11844406871761892,0.005569134177193735
-0.14235176265295602,0.1566073294038537,-0.06261608443551214
0.5470277835168713,0.48428046376301337,-0.09066692291440326
0.02769294591464383,0.12550832412218949,-0.06498248647005767
0.06970495660102133,0.2849639774266417,0.20308174758950281
0.30218607005784914,-0.5679500552486485,0.13689324406933734
-0.004831834654825784,0.02102114935817223,0.02188413233975517
-0.0413499263464262,0.3680115497091636,0.23510815363314164
0.06433940348565637,0.3377772931634593,0.0008005732923344056
-0.14687774013046478,-0.12466873207273432,0.11490825339643784
-0.3772807829025885,0.33081200819639056,0.17214905991313278
-0.10289297507627093,0.251681611728785,-0.0019417804623504953
0.41793729166444216,0.3701568528816388,0.014668650135867711
0.6073738271476816,-1.1167299971984241,0.09166313423776451
-0.046995701829380176,-0.18005164513939942,-0.5570806706385385
0.056431821961281436,-0.19423208279529325,-0.04627248967829889
0.29131510011089534,0.475609969274843,0.1238717282527717
0.14786862808316542,-0.08370272458368344,-0.006256269599778541
0.0023096986805452024,-0.12704948653674997,0.2438504115110609
0.07810842010687025,0.11012808776974037,0.04512188848844145
-0.14750853297572297,0.03870958050722595,0.11594488518171975
-0.2717921817015349,0.19659143149007852,0.15201601338272175
-0.11830890865300481,0.469002718933365,0.06706527182091548
0.45505692828276967,0.15748087643888153,-0.01662794060780115
-0.1133061294314347,1.667038170942363,0.06579582884066637
0.06253894488807815,-0.6758132256893425,-0.4074273675878133
0.015354855955912378,-0.09038902055073583,0.21073078018466784
0.36879385077337434,0.2629549340719852,0.15133248188545956
-0.05781602647671258,0.09470350714469244,0.07973904120633568
0.07012631960828597,-0.25132234261619946,0.1728187882886485
0.051122486058331085,0.10581963324738242,0.028642351426795276
-0.09103185445285766,0.1430299316329846,0.10115202922540067
-0.1550207473332062,0.3146103530294728,0.17381093295873207
-0.15400589956413438,0.5910503022158227,0.012573411894098996
0.5274975641722499,0.4553252861235966,-0.07197670069581985
-0.37218228810557397,1.3717796072042947,-0.02335132267878226
-0.076464351860273,-1.4827017619089427,-0.34107137709062707
-0.04508255943429876,-0.11157034360039031,-0.09056943078036817
0.07767924009438587,0.23211183545292347,0.14329057155208647
0.2947942961036792,0.418961428711107,0.2177212963116153
0.031230825823599095,-0.34936513071540487,0.009645981390489666
-0.10884653349304307,0.1917163668192403,0.13760907760251007
-0.31515120472674396,0.6277775455524268,0.07998494776122778
-0.2094986933137193,0.7687647625276091,0.21391555772289328
0.03270101510595258,-0.11067094282925405,0.007567560171992671
0.0965749394564892,0.7663605824870889,-0.07535187835920576
-0.38967155766850153,-1.0406203213058784,-0.03514734679263176
0.12043325640785724,0.49208167732911523,-0.5514485142240635
0.03501496496447609,0.30419033632086245,-0.5890146042008935
0.032273016959903866,0.3064533661542388,0.13835648950239277
0.1078948973754214,0.22279982663293696,0.0166095125663821
-0.12208852846530716,0.27325743362941,0.010523740360605771
-0.1510737972869508,0.8687755398154358,0.09136308946310967
-0.10918504556192682,1.17052419408525,0.08578661441709601
-0.013900622929937323,-0.05904004741084412,0.04073507270575938
-0.27359290231187317,0.4446118737850031,0.037938554428529336
-0.03349023484005703,-1.2894089936814632,-0.08687726775467342
-0.045476439052701934,-0.144035616619842,-0.0202884894474451
0.1978946558141767,-0.1888608705107444,-0.12081522356551933
0.05268477751260281,-0.11987511772495552,-1.030597162691095
0.05614170671808433,0.11233547478995831,0.09878939368646744
-0.14314703961020575,0.02100738500984045,0.08908754430467525
-0.10106766524944238,0.3117064481725982,0.17186167301623456
-0.053066784629585834,0.23547404993353727,0.10845403789182262
0.3309909419546744,0.09770799033479793,0.10996242807728063
-0.35754141739165585,0.21227997828026623,0.07469205298043624
0.18029861859596902,-0.6407792901559004,-0.024682585124665257
0.0786980142554585,-0.17268388019794578,-0.1876669934701849
0.07375247423468206,0.13348069629012338,-0.2920759077020523
0.03539169435723699,-0.2600406056562372,-0.02530232892829387
0.014112912764734198,-0.2744811821932447,0.32716934139310583
-0.1627011846006,-0.12425837658917704,0.09925235903276963
-0.020084357111099738,-0.3104773203713984,0.20248621205673967
-0.3251115191923074,0.45364291227117626,0.07989383709466491
0.35803130808826955,-0.050154021729697185,0.13882587330816154
-0.12658398253822273,1.958362685875067,0.13846096843614664
0.07544846962975515,-0.9445701930934502,0.21416594234218023
-0.043486060023190054,0.2430732881767823,0.027858785791813112
-0.6995763926203428,0.250360268265303,0.022809996556066636
0.10325224147004092,-0.15355443532112734,0.09925012695603241
0.11684971269359073,-0.5326618798549116,-0.15016497770397308
0.02069775032389154,0.33925549003277,0.44891620646821373
-0.1460405538263766,-0.07912832207393072,0.14262807104250896
-0.12772526655488448,-0.33385583809681485,0.16933429003292932
-0.10804027889128937,0.4851029079032849,-0.07371537577862286
0.053937498870696765,-0.25717918639360393,0.10838914012003187
-0.0776812489325513,2.009772507538762,0.10850468922785872
0.02659265482810902,-0.6381237683820054,0.19977761405711325
-0.04978804637045556,-0.031814046199788226,0.040523248435525794
-0.14795018576167723,-0.6117073994483877,0.22636632621697084
-0.12663175956618788,-0.18163610298832733,0.10310884029953815
-0.04663635425831203,0.10340537337486388,0.03734317831259659
-0.18751510798326126,0.0021691572234652234,0.003861200161273448
-0.3013851147911656,-0.23578503016000862,0.15463571351185434
-0.3168558099592754,0.1657214788309087,0.1254332672784373
0.056866735168388916,-0.20383594795421667,0.2438504115110609
-0.02068571513752193,-0.7274564588411803,0.045991298932320124
-0.16513669791943508,1.070918848219351,0.15625218451316325
-0.1426166281691777,-1.9571896537983497,0.12185809643980106
-0.11219523718566848,-0.4202739610555568,0.0672080503387309
-0.050554542451305806,0.2746251685069745,0.23002266145476158
-0.1395741277994469,0.08380818875373719,-0.04460930964925369
-0.25622535014807396,0.013217401232639148,0.096159194894883
-0.4527680207980721,0.35550507914735263,-0.20798477725492504
0.10265423690634767,-0.14079465708114292,0.16108044890777062
-0.30704298593461243,1.4162313697751285,0.10676213925188582
-0.13899484019459857,-0.8692982785832255,0.09990212162198198
-0.08481293782515592,0.2557429985433979,0.2899436328705356
-0.667709050689886,0.1017218555745738,0.1380082952100552
-0.48737397191266196,-0.7220160485714664,0.16793812929181096
-0.08952529208950577,-1.0418217843995237,0.01572858942007227
-0.152999909240157,0.3932621071079101,0.17880959725530232
-0.07735347549000571,-0.012233211102514518,0.1021403012301727
-0.28059312886840426,0.01663107702380273,0.022582214511238874
-0.44891665644711365,0.5190971568887051,0.11397602376508642
-0.1420390870972752,-0.10551100948794012,0.1443095438098081
-0.10318167915956694,1.5395504707205707,-0.22208285115382242
-0.19454504900024777,-0.41905041969885914,0.22393169567620408
-0.3224122320589666,-0.08235404997589368,0.4489695416143378
0.1608716469890322,-0.840366227448361,0.15739819140403366
-0.22136110663577002,-0.6147729223715617,0.22936624230707192
0.026886959661902465,-0.2934950550153137,0.01987750704870983
0.037385494461305124,0.16149879082345164,0.11035321680420784
0.20828785850484824,-0.11982611184790137,0.06827412025285362
-0.047231134029806665,0.013220752981568218,-0.020392134949434926
-0.2560239463693813,0.1280021311460895,0.29132727614098686
-0.3188779409605948,-0.4401108869637902,0.1448535895891938
0.030392437599279926,0.5655423565608206,0.05047858128568139
0.0384742389082364,-0.7442033421530234,0.07123802607489127
-0.3568595795907835,-0.06306935786009138,0.3732650973562528
0.0034309087783742642,0.21416451652998925,0.1540657114560875
0.039808593519152,0.0415213201443283,0.0732525552232417
-0.1400221901968592,0.8266427039770132,0.0006337827337319357
0.020016385899851274,1.1324517580516744,0.10190214741754344
0.09616309429287706,0.16876617175114994,0.08163171632792077
-0.3607485657987452,-0.5521687944494547,0.19210266966826373
-0.03949395092711375,0.18553219138815802,0.1836885515946194
-0.5205095417031811,-0.1906470905284383,0.09165731861313242
-0.09972699144698133,-1.3294285376089765,0.0095786645161553
-0.0032210042985084952,-0.1478463589336707,-0.12437182002273728
0.012505566316676708,-0.05007893513837791,0.2369669531665175
0.03082527121170814,-0.011726835600931573,0.016699592957025278
-0.4184668203229118,0.9091430213989238,-0.007720301847154332
-0.20284847759974006,0.5114376222840211,-0.1329239366788666
0.09034606635378295,-0.19487517968278967,0.09765099367212038
-0.26396950878538866,0.2868308029493729,0.1462439837713947
-0.12276360118786062,-0.14408997833664916,0.06429768504130617
-0.08489450091022872,0.363469428009334,-0.30239748497919994
-0.23665603536502341,-1.031136647667518,-0.03172880163913616
-0.14567459033270383,0.10941231673448026,-0.12531290429617936
0.0005696207928588826,0.18371058454432365,0.09095201072235959
0.01838137743119389,0.24284772526051968,0.24355930627693745
-0.1034443140639073,0.3300998353811244,-0.003893987295318535
-0.1090894164865262,0.7072559501633124,0.03713445061165421
0.08133077517718557,-0.20730490644879263,-0.09063387863283512
-0.1195145133845287,1.261500025803316,-0.5333529061212814
0.05984904980920902,-0.45413675284708965,-0.47996785202079195
-0.027338631450012918,-0.15017256256622113,-0.13098169445695307
-0.24997780467096475,-1.0709952601750246,-0.7358831780436268
-0.16328200741295212,-0.30807697601457207,0.012460770308004854
0.08382030588288453,-1.0233446668394186,-3.987399445648521e-05
-0.03004088002671429,0.2944231448230754,0.026593958839783216
0.04196076172833069,0.18478165362959764,0.271574287032486
0.009690039938740486,-0.0936306305407264,0.05641445001724188
0.34606019013661593,0.21928044259270196,0.13712690964652818
0.33233894743090037,0.11798784445460608,-0.020750870004984767
0.16224887991842574,0.2690410593661152,-0.4147971399476438
0.012158530353161612,-0.13794597913394036,-0.14791742107893002
-0.10021393043593649,-0.026367795161722274,0.10947623119486671
-0.2509628591637242,0.11415779894787637,-0.0010557662670547252
0.03353087401155039,-0.10614813942108814,0.020753802557648804
0.0015432023435657527,0.1835895745084135,-0.027507812577611368
0.12333305178218212,0.18456073835829656,-0.23187026101509156
0.02173078024791955,-0.471093640044832,0.27478929635036975
0.35093976851199604,0.08168373192923273,-0.006767136188643885
0.11724184221302941,1.208136723818201,0.10981613472820317
-0.002339295943284192,-0.7143633606591573,-0.09676435241343939
0.1131518408140775,-0.08627407746531635,-0.24600542820419635
-0.14531298128074616,0.5252932285456393,-0.2343802584522594
0.14505438551404187,-0.22637184605552285,0.11188364371868609
-0.2328517167077092,0.08550572176675653,-0.03755160362723142
0.01847099536289243,-0.02670361609552052,0.027139798467982867
0.0816577640221916,-0.8313672499411977,-0.017891695297092003
-0.04649171764474658,-0.41474899714831626,-0.01442080231129994
0.32001299701993213,0.2106767240849292,0.25464833908184303
0.029196455960375844,0.5324163550688361,0.010979998392128376
0.05774550984973753,-0.40725758919328925,0.10952931157751378
0.09334456208574557,-0.04208622560005093,-0.12295521199815429
-0.1991379698510598,0.08723694544622962,-0.00307398553281768
-0.5663620676320567,-1.7611902660791636,0.14532548771282094
-0.0340314178576101,0.14127312692829808,-0.2066488493547487
0.05773692960958032,-0.035519005387906866,0.405327066880127
-0.06055578153780761,-0.12333017264677792,-0.19473518763395736
0.30299957689872625,0.4340074311390718,0.0035104069967495377
-0.00891796343230189,-0.7086432616701739,0.020777022411488932
-0.09985289650254875,0.26905540087629687,-0.048492273553244924
0.05542379722200966,-0.23828815057160702,0.035916436798336004
-0.12943947150931365,-0.4824043138324061,-0.030993695104786223
-0.02039642730218344,0.007895119239013315,0.0726011709490928
0.02227583586205012,0.2561131846901481,-0.11313042148190533
0.13727673578755445,0.27284344694150864,0.043981297435915945
-0.019821197154427372,0.2021347790778414,0.15447961860842607
0.2753165624339077,0.17402275694537872,-0.18762050092770455
0.007203818476301915,0.17149264319331792,0.4043566409343491
0.044385109636594616,0.5447526184711995,-0.2018099421035977
-0.07324103484520457,-0.05189736268203804,0.01063725374844715
-0.11065520332565121,-0.1869856090100468,0.029354533938861227
0.027931574591591568,0.012437008984769626,-0.058328800297414496
0.04441701562468675,0.21249654653538697,-0.016286596646224005
0.1286953952499713,0.037715891415627034,-0.053098387278833314
0.0030530102285137306,0.05120894276706345,-0.08786712344146608
0.2701753820115437,0.1588974138728112,-0.042615042709337025
0.3314135030086651,-0.21394448496311647,0.0630135105447458
-0.05118346318794126,0.1499105822925655,0.11784778549148545
0.036886414618712435,0.03901274469466509,-0.21881057594259135
0.3121508663468452,-0.2972415180079917,0.3398360109365992
0.10253174942867205,0.3344100812581243,-0.03823461585989829
-0.004595992072798483,-0.16336000135101347,0.11784364213196197
0.07349844533806354,0.12766668739817488,-0.15770515335607094
-0.016718950293837964,-0.13087153998304746,0.12569655511862976
0.16337521249361617,-0.010826317103796335,0.008849179026108711
0.0582741493939381,-0.3428035865162746,0.016986698469602324
0.2354275063451109,0.13103427844613158,-0.04884323300726856
0.05075430229318334,0.5310728090302597,0.04656130413589965
0.016254477681903856,0.4762196201452613,0.09741451919142019
-0.09016752758260171,0.22290751705781764,-0.29884137943811995
-0.19821065947274513,-0.03485007295539155,0.35228661827438
0.03741308704468227,-0.10577923753326335,0.2752422665735952
-0.0007599470945190423,-0.1868979883255093,-0.03300531656657135
0.09828430164537488,0.2268551666994849,0.0786056571261935
-0.0036063490802986653,-0.03926942132183964,-0.07950253473218583
0.27311869532955735,0.2420313442847175,0.002176911606651455
0.15224646125993052,0.6898317912402803,-0.012728240404380475
0.055250303594292005,0.18951921358834456,0.04279488564826961
0.25918581082898107,-0.7304405342718536,-0.11120896779090028
-0.12001865711270468,0.5321341037551388,0.048899187096069774
-0.09530199783141799,-0.06915368531606525,0.10288517135857322
0.004120967508816742,-0.2724449763989516,-0.19965108401261578
0.15413067671875275,0.18473143051540575,0.3585045770584139
0.07736905191522653,-0.5094014215560145,0.0029649259365136515
0.25515276742871074,0.11063714843709915,0.03633255892198184
0.1274097849647397,0.521516589605346,-0.12271954230438142
-0.18565760824226996,-0.47970364206213656,0.08216672959214177
0.07675629872550047,0.3486696928663222,0.00978151826506446
-0.09133439255018858,-0.21175526427269453,-0.0066307766299051885
0.0017956590879850964,0.5019459080904025,-0.052247063507648184
-0.030184509930627823,-0.1717293881457782,0.06465055499145889
0.1780381817135537,-0.4560540363054697,0.12948660945371282
0.09925375563649208,-0.439146781409959,-0.19769229775253505
0.21478461257253767,0.0959951602523943,0.227235550259556
0.16092974608496824,0.5005089994166925,0.007494596477264359
-0.12866197944138918,0.6801028086632295,-0.054186249834349276
0.12818232162856502,0.46037412881256934,0.004527487577778988
-0.3321462131045088,-0.30461799406772183,-0.05568058705191925
-0.15855229256463813,-0.059694209227116435,0.015815369074796415
0.03112642232372348,-0.1451114007795764,0.13884198146287474
0.1283147668987284,-0.5791344519768886,-0.06945545953016441
0.05162248661614591,-0.008705768918315648,0.002933199099454331
0.21736832540289408,0.45566638638738155,0.13934331644273357
0.19943058087249788,0.06391468778872511,-0.1305267040617628
-0.027376338126286037,0.004362846649215157,0.41244839637276876
-2.0341365116966243,0.33790417397575645,-0.01213242583436136
0.20571555793319954,0.30103898332659806,-0.11440595965488454
-0.23491853378573635,0.01695152742585737,0.04988074979513035
0.007678839475870836,-0.7278052297618571,0.06838288718498964
0.011396165087447063,0.2322020233666111,-0.021466086979985644
0.16799648851028134,0.1841895310553996,0.11199391393294578
0.01067087627011562,-0.43371999289039653,-0.08456223242870409
0.2871494405938627,0.46532490264695836,0.046215512548526405
0.15211306693094923,0.6118480045430061,0.10132246870249029
-0.0584480418974546,0.42012805099809913,-0.3075394033386618
0.10715812070028113,0.2406618037314221,0.3935001064836898
-0.2636504029903647,-0.4475073498757318,-0.043571871637098525
-0.05397814375777896,-0.3854935302014555,-0.24318406906051981
-0.08832622549209829,0.019919847232574006,0.09436486930389787
0.12976218216936666,-0.06276808084414576,-0.09788593706401372
0.055456842126368505,-0.5712908213448857,-0.04060200161617322
0.16306840346750928,0.08292509026589912,0.030772336410086254
0.1293450253081349,0.3053942062511634,-0.07626083566982356
-0.08291886641843868,0.44862723634964086,-0.00721538853259851
-0.10953535827814137,0.2515597564782155,0.13887669589541174
-0.026506101708542867,0.28057881295073983,-0.25039871838622174
-0.07234716599070998,-0.9113681315424751,0.39252968053791193
-0.1643967826770264,-0.05376916747153315,-0.03209379767898923
0.09536225925217648,-0.049024625401495214,-0.0583736743421257
0.026890462131679338,-0.3548333489590183,-0.013884355852969765
0.13882567169896265,0.07279762940109569,-0.14658581284852357
0.06730773846364768,0.5082073207532014,-0.03697852639362953
-0.07157891046290499,0.6626729159746012,-0.17533482115120913
-0.03661505384003513,0.2615581773748099,-0.031499721249188095
-0.027602484434750746,0.015277884055699964,0.054212690572393196
-0.015448630092828985,-0.21892189363314474,0.03644234674905089
-0.0884493043100601,-0.10878020906155694,-0.11996112743078235
0.17188128758460583,-0.17821425574166483,-0.08897904730835204
0.027338167445867978,-0.34195373143404684,-0.06456245455403131
0.1381529315786959,0.13348096718328462,0.04229484664392924
0.08537095620011204,0.8092122463704143,-0.11075518538769957
0.005148108326437875,0.23776774360246744,-0.03447948010684643
-0.12787821190829216,-0.31243305238659813,-0.15662915935678168
0.054678132093218396,-0.20444847583657833,-0.04809703859875203
-0.04269493535206928,-0.22142995034897295,0.05675580642661204
-0.05877565930316009,-0.15011614442459664,0.060436951034635644
0.043401020645868316,-0.5572059142139709,-0.17067498449007523
-0.2748988442450291,-0.7720225997569585,-0.06530826904574738
0.14883435531992806,0.06480654349197135,-0.10567829965446496
0.10478283403571398,0.38648798312760846,0.09095201072235959
0.025152128816331235,0.024496306731716544,-0.04482522354252039
0.1441975795210332,0.39413206694307945,0.010329898038373031
-0.06027180060900679,0.5066572900109829,0.07242677323066493
-0.1354775526825328,0.18986162525734773,-0.12867557315054845
-0.00014555606660510145,-0.18842435478332398,0.05326421984831686
0.11699311806918974,-0.17397982759491537,0.12393151412988024
0.06401936407449502,-0.5275958708343387,-0.4238656931821638
0.11805498611398646,0.2562993654807677,-0.03280674478947354
-0.18748217257435845,-0.05471195710754895,-0.08688065828432112
-0.046545374828487765,-0.312303655759103,-0.039619963061744645
0.13671281151229656,0.1666940377122348,0.033397015568190636
-0.04420266856338369,-0.36650008225544717,0.04108332625265554
0.039346841588126014,0.029484015847604184,0.019968171083591724
-0.08465008070358865,0.28723297781128965,-0.06828380329456318
0.12104861322210536,0.9215448705883529,0.08612900218219144
0.11899534154863062,-0.06240070322550384,0.18487005089712882
0.15300517842504302,0.3259322501957622,-0.1737600065792262
0.13124196303686841,0.9593217730293606,-0.01756497765079601
0.08806568982812386,-0.6964082590213896,-0.06992708759926147
0.218575437908244,-0.7984232841432166,0.08487182043287245
0.0458238855555039,-0.6832628203571804,-0.11889426000441983
-0.09860981675477751,-0.21227371495845393,0.009777677429490872
-0.06981470000745121,-0.13553895987033238,0.0762499837836339
0.12533189933781727,0.2057344479745158,-0.06604344869892631
-0.032971003620506645,-0.5254543291235496,0.06987692028778758
-0.2792567106930822,-0.23668896052813615,0.17477979352533923
0.20049246244886104,0.20874161108404365,-0.07895768487293298
0.08129571792380993,-0.1764409704685148,-0.012088006547968266
0.11164504625184354,0.39698816812845905,-0.17555719681490745
-0.16004557724672377,0.7384567782913392,0.041763866678247386
-0.47471056990425653,0.4079402387800384,-0.048657216861633934
-0.009445763485169123,-0.3130811780533409,0.008638791369841137
-0.007115275059916437,-0.8039735570202051,-0.03321326072531905
0.07946438404127673,-0.8896253540482046,-0.06710505192804539
-0.36704676888077026,-0.14944537959086057,0.0878975593151261
-0.21765142603870996,-0.5086087595340762,0.18546469856707715
-0.1330577009011821,-0.96581432817083,-0.10978849423853676
-0.5481222638953763,0.07795950379524008,0.14350010648368983
-0.14691878263360025,0.7581022420577739,-0.04259281374807111
0.03260357309306822,0.24115701428937975,-0.06818231707201283
-0.09950946236405012,-0.3660857008844681,0.09436486930389787
0.1517562086383361,-0.22901122391346007,-0.04654688707140586
-0.6433810189661915,-0.6549033861088596,-0.013411178217000774
-0.34995293565116015,-0.23649273881808464,-0.015148322973083772
-0.007144820242345085,-0.6748022629286599,0.046250287361952136
0.05216684162172455,-0.9320710935323171,0.11145374905446115
0.19214238372728915,0.6353865171431128,0.1919966236920514
-0.26509528354109235,-0.7501820934622883,-0.10966253867684195
-0.5289706997250104,-0.5862576659686876,0.4043566409343491
-0.08685249689380797,0.16316338219135273,0.39252968053791193
0.1022219504793567,-0.10532758037002043,-0.039973979832353734
0.1012344954304886,-0.9306250498851689,0.004169373029114798
-0.29051779926307886,-0.10627072325393483,0.04167119970258559
0.010764675690746794,-0.4289766680083167,0.001354482150594638
-0.01813349106143479,0.09171247684033812,-0.04945829468735141
0.05086993676033949,0.41129710431459143,-0.20471960413383616
0.08435791188916797,0.4406921827463113,0.014278621011566184
0.00574867611320945,-0.144000636841484,0.0652096166540157
0.09306303079913344,-0.8014951672744912,0.10363300825351995
-0.12670131221552852,-0.45062734211541056,-0.13087929076667448
-0.28217631256533915,-0.14704567586217232,0.35166297133303637
0.04547031159557685,-0.6682019353697282,0.3398360109365992
0.007418300409616926,-0.4746251978343965,-0.06425295779136952
0.33415327293249864,0.7656374103501493,-0.01862653248423385
0.11104569279743914,0.9699342765178796,-0.025886971537889103
-0.09381922059736927,-1.6378724863907506,-0.04166418375903502
-0.26055151968854673,0.06942796602718504,-0.06181017533011701
-0.049749325287025636,-0.24884204856962577,-0.13927193651243686
0.01365680208971859,0.00403751307166722,-0.16380137685340013
0.17568463374452473,-0.7729708991735382,-0.09909315810666319
-0.32611746537236114,0.044309766337571777,0.12634837536532428
-0.1114730799105908,-0.39196998119990134,-0.0428101503116225
-0.1134532772340765,-0.25379958445591155,0.12617394359222844
-0.13166281898400772,-0.40371772288670815,-0.0976442597266427
-0.058311892288514154,0.23569344263391212,0.2203639031247424
-0.05379892859140542,0.6059061882444934,4.2919813268760265e-05
-0.0833459003606089,-0.0023746056334370547,-0.0936373731611213
-0.005893135016191486,-0.18894168983533532,0.04072398458069104
0.029998030864436337,-0.8782558930768811,-0.08522995499245178
-0.2694807827662865,0.13416601785356175,-0.023979028846919492
-0.20083153512567525,0.21681629432348437,0.006071051800956351
-0.008053333564400397,-0.28340916265786253,0.17673494173836435
-0.1506012260275949,0.33790374531065037,0.29402854918050103
-0.3938755040015377,0.026922511164226393,-0.016301356645610277
-0.3460070408658902,0.13957236975159937,0.1389113022761106
0.009822715295137396,0.1432997076882253,0.03286773772599183
0.033897619770691334,0.20899126486609632,0.10407757411541585
-0.03125599153435066,-0.431827577402915,0.020653071338379014
-0.3436488720980979,-0.3212466581653022,-0.06549235850028312
0.09417628313370546,-0.21874412144487998,0.25310795109444384
-0.18424657911791786,-0.2469711212743526,0.13064962171523975
-0.031120311350289476,0.3279952966415074,0.1521621212101545
0.026521321640024215,0.11941756988511631,0.09837082108901063
-0.213027272436182,0.2425154823795621,-0.041859880838311714
0.05886879734917788,0.2599216906645412,0.1701296102645684
0.06482584900871496,0.6327353341085176,0.0416099956039111
0.10353070660233121,-0.2174963221281958,0.04815817785799714
-0.039620643700443714,0.015711840495455043,-0.07364577364856517
0.1898731917671222,0.039690376432443664,-0.20139295776522115
-0.04594754059268168,0.17319583682357642,0.15210603010332568
-0.03268543933658136,0.23211018362249858,0.09078500517039512
-0.18253046150435492,-0.007539030943082281,0.1464269274058978
-0.2198334792115609,-0.6943036336924955,0.17813749826413128
0.20220796498864138,0.12374095652923311,-0.03417933052653721
0.06119826635257575,0.4371701793181795,0.16970550898540937
-0.030637049346241563,-0.42400129476881165,-0.07733829428516836
-0.06892656438364686,0.22751174025058818,-0.2043065955475658
0.15292364034849415,0.22031192957614554,0.010187497562623715
-0.055766618387643345,-0.0818704734871516,-0.03333144373273145
-0.03915857768310507,0.410832196725885,0.06934820007501918
-0.12021699427599829,0.5255235076352465,0.08116900498388757
-0.19270462741748523,-0.32256802026012776,0.14371879499713325
0.15747325862292366,0.13741088608893814,0.11269948234765437
0.04354310145227597,0.1961621207750861,-0.05124007170475586
0.001991043513006052,-0.5263575808605312,-0.00865198182446969
-0.06926718140124521,0.2749888047408833,-0.12830872023094608
0.10748073673223202,0.26935009744095506,-0.0031194229942816953
-0.14323974310374848,0.15359611775678994,-0.005575885798259073
0.04939064654975037,0.11980259872815457,-0.22592397306531842
-0.04056312653161896,0.23165001533554275,0.08800587330279508
-0.0812136921537285,-0.2077851214669031,0.05242956824694023
0.16451415021074772,-0.17181427615286782,0.11093515820271138
0.06037004951782193,0.10497546398198754,0.18493216370346888
0.016916360689184756,-0.534103064272732,-0.056160974767798244
-0.08813176171195924,0.116966445108861,-0.17176087197225787
0.017931675198874508,0.5792053265564192,-0.031002389832258892
0.20511593288739924,0.253234300564104,-0.06828537640934185
0.1386423934793249,0.28200377273673105,-0.0657829907034162
0.05581280390246779,-0.05190650925913065,-0.1327819389460716
-0.06470150696266819,0.2398699205182404,0.37796954635882507
0.04291829293205546,0.6869461047218568,0.005071131099868786
0.15699738929687496,0.004968528621834167,0.06505152444369244
0.23102408453544288,-0.5532075887258747,0.13717076774107273
-0.0216915264639983,-0.6185905229786872,-0.1116488283948538
-0.13657147727922392,0.3500146600050167,-0.1047767483675579
-0.07068799175730883,0.3249182068130487,-0.03037874289091569
0.10950933270242214,0.35345233077436133,-0.09105745139313193
0.04735553813386817,0.22030325414818464,-0.09540757544497636
-0.033380487765758415,-0.3288214838225185,-0.3171028944167289
-0.08908037335733743,0.19710266028318824,0.10871796129356937
0.07893769994454164,0.4403689736078231,-0.03583940823488829
0.08612093594580517,-0.8935223750102234,0.04883722924913858
0.1859351203841224,0.23863063765601833,0.20606677395510165
-0.03007385496932291,-0.12938752817885923,-0.11961792826114337
-0.11040879877160437,0.13346033074133068,0.10059671062351949
0.1451592704376255,0.388769592726244,-0.037277134368040254
0.05532355366872482,0.22150973200482937,-0.15413302388759176
0.11553209807556039,0.14518421754952993,-0.0446491992989535
-0.05516561683646165,-0.5625202289043738,-0.1401815214289286
-0.08719134961973529,0.03190769281953809,0.005221382529356555
0.06928825768809593,0.6359038657443357,0.028825789181296635
0.07252556513687841,0.2561533538254799,0.14276543278562892
0.2992136535409068,0.19997793001199637,0.3293595096656241
-0.052203375237523664,0.33281583219758115,-0.06713858607792744
-0.07856909546510586,-0.07144669156364625,-0.017542413499639142
-0.17229575578627798,-0.28030821097024505,0.03286773772599183
0.10033774956014163,-0.04744098097188387,-0.1052495411410801
0.11408081593197705,0.4156373379481315,-0.07461057137487836
0.012168015283544997,-0.26242468862041335,-0.33893956346922716
0.13881872335252388,0.18773925187957596,-0.15544149319167766
0.041583097199754615,0.586482218020226,-0.0968921570705259
0.07953318064415374,-0.12609870916804145,0.10350592665843728
-0.18832313098822184,-0.3905662997501529,0.008025331284648107
0.09034951891364806,-0.0025270920164510713,-0.07283659646669394
0.04623431771637876,0.8072194231280552,-0.10216034273190644
0.10653799761247845,-0.2650448066099682,0.014337268331183761
0.12707503943537263,0.4445930714188302,-0.1167204218032114
0.00392299138917937,-0.7513542121216101,-0.06946387529429865
0.26326845509648167,0.20232716501603054,-0.10764295776522115
0.19135277676465628,0.6358184853477455,-0.12021843851303382
-0.08146098906441752,-0.22804480106816705,-0.028624147144213907
0.2266673579623588,0.9479589671441042,0.14217047220854884
0.32048317820728184,-1.2004790433676833,-0.2205976835557384
0.14256955746686112,-0.32820393341692267,-0.062447322482210854
-0.07139816860288875,0.6943071754581278,-0.12739141857149328
0.07913882598780547,-0.9716445560309787,-0.03503060197747576
0.18060253852156383,-0.011678291283307551,-0.19600478806543054
0.0291932909512648,-0.37122972784159725,-0.14819845092157813
0.031090308629942665,0.0033776692265141683,-0.12422542844526063
0.1607501164746285,1.3174978069373182,-0.12717202611027867
0.05391472989281984,0.3639238342867923,-0.07265391196184501
0.11441570361269784,1.0324484682733548,0.10729298003093479
0.025069716650536783,-1.0049182466733306,-0.22292244576413278
0.0017306069729576823,1.2067780926952678,0.3326534773452825
0.1430803152066088,0.21285630974715175,-0.08645671688622336
0.08063988750366136,-0.1717540942267446,-0.05456211338814665
0.1345743096425432,-0.49019748869613977,-0.04352611153529384
0.0170778804354621,-0.04200853934064641,-0.12702620771914486
0.04628712548689323,1.3806930319438093,-0.09087708342687462
0.0010578786344448282,-0.0777295121791739,-0.08598558664355593
0.08825974118202454,0.018942271099207098,-0.07808104252674264
0.04538513589124604,-0.7920805922258527,-0.013100448705889
0.027428824669997465,0.8925632271449078,0.11444168713114866
0.13042251000045718,0.12457772275354728,-0.1429117860199165
0.11304330793506678,0.5108336491507721,0.3316830513995046
0.062237657343576336,-0.4627517280429565,-0.09530666784029673
0.10100882541446632,-0.08793628757447447,-0.22677075855103523
0.012709768566522228,0.7537710094297134,-0.08327825208950435
-0.024411758935669853,0.29443716692215327,0.055453481310545616
0.29354293469515547,-0.45030609491374474,-0.07530703074964284
0.06780444482357828,0.5824201473368058,-0.14273615330838219
-0.09849938131658972,0.21205346058347896,-0.013366225234052953
-0.030565992294228517,0.3881934758452039,0.03677288206517071
0.16712961013536762,0.25889051949489694,0.06969613460903545
0.15141272772533818,0.5461724465675721,-0.07187238512501226
0.005096941206285899,-0.45655497984815163,-0.12450815530621107
0.16943639952501732,-0.005722202839054447,-0.13452051393018705
0.10684823977946584,0.7879456718616469,0.006118835695920755
-0.05687263104913127,-0.07988381698189917,0.1175971178551003
-0.2106650920762624,-0.49874160821976554,-0.07954238185596996
-0.23323996514443895,-0.0002052690540961244,-0.10011689438173077
-0.365512613801972,-0.3671296676221063,0.9153242796903114
0.03534644223327338,0.4538470852173151,-0.020474789806995908
0.1481118580924331,0.007670446612870974,0.12728510983370667
0.10386686118936034,-0.01104474497936625,-0.133261206192679
0.03555449336443034,-0.39334714495392475,-0.07504179035361114
0.15909661881896076,-0.14501888737603652,-0.08211037589731274
0.06203905496975942,0.7658750195446089,0.008863714242378862
-0.04560499441527026,0.2561533538254799,0.11921834946274679
0.04698889292585526,-0.47447711753579647,-0.06586136448022595
-0.38244506210810036,-0.5277642926625679,-1.1483982327656381
-0.42487978108660673,-0.32258445700512084,0.33977480683792516
-0.03121715752637258,0.0828970878480364,-0.0817244080223376
0.14473600702961736,0.1094056268768433,-0.13710550636039676
0.12540415838611926,-0.08702225427165722,-0.13805257999945386
-0.04522413169549383,-0.4380946113491788,-0.20182223780005026
0.166822613785923,0.11100384459881596,-0.09053483217937952
0.07526915485456098,0.5818035091243656,-0.14706386249528958
-0.02391051463835689,-0.2440128407868567,0.057416050075904224
-0.02136362059903202,-0.38119010412159726,-0.04993676763127697
-0.314443196981158,0.1636157122347619,0.11178920536617865
0.01861586263141901,-0.07956253130853108,-0.15423010598497466
0.18912920360390367,0.18397924075761507,0.3326534773452825
0.1390888531944156,-0.008777193328532995,-0.09892039258702523
0.06526662163023145,-1.0277756088124734,0.01158671336955619
0.10810882515891596,-0.078168523142367,0.02169127976905383
0.1289792272455994,0.5655942204199098,-0.005353182955643909
0.023872053688559478,-0.44535481553428324,-0.018209025998793038
-0.8856150254309677,-1.4578139594301724,-0.06896792360007797
-0.0029753278064853506,0.5616170975763213,0.14005201447280324
-0.003824743770163619,0.9867544307748721,-0.09889506767978862
0.18615882181683294,-0.16979147477380052,0.13496486797430673
0.031109252040944835,-0.4989865938244673,-0.2673678880283079
-0.10127379838087636,-0.45474075665291647,-0.09762601634108847
0.060878222769288004,0.15775852183074868,0.062440330960921386
0.05185816065671689,0.6978575839481929,-0.031002389832258892
0.11905466043834906,-0.13332475713381653,0.06666548354151836
-0.2594961904938926,0.15950817727281397,-0.031044301928338847
-0.18190097541807182,0.423313025065422,-0.11394436759163451
0.06465703401662476,0.874959440862781,0.6784012575048219
0.1863846783961803,0.09392371654378207,0.04435273761045089
0.08355959760699627,-0.6156987797089268,0.12080187507482876
0.03634725854309495,-0.2574139421168704,0.05936305492091032
-0.016773672154937858,0.16072458984057514,-0.18283905587030125
-0.029718588774273635,1.540839909317481,0.10129751262739539
0.04818485854305499,0.289907851538028,-0.03037874289091569
-0.024663829431297066,-0.4128878208298046,-0.10985540535732641
-0.0591990626204755,-0.43871814972353684,-0.035386032618287544
-0.4392952077704223,-0.6410276883511505,-0.10156937534314148
0.006383375259320423,0.5542711538067091,0.018325536979880708
0.16350259236831474,0.4489760005555177,0.020908678961642835
0.13659683562176317,0.2082675885590337,0.1307632005736621
0.1306518490309708,-0.7241561739297149,0.1423729757270502
0.1440216631600909,0.0530911751586669,-0.19602125638938528
0.15999600046059786,0.6677943689921655,-0.004529290752782966
0.055052412418577,-0.20865642251939187,-0.04294606860840311
0.10891504182629894,0.20155419824200926,0.06675979462852322
-0.13212145079473805,0.28822449127940253,-0.027599745455005653
-0.02031483832451203,0.07121608126065482,-0.0900742731142592
0.11260623702071809,0.0925020844827984,-0.013305100830617755
0.15241551139829726,-0.4139096290662012,0.02562323245867093
0.08361539690138978,-1.0417938726714722,0.15791761234177137
0.1518151459260998,-0.1366707150914026,0.05429686652403021
0.044458951759317134,0.7732057111347377,0.31644323242152916
0.021484291785696774,-0.4149833697911398,-0.10223065407048937
0.18490529152956298,0.18422377007942314,-0.03726332227601992
-0.11012204598671449,-0.14775733385097567,0.0034559730201095817
-0.029461535949984408,0.39446799300087854,0.00948272367997438
0.1133127470466373,0.08233628234832113,-0.06797842395773168
0.03336013818082301,-0.3065601647085945,-0.07661095688303243
0.12983306623057245,-0.5389656600653803,-0.12300184406039172
0.10312596958402553,-0.19914550912432105,-0.016289744931663463
0.07125571007468356,0.39786806481563364,0.14636580628454432
0.06081023074287539,-0.0993333844764428,-0.06703071885153378
0.11663483121914409,-0.002247953486573806,0.3428595093564426
0.021181307301953695,0.04296365961409787,0.33103254896000545
0.006030589940388298,-0.18773944234539375,-0.09380189759296087
0.1371706305577579,0.33697424931739905,0.10108267677766936
0.10362878496410033,0.2637077697589101,0.012763841757757355
-0.040191675041042374,-1.052028296834548,-0.010796654074776146
0.12052926599159153,-0.06903941312615913,-0.013302502807707395
0.11953816394481304,0.20815365134706276,-0.07668365543963951
,,-0.1197748671779375
,,0.04625529268632578
,,0.1690419225382045
,,0.029461867672208708
,,0.3516017672343619
,,-0.09039076692325931
,,0.05816812548039918
,,0.022661705714831726
,,0.027887136646166155
,,-0.01722509554250884
,,-0.04523620563749331
,,-0.18539953825759814
,,0.035449902337237216
,,0.13371033687809764
,,0.020967237368268776
,,0.3326534773452825
,,-0.08703151797828701
,,0.030159372427713382
,,-0.032854174776400846
,,0.04414646722350701
,,-0.019065264240430313
,,-0.046029271697580754
,,-0.1721274144620717
,,0.07380715811044558
,,0.13022827724536068
,,-0.03795443346879823
,,0.3316830513995046
,,-0.10366158648309787
,,0.02769873601455286
,,-0.031002389832258892
,,-0.04627130261702517
,,-0.036558542834900454
,,-0.09000657170261928
,,-0.09478021425400618
,,0.0523462286051255
,,0.1090762611978291
,,-0.011618434110106435
,,0.2789893817981923
,,-0.15523602713457896
,,0.12811798847454758
,,-0.03037874289091569
,,0.1314489424687606
,,-0.026712234496982568
,,-0.09721610140474146
,,0.011541911248886594
,,0.009700664241343304
,,0.13234427078658362
,,0.0245237702298593
,,0.27961302873953553
,,-0.20570427993995288
,,-0.007302129259147527
,,0.018278421187515104
,,0.04415611114320139
,,-0.03590970222727208
,,-0.0372245321816167
,,-0.20004748702450859
,,0.01660322551903226
,,0.14882017484109422
,,0.0028354861027102274
,,0.3282701928179659
,,-0.08496829334366796
,,0.022625080296887035
,,-0.052846547988294024
,,0.008898862410780861
,,-0.018558070735346988
,,-0.025856074538845863
,,-0.11887348356199556
,,0.048408029491796345
,,0.1505274978572082
,,0.05303367726514718
,,-1.1571404906435574
,,-0.08993913071515713
,,0.1672905447227122
,,0.0036353120596070987
,,0.08563302695256425
,,-0.0005969546480315557
,,0.022545320830475557
,,-0.14650371451745547
,,0.053274970241387276
,,0.1416253271491481
,,0.07317915488110538
,,0.3516017672343619
,,-0.07107208809569254
,,0.10554574121850235
,,0.003674363942679726
,,0.05094901840370003
,,-0.03733263446935986
,,0.05010172586912143
,,-0.1988090286310944
,,0.025496201656787676
,,0.16052941513167474
,,0.02427491400975379
,,0.3326534773452825
,,-0.07785442681332766
